Age,DistanceFromHome,Education,JobLevel,MonthlyIncome,NumCompaniesWorked,PercentSalaryHike,StockOptionLevel,TotalWorkingYears,TrainingTimesLastYear,YearsAtCompany,YearsSinceLastPromotion,YearsWithCurrManager,EnvironmentSatisfaction,JobSatisfaction,WorkLifeBalance,JobInvolvement,PerformanceRating,avg_work_hours,cluster,BusinessTravel_Non-Travel,BusinessTravel_Travel_Frequently,BusinessTravel_Travel_Rarely,Department_Human Resources,Department_Research & Development,Department_Sales,EducationField_Human Resources,EducationField_Life Sciences,EducationField_Marketing,EducationField_Medical,EducationField_Other,EducationField_Technical Degree,Gender_Female,Gender_Male,JobRole_Healthcare Representative,JobRole_Human Resources,JobRole_Laboratory Technician,JobRole_Manager,JobRole_Manufacturing Director,JobRole_Research Director,JobRole_Research Scientist,JobRole_Sales Executive,JobRole_Sales Representative,MaritalStatus_Divorced,MaritalStatus_Married,MaritalStatus_Single,Attrition
41,1,4,1,52570,1.0,14,0,10.0,2,10,0,8,2.0,3.0,3.0,4,3,7.90969571230982,2,False,False,True,False,False,True,False,True,False,False,False,False,True,False,False,False,False,False,False,True,False,False,False,False,True,False,0
34,1,1,2,26960,3.0,23,0,6.0,3,0,0,0,3.0,4.0,3.0,3,4,7.0848657407407405,0,True,False,False,False,False,True,False,False,True,False,False,False,True,False,False,False,False,False,False,True,False,False,False,False,True,False,0
21,10,2,1,53730,1.0,12,1,1.0,2,1,0,0,3.0,2.0,3.0,3,3,5.978644261545496,2,False,False,True,True,False,False,True,False,False,False,False,False,False,True,False,False,True,False,False,False,False,False,False,False,False,True,1
28,7,3,2,29760,1.0,14,0,1.0,3,1,0,0,1.0,2.0,3.0,3,3,6.281261134552274,2,False,True,False,False,True,False,False,True,False,False,False,False,False,True,False,False,False,True,False,False,False,False,False,True,False,False,1
40,1,4,2,192320,2.0,14,1,11.0,3,1,0,0,1.0,2.0,2.0,3,3,6.066140609636186,2,False,False,True,False,True,False,False,False,False,True,False,False,False,True,False,False,False,False,False,False,True,False,False,True,False,False,0
23,2,4,2,61790,1.0,11,0,1.0,3,1,1,0,4.0,1.0,2.0,3,3,7.9576430615164515,2,False,True,False,False,True,False,False,True,False,False,False,False,True,False,False,False,False,False,True,False,False,False,False,False,True,False,1
41,2,2,1,23870,3.0,17,1,12.0,1,5,1,0,4.0,4.0,3.0,1,3,7.692067510548523,2,False,False,True,False,False,True,False,False,False,True,False,False,False,True,True,False,False,False,False,False,False,False,False,False,True,False,0
31,9,1,1,189470,2.0,12,2,9.0,2,3,1,2,2.0,1.0,1.0,2,3,6.717291962174941,2,False,False,True,False,True,False,False,False,False,True,False,False,True,False,False,False,False,False,False,False,False,False,True,True,False,False,1
49,2,4,1,42270,4.0,18,0,17.0,3,2,2,2,4.0,1.0,2.0,2,3,9.695243498817968,2,False,False,True,False,True,False,False,False,False,True,False,False,False,True,False,False,True,False,False,False,False,False,False,True,False,False,0
27,15,3,1,39860,1.0,12,2,7.0,3,7,0,3,4.0,2.0,2.0,3,3,7.527982580037665,2,False,False,True,False,False,True,False,False,True,False,False,False,False,True,False,False,False,False,False,False,True,False,False,False,False,True,0
31,23,1,1,38670,1.0,11,1,4.0,4,4,2,3,3.0,1.0,4.0,4,3,9.812982456140352,2,True,False,False,False,False,True,False,False,False,True,False,False,False,True,False,False,False,False,False,False,False,True,False,True,False,False,0
29,16,2,4,36460,1.0,14,0,10.0,3,10,8,8,2.0,1.0,3.0,4,3,8.0110807860262,1,False,False,True,False,True,False,False,True,False,False,False,False,True,False,False,False,True,False,False,False,False,False,False,True,False,False,0
27,22,4,1,22060,0.0,14,1,6.0,4,5,0,3,1.0,3.0,2.0,3,3,7.854169071669072,2,False,False,True,False,False,True,False,False,False,True,False,False,False,True,False,False,False,False,False,False,False,False,True,True,False,False,0
34,20,3,3,57440,3.0,19,1,7.0,4,0,0,0,2.0,1.0,3.0,2,3,6.170700431034483,2,False,False,True,False,True,False,False,False,False,True,False,False,True,False,False,False,True,False,False,False,False,False,False,True,False,False,0
35,10,1,1,57650,1.0,14,1,1.0,2,1,0,0,3.0,4.0,3.0,3,3,6.195321576763487,2,False,False,True,False,True,False,False,False,False,True,False,False,False,True,False,False,False,False,False,False,True,False,False,True,False,False,0
49,7,3,3,53240,2.0,19,0,20.0,2,3,1,2,1.0,3.0,2.0,1,3,6.783873905025358,2,False,False,True,False,True,False,False,True,False,False,False,False,False,True,False,False,True,False,False,False,False,False,False,False,True,False,0
29,2,3,1,41570,1.0,17,3,6.0,2,6,1,2,2.0,3.0,2.0,3,3,6.801024229074891,2,False,False,True,False,True,False,False,True,False,False,False,False,True,False,True,False,False,False,False,False,False,False,False,False,True,False,0
37,8,5,2,54670,4.0,12,0,13.0,2,7,6,7,3.0,1.0,3.0,3,3,10.815693863319389,1,False,False,True,False,True,False,False,False,False,False,False,True,False,True,False,False,False,False,True,False,False,False,False,True,False,False,0
30,1,2,1,25060,8.0,22,0,4.0,3,2,2,2,4.0,3.0,2.0,3,4,6.1275962000962005,0,False,False,True,False,False,True,False,False,False,False,False,True,False,True,False,False,True,False,False,False,False,False,False,False,True,False,0
26,1,3,2,24260,1.0,22,0,1.0,3,1,0,0,3.0,4.0,1.0,1,4,8.709504781420764,0,False,False,True,False,False,True,False,False,True,False,False,False,True,False,False,False,False,False,True,False,False,False,False,False,False,True,1
32,4,4,2,188440,1.0,19,0,10.0,3,10,4,7,3.0,4.0,3.0,1,3,7.805346304454234,2,False,True,False,False,False,True,False,True,False,False,False,False,False,True,False,False,False,False,False,False,False,True,False,False,True,False,0
36,1,3,2,53090,3.0,13,0,15.0,5,5,0,1,1.0,2.0,3.0,3,3,9.38468102636535,2,False,False,True,False,True,False,False,False,False,True,False,False,False,True,False,False,False,False,False,False,False,True,False,False,False,True,0
49,6,2,2,107390,2.0,11,3,30.0,3,15,2,12,3.0,3.0,3.0,3,3,8.466084379358438,1,False,False,True,True,False,False,False,True,False,False,False,False,True,False,False,False,False,False,False,False,True,False,False,False,True,False,0
42,4,4,1,89260,1.0,14,0,20.0,4,20,11,6,2.0,3.0,3.0,1,3,6.814167890357317,1,False,False,True,False,True,False,False,True,False,False,False,False,False,True,False,False,False,False,True,False,False,False,False,False,True,False,0
34,1,2,2,86210,1.0,17,1,5.0,1,5,0,0,1.0,3.0,3.0,3,3,6.378502155172414,2,True,False,False,False,False,True,False,True,False,False,False,False,False,True,False,False,False,False,False,False,True,False,False,True,False,False,0
26,2,3,2,48210,6.0,14,2,6.0,2,3,1,2,1.0,1.0,3.0,3,3,8.196520890725436,2,False,True,False,False,False,True,False,True,False,False,False,False,False,True,False,False,False,False,False,False,True,False,False,False,True,False,1
29,5,1,1,62440,1.0,22,0,6.0,3,6,1,3,1.0,4.0,4.0,3,4,6.832889123300516,0,False,True,False,False,True,False,False,False,False,True,False,False,True,False,False,False,False,False,False,False,True,False,False,True,False,False,0
50,5,3,1,54730,1.0,19,1,20.0,2,20,3,8,4.0,3.0,3.0,4,3,9.11023893596987,1,False,False,True,False,False,True,False,False,False,True,False,False,False,True,False,False,True,False,False,False,False,False,False,False,True,False,0
34,4,3,1,12610,2.0,14,1,6.0,6,4,1,2,2.0,3.0,4.0,3,3,6.470389626352016,2,False,False,True,False,False,True,False,False,False,True,False,False,True,False,False,False,False,False,False,False,False,True,False,False,True,False,0
31,28,4,2,25930,0.0,21,0,4.0,2,3,1,2,3.0,1.0,3.0,3,4,8.197051553672317,0,True,False,False,False,True,False,False,False,False,True,False,False,False,True,False,False,False,False,False,False,True,False,False,False,False,True,1
31,2,3,3,21680,0.0,14,1,2.0,2,1,0,0,4.0,1.0,3.0,3,3,6.141918767507002,2,False,False,True,False,True,False,False,True,False,False,False,False,False,True,False,False,True,False,False,False,False,False,False,False,True,False,1
33,1,3,2,51470,7.0,11,0,13.0,2,9,1,7,1.0,1.0,4.0,3,3,7.096989130434782,2,False,False,True,False,False,True,False,True,False,False,False,False,False,True,False,False,False,True,False,False,False,False,False,False,True,False,1
31,29,3,2,25150,1.0,14,0,7.0,3,7,7,7,4.0,3.0,1.0,2,3,6.3646038647343,2,False,True,False,False,True,False,False,True,False,False,False,False,True,False,True,False,False,False,False,False,False,False,False,False,False,True,1
36,7,3,1,92040,6.0,23,1,17.0,2,7,7,7,3.0,3.0,2.0,3,4,7.832184343434343,0,False,False,True,False,True,False,False,True,False,False,False,False,False,True,False,False,False,False,False,False,False,True,False,False,True,False,0
48,2,1,2,28190,1.0,20,0,11.0,2,10,0,8,4.0,4.0,3.0,2,4,7.6162530062530065,0,False,False,True,False,True,False,False,True,False,False,False,False,False,True,False,False,False,False,False,False,True,False,False,False,False,True,0
39,5,4,2,21050,0.0,20,0,19.0,3,18,3,7,3.0,4.0,2.0,3,4,7.636801418439717,0,False,False,True,False,False,True,False,False,True,False,False,False,True,False,False,True,False,False,False,False,False,False,False,True,False,False,0
38,3,4,1,44900,2.0,21,1,10.0,1,5,0,3,2.0,4.0,4.0,3,4,7.62043853427896,0,False,False,True,False,True,False,False,True,False,False,False,False,True,False,False,False,False,False,False,False,False,False,True,True,False,False,0
28,1,4,5,100960,2.0,13,0,6.0,2,4,0,3,3.0,3.0,3.0,3,3,10.514124371284865,2,False,False,True,False,True,False,False,True,False,False,False,False,False,True,False,False,False,False,False,True,False,False,False,False,False,True,1
41,7,3,3,27820,1.0,14,0,10.0,2,10,0,7,2.0,1.0,3.0,2,3,6.624136698939603,2,False,False,True,False,True,False,False,False,False,False,False,True,True,False,False,False,False,False,False,False,True,False,False,False,True,False,0
38,2,5,4,84460,0.0,14,0,7.0,3,6,1,2,4.0,2.0,3.0,2,3,7.958165458937198,2,False,True,False,False,True,False,False,False,False,True,False,False,True,False,False,False,False,False,False,False,False,True,False,False,True,False,0
53,1,2,1,39890,1.0,13,0,5.0,2,4,1,3,4.0,1.0,3.0,3,3,6.132815602836879,2,False,False,True,False,False,True,False,True,False,False,False,False,False,True,False,False,False,True,False,False,False,False,False,True,False,False,0
38,2,4,1,107250,3.0,18,0,11.0,5,7,1,7,2.0,1.0,3.0,2,3,6.590448898265354,2,False,False,True,False,False,True,False,True,False,False,False,False,True,False,False,False,False,False,False,False,True,False,False,True,False,False,0
37,1,5,2,62610,1.0,12,0,10.0,1,10,0,9,1.0,2.0,3.0,3,3,8.30906938584154,2,True,False,False,False,True,False,False,False,False,True,False,False,True,False,False,False,False,False,False,False,True,False,False,False,False,True,0
42,9,4,1,92080,1.0,15,1,24.0,2,24,14,9,2.0,4.0,2.0,4,3,7.821308321308322,1,False,True,False,False,True,False,False,False,False,True,False,False,False,True,False,False,False,False,True,False,False,False,False,True,False,False,0
40,14,4,1,33480,3.0,22,0,7.0,2,4,0,3,2.0,2.0,3.0,1,4,6.070584370677731,0,False,False,True,False,True,False,False,False,False,True,False,False,True,False,False,False,False,False,False,False,True,False,False,False,True,False,0
42,13,4,2,22880,5.0,16,1,8.0,4,2,2,2,2.0,4.0,3.0,2,3,8.008833333333333,2,False,True,False,False,False,True,False,True,False,False,False,False,True,False,False,False,True,False,False,False,False,False,False,False,False,True,0
44,26,1,1,107610,3.0,11,1,24.0,5,20,14,17,4.0,1.0,4.0,2,3,7.881761280931587,1,False,False,True,False,False,True,False,False,True,False,False,False,False,True,False,False,False,False,False,False,False,False,True,False,True,False,0
26,9,3,2,68110,1.0,11,1,8.0,4,8,2,2,3.0,4.0,2.0,3,3,8.687972789115646,2,False,False,True,True,False,False,False,True,False,False,False,False,False,True,False,False,False,False,False,False,True,False,False,False,False,True,0
27,26,4,1,46470,3.0,17,0,8.0,3,6,0,0,4.0,4.0,3.0,4,3,7.352186609686609,2,False,True,False,False,True,False,False,False,False,True,False,False,True,False,False,False,False,False,False,True,False,False,False,False,False,True,0
44,26,3,5,47590,2.0,21,0,9.0,2,4,1,3,4.0,4.0,4.0,3,4,8.498006535947713,0,False,False,True,True,False,False,False,True,False,False,False,False,False,True,True,False,False,False,False,False,False,False,False,False,True,False,0
44,18,4,2,21190,9.0,15,0,24.0,3,20,3,6,2.0,1.0,3.0,3,3,6.190119870908253,1,False,False,True,False,True,False,False,True,False,False,False,False,True,False,False,False,False,False,False,False,False,True,False,False,True,False,1
23,2,4,2,49360,0.0,19,1,5.0,2,4,1,2,1.0,3.0,3.0,2,3,7.679793981481482,2,False,False,True,False,True,False,False,False,False,True,False,False,True,False,False,False,False,True,False,False,False,False,False,False,False,True,0
31,4,1,3,96100,0.0,11,1,6.0,2,5,1,4,3.0,3.0,3.0,2,3,5.9720233196159125,2,True,False,False,False,False,True,False,False,False,True,False,False,True,False,False,False,False,False,False,False,True,False,False,False,True,False,0
45,1,4,1,25800,8.0,17,3,20.0,3,17,0,15,2.0,2.0,1.0,3,3,6.843852157943067,1,False,False,True,False,False,True,False,False,False,False,False,True,False,True,False,False,False,False,False,False,True,False,False,True,False,False,0
42,10,3,2,66510,0.0,20,0,10.0,5,9,4,2,3.0,2.0,3.0,2,4,6.884506172839506,0,False,False,True,False,True,False,False,False,False,False,False,True,False,True,False,False,True,False,False,False,False,False,False,False,True,False,0
30,1,3,3,103060,5.0,13,0,8.0,5,3,2,2,4.0,1.0,3.0,3,3,6.717123842592594,2,False,False,True,False,True,False,False,False,False,True,False,False,True,False,False,False,False,False,False,False,False,True,False,True,False,False,0
48,10,2,1,63470,2.0,12,1,19.0,3,9,7,7,4.0,3.0,3.0,1,3,9.92120792992162,1,False,True,False,False,False,True,False,False,True,False,False,False,False,True,True,False,False,False,False,False,False,False,False,False,True,False,1
24,3,4,1,45080,0.0,11,1,3.0,5,2,2,1,1.0,4.0,3.0,3,3,5.991230822873082,2,False,True,False,False,False,True,False,False,True,False,False,False,False,True,False,False,False,False,False,False,False,True,False,False,True,False,0
28,1,2,1,22310,1.0,12,0,8.0,3,8,7,5,2.0,2.0,3.0,2,3,9.9114412568306,2,False,False,True,False,False,True,False,False,False,False,False,True,True,False,False,False,False,False,False,False,False,True,False,False,True,False,0
27,3,3,1,27830,6.0,16,1,6.0,2,2,2,2,4.0,2.0,1.0,4,3,6.2832463768115945,2,True,False,False,False,True,False,False,False,False,True,False,False,False,True,True,False,False,False,False,False,False,False,False,True,False,False,0
30,8,4,1,191440,0.0,11,0,4.0,3,3,1,2,2.0,2.0,3.0,3,3,7.59495867768595,2,False,True,False,False,True,False,False,False,False,True,False,False,False,True,False,False,False,False,False,False,False,True,False,False,False,True,1
35,5,1,1,51630,2.0,18,2,16.0,4,1,0,0,4.0,1.0,4.0,3,3,7.127432659932661,2,True,False,False,False,True,False,False,False,False,True,False,False,False,True,True,False,False,False,False,False,False,False,False,True,False,False,0
29,3,2,2,68110,0.0,15,1,9.0,2,8,7,7,3.0,4.0,3.0,3,3,8.612993956299395,1,False,True,False,False,False,True,False,False,True,False,False,False,True,False,False,False,True,False,False,False,False,False,False,False,False,True,1
45,18,1,2,58110,0.0,14,0,25.0,4,24,1,7,3.0,4.0,3.0,2,3,6.9312830687830695,1,False,False,True,False,True,False,False,True,False,False,False,False,True,False,False,False,False,False,False,False,False,False,True,False,True,False,0
44,26,2,2,76390,1.0,14,0,8.0,6,8,7,1,2.0,1.0,3.0,3,3,9.783470402717128,2,False,False,True,False,True,False,False,True,False,False,False,False,False,True,False,False,False,False,True,False,False,False,False,False,True,False,0
25,26,3,1,88530,1.0,22,1,2.0,3,2,2,1,4.0,4.0,3.0,3,4,7.701500691562932,0,False,False,True,False,True,False,False,False,False,False,False,True,False,True,False,False,True,False,False,False,False,False,False,False,True,False,0
37,22,3,2,174440,1.0,14,0,8.0,4,8,7,7,2.0,2.0,1.0,3,3,8.02535265700483,1,False,False,True,False,True,False,False,True,False,False,False,False,True,False,True,False,False,False,False,False,False,False,False,False,True,False,0
39,29,2,2,38750,3.0,15,0,13.0,3,6,0,5,3.0,3.0,3.0,3,3,6.585826055312955,2,True,False,False,False,True,False,False,True,False,False,False,False,False,True,False,False,False,False,False,False,False,True,False,False,True,False,0
38,4,2,1,44440,1.0,13,0,20.0,2,20,0,7,4.0,2.0,3.0,3,3,10.808027326106597,1,False,True,False,False,True,False,False,False,False,True,False,False,True,False,False,False,False,True,False,False,False,False,False,True,False,False,0
29,23,4,2,45370,6.0,18,1,5.0,5,1,0,0,3.0,3.0,2.0,4,3,7.811518759018758,2,False,False,True,False,True,False,False,True,False,False,False,False,True,False,True,False,False,False,False,False,False,False,False,False,True,False,0
53,8,2,2,120610,2.0,20,1,30.0,2,15,6,12,3.0,2.0,3.0,4,4,7.780307621671259,1,False,True,False,False,False,True,False,False,False,True,False,False,False,True,False,False,False,False,False,False,True,False,False,False,True,False,0
44,23,2,1,195860,4.0,16,0,17.0,3,3,1,2,2.0,2.0,4.0,2,3,6.732844078646548,2,True,False,False,False,True,False,False,False,False,True,False,False,True,False,False,False,False,False,False,False,True,False,False,False,True,False,0
32,9,3,2,191900,3.0,17,1,8.0,2,4,0,3,1.0,3.0,3.0,3,3,10.220263593380617,2,False,True,False,False,True,False,False,True,False,False,False,False,False,True,False,False,True,False,False,False,False,False,False,False,False,True,1
50,20,2,5,154020,4.0,21,0,25.0,3,3,1,2,4.0,1.0,3.0,2,4,10.389254385964913,0,False,False,True,False,True,False,False,False,False,True,False,False,True,False,False,False,True,False,False,False,False,False,False,False,True,False,0
26,1,4,2,104470,1.0,18,0,6.0,3,6,1,4,3.0,2.0,1.0,3,3,7.601738128169663,2,False,True,False,False,True,False,False,False,False,False,True,False,False,True,False,False,True,False,False,False,False,False,False,True,False,False,0
52,1,1,2,50060,3.0,16,1,31.0,2,9,0,0,3.0,4.0,3.0,3,3,7.587263418079097,2,False,True,False,False,True,False,False,True,False,False,False,False,False,True,False,False,True,False,False,False,False,False,False,False,True,False,0
39,26,4,1,30670,1.0,20,1,21.0,5,21,1,6,2.0,3.0,3.0,1,4,9.0159489747258,0,False,True,False,False,True,False,False,False,False,False,False,True,True,False,False,False,False,False,False,False,False,True,False,True,False,False,0
55,1,4,1,67990,3.0,11,0,12.0,2,10,0,8,2.0,4.0,3.0,3,3,9.400733867054829,1,False,False,True,False,True,False,False,False,False,False,True,False,True,False,False,False,False,False,False,False,True,False,False,False,True,False,0
28,2,2,3,28580,1.0,12,0,7.0,2,7,0,7,2.0,4.0,3.0,2,3,7.085450354609929,2,False,False,True,False,True,False,False,False,False,True,False,False,False,True,False,False,False,True,False,False,False,False,False,False,False,True,0
25,6,2,4,20450,3.0,19,0,7.0,3,3,1,2,4.0,4.0,2.0,3,3,6.359668495656151,2,False,False,True,False,True,False,False,False,False,True,False,False,True,False,False,False,False,False,False,False,True,False,False,False,True,False,0
58,8,4,2,29720,0.0,14,0,38.0,2,37,1,8,4.0,3.0,2.0,4,3,7.103534836065574,1,False,False,True,False,True,False,False,True,False,False,False,False,False,True,False,False,False,False,False,False,False,True,False,False,False,True,0
25,25,2,2,37020,0.0,20,0,5.0,4,4,1,2,1.0,3.0,3.0,3,4,7.696410608139003,0,False,False,True,False,True,False,False,True,False,False,False,False,False,True,False,False,False,False,False,False,False,True,False,False,True,False,0
43,26,1,1,135490,3.0,11,2,7.0,3,2,2,2,4.0,4.0,3.0,3,3,7.097786016949152,2,False,True,False,False,True,False,False,True,False,False,False,False,False,True,False,False,True,False,False,False,False,False,False,False,True,False,0
42,1,3,1,23720,3.0,12,1,14.0,3,0,0,0,2.0,4.0,3.0,3,3,8.703656028368794,2,False,False,True,False,False,True,False,True,False,False,False,False,True,False,False,False,False,False,False,False,False,True,False,True,False,False,0
34,18,1,1,27030,1.0,21,1,9.0,2,8,7,7,4.0,2.0,4.0,3,4,6.820739942528735,0,False,False,True,False,True,False,False,False,False,True,False,False,False,True,True,False,False,False,False,False,False,False,False,False,False,True,0
34,10,3,3,41480,1.0,11,0,11.0,3,11,7,9,4.0,2.0,3.0,3,3,7.7068788745827375,1,False,False,True,False,True,False,False,False,False,True,False,False,False,True,False,False,True,False,False,False,False,False,False,True,False,False,0
28,2,4,3,20750,7.0,18,3,10.0,0,7,3,7,1.0,2.0,3.0,2,3,8.098430373605044,2,False,False,True,False,False,True,False,True,False,False,False,False,False,True,False,False,False,False,False,False,True,False,False,False,False,True,1
28,9,4,1,56730,5.0,14,1,5.0,4,3,2,2,1.0,4.0,2.0,2,3,10.727235717498877,2,False,False,True,False,True,False,False,False,False,True,False,False,False,True,False,False,False,False,False,False,False,True,False,False,True,False,1
36,8,3,3,69620,4.0,12,2,4.0,2,1,0,0,3.0,4.0,3.0,2,3,7.185832136015326,2,False,True,False,False,True,False,False,False,False,False,True,False,True,False,False,False,False,False,False,False,False,True,False,False,True,False,0
54,9,3,1,196130,2.0,17,0,23.0,5,5,4,4,4.0,4.0,3.0,3,3,8.075190748688604,1,True,False,False,False,True,False,False,True,False,False,False,False,False,True,False,False,True,False,False,False,False,False,False,False,False,True,0
38,28,4,1,65830,0.0,12,0,12.0,1,11,2,9,3.0,4.0,3.0,3,3,9.01215419501134,1,False,False,True,False,True,False,False,False,False,True,False,False,False,True,False,False,True,False,False,False,False,False,False,True,False,False,0
45,7,2,1,56610,3.0,12,0,26.0,2,9,1,1,4.0,4.0,4.0,2,3,7.386112268518519,2,False,False,True,False,True,False,False,False,False,False,True,False,False,True,False,True,False,False,False,False,False,False,False,False,True,False,0
34,6,2,1,43060,0.0,11,0,14.0,2,13,4,9,4.0,1.0,3.0,3,3,7.55042194092827,1,False,True,False,False,True,False,False,True,False,False,False,False,False,True,False,False,False,False,False,True,False,False,False,False,False,True,0
43,7,4,4,24390,0.0,15,0,9.0,2,8,1,7,3.0,4.0,3.0,3,3,7.680348725348725,2,False,True,False,False,True,False,False,False,False,True,False,False,False,True,False,False,False,False,False,False,True,False,False,False,False,True,0
26,18,2,1,108800,1.0,23,1,7.0,5,7,5,7,4.0,4.0,3.0,3,4,7.179538958045182,0,True,False,False,False,True,False,False,False,False,True,False,False,False,True,False,True,False,False,False,False,False,False,False,False,False,True,0
50,25,4,2,32020,2.0,24,1,32.0,2,2,2,2,4.0,1.0,3.0,3,4,7.20008226037196,0,False,True,False,False,True,False,False,True,False,False,False,False,True,False,True,False,False,False,False,False,False,False,False,False,True,False,0
38,8,2,5,49300,9.0,14,0,14.0,0,1,0,0,4.0,3.0,3.0,3,3,6.299181481481481,2,False,False,True,False,False,True,False,False,True,False,False,False,False,True,False,False,False,False,False,False,True,False,False,False,True,False,0
23,2,3,4,45590,1.0,18,1,1.0,2,0,0,0,3.0,1.0,3.0,2,3,7.996996598639455,2,False,False,True,False,False,True,False,False,False,True,False,False,True,False,False,False,False,False,True,False,False,False,False,False,True,False,1
44,2,2,1,34520,4.0,11,1,14.0,2,10,0,2,1.0,4.0,3.0,2,3,8.622644534778681,2,False,True,False,False,False,True,False,False,True,False,False,False,False,True,False,False,True,False,False,False,False,False,False,False,True,False,0
33,9,2,5,12000,0.0,11,1,3.0,3,2,2,2,2.0,4.0,2.0,3,3,7.580263830776384,2,True,False,False,False,False,True,False,False,False,False,False,True,False,True,False,False,False,False,False,False,False,False,True,False,False,True,0
43,1,3,2,29320,5.0,24,0,22.0,3,17,1,9,4.0,4.0,3.0,3,4,9.28738625478927,0,False,False,True,False,False,True,False,False,True,False,False,False,True,False,False,False,False,False,True,False,False,False,False,False,True,False,0
27,2,3,5,45410,1.0,14,2,9.0,4,9,5,8,2.0,3.0,3.0,4,3,7.124595624385447,2,False,False,True,False,False,True,False,True,False,False,False,False,True,False,False,False,False,False,False,False,True,False,False,False,True,False,0
27,6,4,2,37550,1.0,19,0,5.0,2,5,0,3,1.0,3.0,3.0,3,3,7.984060846560848,2,False,False,True,False,True,False,False,True,False,False,False,False,False,True,False,False,True,False,False,False,False,False,False,True,False,False,0
30,25,4,1,53800,7.0,21,1,4.0,0,2,2,2,4.0,3.0,4.0,3,4,10.4232215007215,0,True,False,False,False,False,True,False,False,False,False,True,False,False,True,True,False,False,False,False,False,False,False,False,False,True,False,0
36,2,2,2,114160,6.0,16,0,13.0,2,5,0,4,4.0,1.0,3.0,3,3,6.281566713156672,2,False,False,True,False,True,False,False,False,False,True,False,False,True,False,True,False,False,False,False,False,False,False,False,True,False,False,0
37,1,3,4,54290,1.0,17,1,16.0,3,16,6,8,3.0,4.0,3.0,3,3,9.417802185030215,1,False,False,True,False,True,False,False,True,False,False,False,False,True,False,False,False,False,False,False,False,False,True,False,False,True,False,0
30,17,4,2,64300,1.0,12,1,12.0,2,11,5,8,3.0,3.0,3.0,2,3,7.985305907172996,1,True,False,False,False,True,False,False,True,False,False,False,False,False,True,True,False,False,False,False,False,False,False,False,False,False,True,0
29,10,2,2,15550,1.0,19,2,10.0,2,10,1,9,2.0,4.0,2.0,3,3,6.695554331864905,2,False,False,True,False,False,True,False,True,False,False,False,False,True,False,False,False,False,False,False,False,True,False,False,False,True,False,1
35,10,1,1,57650,1.0,14,1,1.0,2,1,0,0,3.0,4.0,3.0,3,3,6.1866900093370685,2,False,False,True,False,True,False,False,False,False,True,False,False,False,True,False,False,False,False,False,False,True,False,False,True,False,False,0
34,28,3,1,107930,0.0,11,3,3.0,1,2,1,2,2.0,4.0,3.0,2,3,7.589471982758622,2,False,False,True,False,True,False,False,False,False,False,False,True,False,True,False,False,True,False,False,False,False,False,False,True,False,False,0
37,2,4,2,61720,0.0,11,0,6.0,1,5,4,3,4.0,1.0,2.0,3,3,9.45522633744856,2,False,False,True,False,False,True,False,False,False,False,False,True,False,True,False,False,False,False,True,False,False,False,False,True,False,False,0
34,1,1,2,24760,1.0,19,0,6.0,2,6,1,3,2.0,3.0,2.0,3,3,7.086783816425121,2,False,False,True,False,False,True,False,False,True,False,False,False,True,False,False,False,True,False,False,False,False,False,False,False,True,False,0
29,3,3,2,48050,2.0,16,1,9.0,2,7,1,7,4.0,4.0,2.0,3,3,6.917482492997198,2,False,False,True,False,True,False,False,False,False,False,False,True,True,False,True,False,False,False,False,False,False,False,False,True,False,False,0
27,2,3,1,39040,1.0,15,0,7.0,2,7,0,7,4.0,4.0,3.0,3,3,7.9143746993747,2,False,False,True,False,False,True,False,True,False,False,False,False,True,False,False,False,False,True,False,False,False,False,False,False,False,True,0
35,15,2,2,54060,0.0,12,1,6.0,2,5,4,3,4.0,3.0,3.0,3,3,6.487327986982799,2,False,False,True,False,True,False,False,False,False,True,False,False,True,False,False,False,True,False,False,False,False,False,False,False,False,True,0
22,7,3,2,37850,5.0,13,2,4.0,2,2,1,2,3.0,3.0,3.0,3,3,6.419389838556505,2,False,True,False,False,True,False,False,False,False,True,False,False,True,False,False,False,True,False,False,False,False,False,False,False,False,True,1
51,1,3,1,20730,3.0,14,1,23.0,4,13,12,8,1.0,1.0,2.0,3,3,7.4895734542073455,1,False,True,False,False,True,False,False,True,False,False,False,False,True,False,False,False,False,False,False,False,False,True,False,False,False,True,0
47,4,3,2,59060,4.0,23,0,21.0,4,3,1,1,4.0,3.0,3.0,4,4,6.50920269642027,0,False,False,True,False,True,False,False,True,False,False,False,False,True,False,True,False,False,False,False,False,False,False,False,False,True,False,0
45,29,2,2,29730,1.0,12,0,10.0,2,10,1,4,3.0,1.0,3.0,3,3,8.913924619640389,2,False,False,True,False,False,True,False,False,False,False,False,True,True,False,False,False,False,False,False,False,True,False,False,False,False,True,0
42,1,3,1,174650,8.0,13,1,7.0,3,5,0,4,2.0,2.0,2.0,3,3,6.706082498807821,2,False,False,True,True,False,False,False,False,False,False,True,False,True,False,True,False,False,False,False,False,False,False,False,True,False,False,0
41,17,2,1,52080,3.0,11,3,12.0,2,9,0,7,3.0,3.0,3.0,1,3,8.118852498786996,2,False,False,True,False,True,False,False,False,False,False,True,False,False,True,False,False,False,False,True,False,False,False,False,True,False,False,0
36,1,3,2,10510,2.0,14,0,15.0,2,4,1,3,1.0,2.0,3.0,3,3,5.97903727445394,2,False,False,True,False,True,False,False,True,False,False,False,False,True,False,True,False,False,False,False,False,False,False,False,False,False,True,0
25,5,2,3,26600,5.0,13,0,6.0,3,2,0,2,1.0,1.0,3.0,3,3,6.494295422031474,2,False,False,True,False,True,False,False,True,False,False,False,False,True,False,False,False,True,False,False,False,False,False,False,False,True,False,1
35,8,4,1,24610,2.0,20,1,17.0,4,7,0,7,4.0,3.0,3.0,3,4,7.379968043264504,0,False,False,True,False,False,True,False,True,False,False,False,False,False,True,False,False,True,False,False,False,False,False,False,False,True,False,0
29,6,2,1,41150,1.0,11,0,11.0,1,11,3,10,4.0,4.0,4.0,3,3,7.692630315500686,1,False,True,False,False,True,False,False,False,False,True,False,False,False,True,False,True,False,False,False,False,False,False,False,False,True,False,0
37,1,3,3,52070,4.0,17,3,16.0,3,5,0,2,1.0,3.0,4.0,3,3,6.56862073112073,2,False,False,True,False,True,False,False,True,False,False,False,False,True,False,False,False,False,False,False,False,False,True,False,False,False,True,0
37,24,1,2,32910,1.0,16,3,5.0,2,5,0,3,2.0,2.0,3.0,2,3,7.974443296602388,2,False,False,True,False,True,False,False,True,False,False,False,False,False,True,False,False,False,False,False,False,False,True,False,False,True,False,0
40,27,2,3,102740,4.0,18,0,12.0,3,5,0,3,3.0,4.0,3.0,3,3,6.624849137931034,2,False,False,True,False,False,True,False,False,False,True,False,False,True,False,False,False,False,False,False,False,False,True,False,True,False,False,0
28,7,3,1,89660,1.0,16,1,3.0,3,3,2,2,3.0,4.0,3.0,2,3,7.7167070275403615,2,True,False,False,False,True,False,False,True,False,False,False,False,False,True,False,False,False,False,False,False,False,True,False,True,False,False,0
23,6,3,3,49690,1.0,12,0,5.0,3,5,1,2,4.0,3.0,3.0,3,3,8.093856481481481,2,False,False,True,True,False,False,False,True,False,False,False,False,True,False,False,False,True,False,False,False,False,False,False,False,False,True,1
29,5,3,2,75530,1.0,19,0,5.0,3,5,0,4,4.0,1.0,1.0,3,3,6.08396349862259,2,False,False,True,False,True,False,False,False,False,True,False,False,False,True,False,False,False,False,False,False,False,False,True,False,False,True,0
55,19,3,1,46800,6.0,14,3,24.0,0,19,3,8,1.0,3.0,2.0,4,3,8.68269090077732,1,False,False,True,False,True,False,False,False,False,False,False,True,False,True,False,True,False,False,False,False,False,False,False,False,False,True,1
26,1,4,2,104470,1.0,18,0,6.0,3,6,1,4,3.0,2.0,1.0,3,3,7.546754571026723,2,False,True,False,False,True,False,False,False,False,False,True,False,False,True,False,False,True,False,False,False,False,False,False,True,False,False,0
37,22,5,2,30550,2.0,14,3,17.0,3,3,0,2,3.0,1.0,2.0,3,3,7.610144581056467,2,False,False,True,False,True,False,False,False,False,True,False,False,True,False,False,False,False,False,True,False,False,False,False,False,True,False,0
39,29,2,2,38750,3.0,15,0,13.0,3,6,0,5,3.0,3.0,3.0,3,3,6.613607624360762,2,True,False,False,False,True,False,False,True,False,False,False,False,False,True,False,False,False,False,False,False,False,True,False,False,True,False,0
42,10,1,1,50100,6.0,21,3,7.0,3,2,2,2,3.0,3.0,3.0,3,4,9.957406648451729,0,False,True,False,False,True,False,False,True,False,False,False,False,True,False,False,False,False,False,False,False,False,True,False,True,False,False,1
40,1,4,2,199430,2.0,13,1,15.0,3,7,7,7,2.0,1.0,3.0,3,3,7.227091714559387,1,False,False,True,False,True,False,False,True,False,False,False,False,False,True,False,False,False,True,False,False,False,False,False,True,False,False,0
39,3,4,2,47240,2.0,12,1,21.0,4,6,1,3,4.0,4.0,2.0,4,3,6.306303506375228,2,True,False,False,False,True,False,False,True,False,False,False,False,True,False,False,False,False,False,False,True,False,False,False,False,False,True,0
34,14,4,3,88340,4.0,13,1,15.0,1,11,5,10,3.0,2.0,4.0,3,3,6.784572368421053,1,False,True,False,False,False,True,False,False,False,True,False,False,True,False,False,False,False,False,False,False,True,False,False,True,False,False,0
34,8,2,1,24390,3.0,11,2,14.0,2,7,5,7,4.0,3.0,3.0,4,3,7.585962725546059,1,False,False,True,False,False,True,False,True,False,False,False,False,False,True,False,False,True,False,False,False,False,False,False,True,False,False,0
30,29,3,1,25460,1.0,14,1,10.0,2,10,8,9,3.0,3.0,2.0,3,3,6.008942837465564,1,False,False,True,False,False,True,False,False,True,False,False,False,False,True,False,False,False,False,False,False,False,True,False,True,False,False,0
33,1,3,5,12230,1.0,13,1,10.0,3,10,0,9,2.0,3.0,2.0,3,3,6.450172246482291,2,False,False,True,False,False,True,False,True,False,False,False,False,True,False,False,False,False,False,False,False,False,True,False,False,False,True,0
40,1,4,2,30680,3.0,19,0,20.0,3,1,0,1,3.0,1.0,3.0,2,3,6.911605067410507,2,True,False,False,False,True,False,False,False,False,False,False,True,True,False,False,False,True,False,False,False,False,False,False,True,False,False,0
30,9,1,4,40890,0.0,18,0,10.0,2,9,6,7,1.0,4.0,3.0,4,3,6.203796695402298,2,False,False,True,False,False,True,False,False,True,False,False,False,False,True,False,False,False,False,False,True,False,False,False,False,True,False,0
32,5,3,1,34770,1.0,11,0,14.0,2,14,9,8,4.0,4.0,2.0,4,3,7.798501821493625,1,False,False,True,False,True,False,False,False,False,True,False,False,False,True,True,False,False,False,False,False,False,False,False,False,True,False,1
30,1,3,3,179240,1.0,13,2,10.0,2,10,6,7,2.0,1.0,3.0,3,3,7.376322173702087,1,False,False,True,False,True,False,False,False,False,False,True,False,False,True,False,False,False,False,False,False,False,True,False,False,True,False,1
47,4,3,1,27740,4.0,13,1,8.0,2,5,1,3,2.0,3.0,3.0,3,3,10.028770354406127,2,False,True,False,False,True,False,False,True,False,False,False,False,False,True,False,False,False,False,False,True,False,False,False,False,False,True,1
56,20,4,3,53210,9.0,14,0,36.0,1,7,7,7,3.0,1.0,2.0,3,3,7.420447466294746,1,False,True,False,False,True,False,False,True,False,False,False,False,True,False,False,False,False,False,False,False,False,True,False,False,True,False,0
33,15,3,4,194360,1.0,19,2,10.0,4,10,6,0,4.0,3.0,3.0,3,3,7.913949952107279,2,True,False,False,False,False,True,False,False,False,False,True,False,False,True,False,False,False,False,False,True,False,False,False,False,False,True,0
30,20,3,1,25230,3.0,13,1,7.0,2,2,0,2,4.0,3.0,3.0,3,3,7.1923405797101445,2,False,False,True,False,True,False,False,False,False,True,False,False,False,True,False,False,True,False,False,False,False,False,False,False,True,False,0
32,1,3,3,26620,1.0,11,1,13.0,6,13,11,9,3.0,2.0,3.0,4,3,10.537320048309178,1,False,False,True,False,True,False,False,True,False,False,False,False,False,True,False,False,False,False,False,False,True,False,False,False,True,False,0
33,2,4,1,25960,8.0,14,1,13.0,4,11,1,7,4.0,2.0,2.0,3,3,7.424654811715481,2,True,False,False,False,True,False,False,False,False,True,False,False,False,True,False,False,False,False,False,False,False,False,True,False,False,True,0
52,3,2,3,25790,9.0,19,1,10.0,1,8,7,7,2.0,2.0,2.0,3,3,10.045850023843588,1,False,False,True,False,True,False,False,False,False,False,False,True,False,True,False,False,True,False,False,False,False,False,False,False,False,True,1
34,2,2,2,65860,9.0,18,1,9.0,3,2,2,1,2.0,3.0,2.0,3,3,6.133991228070175,2,False,False,True,False,True,False,False,True,False,False,False,False,False,True,False,False,False,False,False,False,True,False,False,False,True,False,0
22,15,4,1,124900,0.0,13,0,4.0,3,3,0,2,2.0,3.0,4.0,3,3,9.81487680148768,2,False,False,True,False,True,False,False,True,False,False,False,False,True,False,False,False,True,False,False,False,False,False,False,False,True,False,1
33,7,3,2,38150,3.0,11,1,7.0,3,4,0,3,4.0,2.0,4.0,3,3,9.416354609929078,2,False,False,True,False,False,True,False,True,False,False,False,False,False,True,False,False,False,False,True,False,False,False,False,True,False,False,0
26,7,2,1,54540,1.0,13,1,3.0,5,3,0,2,3.0,4.0,3.0,4,3,10.005085377585376,2,False,False,True,False,True,False,False,True,False,False,False,False,False,True,False,False,False,False,True,False,False,False,False,False,True,False,0
28,7,3,1,89660,1.0,16,1,3.0,3,3,2,2,3.0,4.0,3.0,2,3,7.699578460038986,2,True,False,False,False,True,False,False,True,False,False,False,False,False,True,False,False,False,False,False,False,False,True,False,True,False,False,0
35,6,4,1,119960,1.0,19,2,16.0,3,16,10,1,3.0,3.0,2.0,3,3,9.599074074074077,1,False,False,True,False,True,False,False,False,False,True,False,False,True,False,False,False,False,False,True,False,False,False,False,True,False,False,0
31,16,3,2,27820,1.0,19,1,13.0,5,13,9,9,1.0,4.0,3.0,3,3,6.728463693957114,1,False,False,True,False,True,False,False,False,False,True,False,False,False,True,False,True,False,False,False,False,False,False,False,True,False,False,0
36,2,3,5,22900,4.0,11,0,15.0,5,1,0,0,4.0,2.0,3.0,3,3,10.682005532503458,2,False,False,True,False,False,True,False,False,False,False,False,True,True,False,False,False,True,False,False,False,False,False,False,False,True,False,0
44,5,3,5,43820,7.0,16,2,11.0,2,1,0,0,1.0,3.0,2.0,3,3,7.579750712250712,2,False,True,False,False,True,False,False,True,False,False,False,False,True,False,False,False,False,False,True,False,False,False,False,False,True,False,0
32,9,3,2,50700,4.0,12,1,10.0,6,8,0,7,4.0,3.0,3.0,3,3,8.40896686159844,2,False,True,False,False,True,False,False,True,False,False,False,False,True,False,False,False,False,False,False,False,True,False,False,False,False,True,0
44,26,1,1,107610,3.0,11,1,24.0,5,20,14,17,4.0,1.0,4.0,2,3,7.896398071625344,1,False,False,True,False,False,True,False,False,True,False,False,False,False,True,False,False,False,False,False,False,False,False,True,False,True,False,0
26,22,4,1,20240,1.0,23,0,8.0,2,8,1,7,3.0,3.0,3.0,3,4,8.012555315055314,0,False,True,False,False,True,False,False,False,False,False,True,False,True,False,False,False,False,False,False,False,False,True,False,False,True,False,1
43,8,3,1,36000,1.0,23,0,7.0,2,7,7,7,1.0,4.0,3.0,3,4,7.031896433470507,0,False,True,False,False,False,True,False,False,False,True,False,False,False,True,False,False,False,False,False,True,False,False,False,False,True,False,0
28,2,3,2,21270,1.0,14,0,2.0,3,2,2,2,4.0,4.0,3.0,3,3,9.693598218471635,2,False,True,False,False,True,False,False,True,False,False,False,False,True,False,False,False,False,False,False,False,False,False,True,False,True,False,0
31,2,3,3,21680,0.0,14,1,2.0,2,1,0,0,4.0,1.0,3.0,3,3,6.110721040189125,2,False,False,True,False,True,False,False,True,False,False,False,False,False,True,False,False,True,False,False,False,False,False,False,False,True,False,1
39,1,3,2,67550,7.0,14,1,21.0,2,18,11,5,1.0,4.0,3.0,3,3,7.199784215546018,1,False,True,False,False,False,True,False,False,True,False,False,False,False,True,True,False,False,False,False,False,False,False,False,True,False,False,1
34,1,5,1,53810,1.0,12,0,10.0,0,10,8,8,2.0,4.0,2.0,3,3,7.383673724954463,1,False,False,True,False,True,False,False,False,False,True,False,False,False,True,False,False,False,False,False,False,True,False,False,False,True,False,0
29,1,3,3,42840,4.0,11,0,10.0,5,4,0,3,4.0,2.0,3.0,2,3,9.817854683195591,2,False,False,True,False,True,False,False,False,False,True,False,False,False,True,False,False,False,False,False,False,False,True,False,False,True,False,0
32,7,3,3,44030,2.0,20,0,10.0,3,5,0,0,3.0,4.0,4.0,2,4,7.435967391304349,0,False,False,True,False,True,False,False,True,False,False,False,False,True,False,False,False,True,False,False,False,False,False,False,False,False,True,0
27,2,5,1,137700,1.0,18,1,8.0,3,8,7,7,4.0,3.0,3.0,4,3,10.004661835748792,1,False,False,True,False,True,False,False,True,False,False,False,False,True,False,False,False,False,False,False,False,True,False,False,False,False,True,1
37,6,1,1,46390,2.0,12,2,12.0,3,5,1,3,3.0,4.0,3.0,3,3,6.211864568431092,2,False,False,True,False,False,True,False,False,False,False,False,True,False,True,False,False,True,False,False,False,False,False,False,False,False,True,0
43,1,4,3,76550,9.0,12,1,6.0,3,1,0,0,3.0,3.0,3.0,3,3,8.375763888888889,2,False,True,False,False,True,False,False,False,False,False,True,False,False,True,False,False,False,False,False,False,False,True,False,False,True,False,1
33,3,4,3,16110,0.0,14,0,10.0,2,9,8,1,2.0,4.0,3.0,2,3,9.070098253275107,2,False,False,True,False,False,True,False,False,False,True,False,False,False,True,True,False,False,False,False,False,False,False,False,False,True,False,0
30,11,4,2,171690,1.0,17,2,1.0,2,1,0,0,4.0,3.0,3.0,3,3,6.396685660018993,2,False,False,True,False,True,False,False,False,False,True,False,False,False,True,False,False,True,False,False,False,False,False,False,True,False,False,0
36,8,3,2,59150,2.0,13,1,13.0,3,3,0,2,2.0,2.0,3.0,2,3,10.705447916666666,2,False,False,True,False,True,False,False,True,False,False,False,False,False,True,False,False,False,False,False,False,True,False,False,True,False,False,0
39,1,3,1,105120,1.0,12,1,10.0,2,10,7,9,1.0,1.0,3.0,3,3,7.018032693187013,1,False,False,True,False,True,False,False,False,False,False,True,False,True,False,False,False,True,False,False,False,False,False,False,False,True,False,0
43,3,3,1,90940,1.0,12,1,10.0,0,10,0,9,1.0,3.0,3.0,3,3,7.480150273224044,2,False,False,True,False,True,False,False,False,False,True,False,False,False,True,False,False,False,False,False,False,True,False,False,False,True,False,0
35,6,3,3,31020,1.0,13,1,6.0,3,5,1,4,3.0,3.0,1.0,2,3,6.795753113026819,2,False,False,True,False,True,False,False,True,False,False,False,False,True,False,False,False,True,False,False,False,False,False,False,False,False,True,0
31,10,2,2,112440,3.0,12,1,10.0,3,7,1,7,4.0,4.0,2.0,3,3,6.109294326241135,2,False,False,True,False,False,True,False,True,False,False,False,False,True,False,False,False,False,False,False,False,True,False,False,True,False,False,0
24,2,3,2,39190,1.0,21,0,6.0,3,6,1,2,1.0,3.0,3.0,3,4,10.82543586269196,0,False,True,False,False,True,False,False,False,False,True,False,False,False,True,False,False,False,False,False,False,True,False,False,False,True,False,1
56,24,4,2,32210,4.0,15,2,33.0,2,19,15,9,4.0,2.0,3.0,3,3,10.380261904761904,1,False,False,True,False,True,False,False,True,False,False,False,False,False,True,False,False,True,False,False,False,False,False,False,False,True,False,0
47,27,3,1,54410,9.0,22,1,28.0,6,22,11,13,4.0,3.0,2.0,2,4,8.281967213114754,1,False,True,False,False,True,False,False,True,False,False,False,False,False,True,False,False,False,False,False,False,True,False,False,True,False,False,0
34,7,2,4,29740,1.0,23,0,5.0,2,5,2,0,4.0,3.0,4.0,3,4,10.511366139846745,0,False,True,False,False,True,False,False,False,False,True,False,False,False,True,False,False,False,False,False,False,False,False,True,True,False,False,0
22,15,4,1,124900,0.0,13,0,4.0,3,3,0,2,2.0,3.0,4.0,3,3,9.80230982019364,2,False,False,True,False,True,False,False,True,False,False,False,False,True,False,False,False,True,False,False,False,False,False,False,False,True,False,1
41,1,4,1,52570,1.0,14,0,10.0,2,10,0,8,2.0,3.0,3.0,4,3,7.878476324425691,2,False,False,True,False,False,True,False,True,False,False,False,False,True,False,False,False,False,False,False,True,False,False,False,False,True,False,0
37,22,5,2,30550,2.0,14,3,17.0,3,3,0,2,3.0,1.0,2.0,3,3,7.593826530612245,2,False,False,True,False,True,False,False,False,False,True,False,False,True,False,False,False,False,False,True,False,False,False,False,False,True,False,0
38,2,4,1,107250,3.0,18,0,11.0,5,7,1,7,2.0,1.0,3.0,2,3,6.585955743879473,2,False,False,True,False,False,True,False,True,False,False,False,False,True,False,False,False,False,False,False,False,True,False,False,True,False,False,0
52,1,3,1,59740,7.0,18,1,18.0,6,8,4,0,2.0,2.0,3.0,3,3,7.99388161086851,2,False,False,True,False,False,True,False,True,False,False,False,False,False,True,False,False,False,False,False,False,False,True,False,False,False,True,0
35,8,2,1,36900,1.0,13,1,10.0,2,10,7,8,4.0,2.0,2.0,4,3,10.000467772967772,1,False,True,False,False,False,True,False,False,True,False,False,False,True,False,False,False,True,False,False,False,False,False,False,True,False,False,1
40,6,2,1,26470,6.0,13,0,20.0,2,1,0,0,2.0,3.0,3.0,2,3,7.508689794945161,2,False,False,True,False,False,True,False,True,False,False,False,False,True,False,False,False,True,False,False,False,False,False,False,False,True,False,0
50,3,4,4,61420,3.0,13,2,28.0,3,8,0,7,1.0,2.0,2.0,2,3,9.614590643274855,1,False,True,False,False,True,False,False,False,False,True,False,False,False,True,False,False,False,False,False,False,True,False,False,False,True,False,0
30,8,4,1,191440,0.0,11,0,4.0,3,3,1,2,2.0,2.0,3.0,3,3,7.605639619883041,2,False,True,False,False,True,False,False,False,False,True,False,False,False,True,False,False,False,False,False,False,False,True,False,False,False,True,1
38,19,3,2,64740,2.0,13,2,20.0,3,4,0,3,2.0,4.0,2.0,1,3,9.50063671696388,2,False,False,True,False,True,False,False,False,False,True,False,False,True,False,False,False,False,False,True,False,False,False,False,False,True,False,0
29,10,2,1,128080,1.0,13,0,10.0,6,10,0,4,3.0,3.0,3.0,3,3,6.980078860640301,2,False,False,True,False,False,True,False,True,False,False,False,False,True,False,False,False,False,False,False,False,False,True,False,True,False,False,0
32,10,4,5,23800,4.0,13,0,9.0,5,6,1,2,4.0,1.0,2.0,3,3,7.381282051282051,2,True,False,False,False,True,False,False,True,False,False,False,False,True,False,False,False,False,False,False,False,True,False,False,False,True,False,0
20,17,4,1,22930,1.0,13,2,1.0,3,1,0,0,4.0,2.0,4.0,1,3,7.093976057647605,2,False,False,True,False,True,False,False,False,False,True,False,False,True,False,False,False,False,False,False,False,False,False,True,False,False,True,0
35,3,4,2,32940,0.0,11,0,6.0,2,5,0,3,1.0,2.0,3.0,3,3,7.497904896421845,2,False,False,True,True,False,False,True,False,False,False,False,False,False,True,False,False,False,True,False,False,False,False,False,False,True,False,0
41,12,3,2,195660,6.0,16,0,5.0,2,1,0,0,1.0,1.0,1.0,4,3,7.183438069216758,2,True,False,False,False,True,False,False,True,False,False,False,False,False,True,False,False,False,False,False,False,False,False,True,True,False,False,1
20,17,4,1,22930,1.0,13,2,1.0,3,1,0,0,4.0,2.0,4.0,1,3,7.089900137741047,2,False,False,True,False,True,False,False,False,False,True,False,False,True,False,False,False,False,False,False,False,False,False,True,False,False,True,0
46,2,3,2,165550,8.0,14,2,28.0,4,26,15,9,3.0,1.0,3.0,3,3,5.993167372881356,1,False,False,True,False,True,False,False,True,False,False,False,False,False,True,False,False,False,False,False,False,True,False,False,False,True,False,0
36,2,2,2,114160,6.0,16,0,13.0,2,5,0,4,4.0,1.0,3.0,3,3,6.310086367880485,2,False,False,True,False,True,False,False,False,False,True,False,False,True,False,True,False,False,False,False,False,False,False,False,True,False,False,0
36,25,1,2,31170,6.0,21,1,7.0,2,3,0,1,2.0,2.0,3.0,4,4,6.792215419501134,0,False,False,True,True,False,False,True,False,False,False,False,False,False,True,False,False,False,False,False,False,True,False,False,True,False,False,0
38,4,4,1,70820,1.0,14,0,2.0,3,2,2,1,3.0,4.0,3.0,4,3,7.900873015873016,2,False,False,True,False,False,True,False,True,False,False,False,False,False,True,False,False,False,False,True,False,False,False,False,False,False,True,0
30,13,3,2,57700,1.0,16,1,5.0,2,5,0,4,1.0,3.0,2.0,4,3,6.680294326241135,2,False,False,True,False,False,True,False,False,True,False,False,False,True,False,False,False,True,False,False,False,False,False,False,False,False,True,0
27,3,3,1,27830,6.0,16,1,6.0,2,2,2,2,4.0,2.0,1.0,4,3,6.283424753867791,2,True,False,False,False,True,False,False,False,False,True,False,False,False,True,True,False,False,False,False,False,False,False,False,True,False,False,0
37,13,4,3,35640,5.0,11,0,10.0,1,5,0,0,3.0,4.0,3.0,1,3,7.4012350780532605,2,False,True,False,False,True,False,False,True,False,False,False,False,True,False,False,True,False,False,False,False,False,False,False,False,True,False,0
28,1,4,2,20330,2.0,15,1,5.0,5,3,1,2,4.0,1.0,2.0,3,3,6.853197374589779,2,False,False,True,False,False,True,False,True,False,False,False,False,True,False,False,False,False,False,False,False,False,False,True,False,False,True,0
47,27,3,1,54410,9.0,22,1,28.0,6,22,11,13,4.0,3.0,2.0,2,4,8.305402717127608,1,False,True,False,False,True,False,False,True,False,False,False,False,False,True,False,False,False,False,False,False,True,False,False,True,False,False,0
46,9,1,1,141180,2.0,22,0,12.0,3,6,1,4,4.0,4.0,2.0,3,4,6.200008101851852,0,False,False,True,False,False,True,False,False,False,True,False,False,True,False,False,False,False,False,False,False,False,True,False,True,False,False,0
39,2,3,2,131940,0.0,11,0,10.0,2,9,3,8,1.0,3.0,1.0,3,3,6.660409482758621,2,False,True,False,False,True,False,False,False,False,False,False,True,True,False,False,False,False,True,False,False,False,False,False,False,False,True,0
31,16,4,3,42440,9.0,13,0,8.0,3,3,0,2,4.0,2.0,3.0,3,3,6.649557522123895,2,False,False,True,False,True,False,False,True,False,False,False,False,False,True,False,True,False,False,False,False,False,False,False,False,False,True,0
30,17,4,2,64300,1.0,12,1,12.0,2,11,5,8,3.0,3.0,3.0,2,3,7.963074229691877,1,True,False,False,False,True,False,False,True,False,False,False,False,False,True,True,False,False,False,False,False,False,False,False,False,False,True,0
36,24,3,2,61200,0.0,19,0,10.0,2,9,3,4,1.0,4.0,3.0,3,3,7.792490855052584,2,False,False,True,False,True,False,False,True,False,False,False,False,True,False,False,False,True,False,False,False,False,False,False,False,True,False,0
22,1,3,4,129360,1.0,11,2,4.0,3,4,2,2,4.0,2.0,2.0,3,3,8.511136584182436,2,False,False,True,False,True,False,False,True,False,False,False,False,True,False,True,False,False,False,False,False,False,False,False,True,False,False,0
34,1,3,2,24000,4.0,18,1,14.0,3,10,1,8,3.0,2.0,4.0,3,3,7.502873015873015,2,False,True,False,False,False,True,False,True,False,False,False,False,False,True,False,False,False,False,False,False,False,True,False,False,True,False,0
36,2,2,3,199730,6.0,12,0,10.0,2,3,0,2,1.0,3.0,2.0,3,3,5.958735380116959,2,False,False,True,False,True,False,False,False,False,False,False,True,False,True,False,False,False,False,False,False,False,True,False,False,True,False,0
37,9,1,3,44400,2.0,11,1,18.0,3,1,0,1,3.0,2.0,2.0,2,3,9.920131519274378,2,False,False,True,False,False,True,False,False,True,False,False,False,False,True,False,False,False,False,False,False,False,True,False,False,False,True,0
44,5,2,2,171590,5.0,22,1,16.0,1,2,2,2,2.0,3.0,2.0,2,4,10.306210488505748,0,False,True,False,False,True,False,False,False,False,True,False,False,True,False,False,False,False,False,False,False,True,False,False,False,False,True,0
30,5,4,2,54100,0.0,17,1,6.0,2,5,4,4,2.0,3.0,3.0,3,3,7.581409985935303,2,False,False,True,False,False,True,False,False,False,True,False,False,True,False,False,False,False,False,True,False,False,False,False,False,False,True,0
40,8,1,5,35440,3.0,18,3,15.0,3,11,5,10,2.0,2.0,3.0,2,3,6.160280092592592,1,False,False,True,False,True,False,False,False,False,True,False,False,True,False,False,False,False,False,False,False,True,False,False,False,True,False,0
39,2,4,2,43810,2.0,15,2,11.0,1,1,0,0,1.0,1.0,4.0,2,3,9.4125971650663,2,True,False,False,False,True,False,False,False,False,True,False,False,False,True,False,False,False,False,True,False,False,False,False,False,False,True,1
59,16,4,5,186650,3.0,12,0,30.0,3,5,4,3,3.0,4.0,3.0,2,3,10.114922586520947,1,False,False,True,False,True,False,False,False,False,True,False,False,True,False,False,False,True,False,False,False,False,False,False,False,False,True,0
40,1,4,2,50710,8.0,17,1,8.0,3,1,0,0,1.0,4.0,2.0,2,3,6.164745370370369,2,False,False,True,False,True,False,False,False,False,True,False,False,False,True,False,False,False,False,False,True,False,False,False,False,True,False,0
44,3,1,1,23450,3.0,15,2,24.0,0,22,5,17,1.0,4.0,3.0,3,3,7.089795381801555,1,False,False,True,False,True,False,False,True,False,False,False,False,True,False,False,False,False,False,True,False,False,False,False,False,True,False,0
45,10,4,1,56050,1.0,12,2,1.0,2,1,0,0,2.0,3.0,3.0,3,3,6.6021959942775394,2,False,False,True,False,True,False,False,True,False,False,False,False,False,True,False,False,False,False,False,True,False,False,False,False,False,True,0
60,2,2,2,25640,0.0,14,1,12.0,3,11,1,9,2.0,4.0,3.0,3,3,8.617627847512784,1,False,False,True,False,False,True,False,True,False,False,False,False,False,True,False,False,False,False,False,False,False,True,False,True,False,False,0
56,24,4,2,32210,4.0,15,2,33.0,2,19,15,9,4.0,2.0,3.0,3,3,10.396509456264775,1,False,False,True,False,True,False,False,True,False,False,False,False,False,True,False,False,True,False,False,False,False,False,False,False,True,False,0
33,9,3,4,193920,6.0,12,1,12.0,3,10,8,8,4.0,2.0,3.0,3,3,6.794387464387465,1,False,True,False,False,True,False,False,True,False,False,False,False,False,True,False,False,False,False,False,True,False,False,False,False,True,False,0
37,24,2,4,42570,4.0,15,0,9.0,2,1,0,0,4.0,3.0,3.0,3,3,6.104338404794835,2,False,False,True,False,False,True,False,True,False,False,False,False,True,False,False,False,True,False,False,False,False,False,False,True,False,False,0
27,22,4,1,22060,0.0,14,1,6.0,4,5,0,3,1.0,3.0,2.0,3,3,7.891020833333333,2,False,False,True,False,False,True,False,False,False,True,False,False,False,True,False,False,False,False,False,False,False,False,True,True,False,False,0
34,7,4,1,196260,1.0,21,0,15.0,5,15,0,7,4.0,3.0,3.0,2,4,8.174600185960019,0,True,False,False,False,True,False,False,False,False,True,False,False,True,False,False,False,False,False,False,False,True,False,False,True,False,False,0
19,2,2,3,98240,1.0,18,0,1.0,2,1,0,0,1.0,2.0,4.0,3,3,8.410409663865547,2,True,False,False,False,False,True,False,False,False,False,True,False,False,True,True,False,False,False,False,False,False,False,False,False,False,True,1
34,2,5,2,49990,3.0,12,2,10.0,2,5,4,3,2.0,3.0,3.0,4,3,6.394135536398467,2,False,False,True,False,True,False,False,False,False,False,False,True,False,True,True,False,False,False,False,False,False,False,False,False,False,True,0
44,29,4,2,19510,4.0,22,3,10.0,4,2,0,2,1.0,3.0,4.0,4,4,6.716417704011065,0,False,False,True,False,False,True,False,False,True,False,False,False,False,True,False,False,False,False,False,False,False,True,False,False,False,True,0
38,2,4,2,23680,6.0,11,1,17.0,3,15,4,12,1.0,1.0,3.0,3,3,10.81049701561065,1,False,True,False,False,False,True,False,True,False,False,False,False,True,False,False,False,False,False,False,False,True,False,False,False,False,True,0
50,19,4,2,53770,4.0,14,1,16.0,3,2,2,1,3.0,4.0,3.0,4,3,7.080387029288703,2,False,True,False,False,True,False,False,True,False,False,False,False,False,True,False,False,False,False,False,False,False,True,False,False,False,True,0
50,2,4,4,83760,5.0,14,3,29.0,2,27,13,8,2.0,3.0,2.0,3,3,9.529191609977326,1,False,False,True,False,False,True,False,False,True,False,False,False,True,False,False,False,False,False,False,False,True,False,False,True,False,False,0
28,9,3,2,47660,1.0,12,0,5.0,3,5,0,3,3.0,4.0,4.0,3,3,7.389827423167848,2,False,False,True,False,False,True,False,False,False,True,False,False,True,False,False,False,False,False,False,False,False,True,False,False,True,False,0
28,21,1,3,79780,1.0,16,2,5.0,2,5,1,4,3.0,3.0,2.0,3,3,6.665572318007662,2,True,False,False,False,True,False,False,False,False,True,False,False,False,True,False,False,False,False,False,False,True,False,False,False,False,True,0
41,5,3,1,66230,5.0,18,0,14.0,3,5,1,4,3.0,2.0,3.0,3,3,6.413640223192624,2,False,False,True,False,True,False,False,True,False,False,False,False,True,False,False,False,False,False,False,False,False,True,False,False,True,False,0
31,25,2,3,182130,8.0,21,2,4.0,3,2,2,2,1.0,3.0,2.0,4,4,6.783251705653021,0,False,False,True,False,False,True,False,True,False,False,False,False,True,False,False,False,False,False,True,False,False,False,False,True,False,False,0
54,27,4,1,31310,4.0,14,0,14.0,3,7,1,7,4.0,4.0,2.0,2,3,7.074631268436579,1,False,False,True,False,False,True,False,False,False,True,False,False,False,True,False,False,False,False,False,False,True,False,False,False,True,False,0
32,2,2,1,21660,1.0,19,1,9.0,4,9,3,7,2.0,4.0,3.0,1,3,7.894804526748971,2,False,True,False,False,False,True,False,True,False,False,False,False,True,False,False,False,False,False,True,False,False,False,False,False,False,True,0
38,2,5,3,83210,3.0,11,3,13.0,5,8,7,5,4.0,4.0,3.0,2,3,7.204082491582492,1,True,False,False,False,True,False,False,True,False,False,False,False,False,True,False,True,False,False,False,False,False,False,False,False,True,False,0
42,11,1,4,60320,0.0,14,0,23.0,2,22,13,7,4.0,1.0,3.0,2,3,6.781549408014572,1,False,False,True,False,True,False,False,True,False,False,False,False,False,True,False,False,False,False,False,False,True,False,False,False,True,False,0
30,14,3,5,27950,3.0,13,0,9.0,4,4,1,3,3.0,2.0,3.0,3,3,6.514131179637787,2,False,False,True,False,True,False,False,False,False,False,False,True,False,True,False,False,False,False,False,True,False,False,False,False,True,False,0
45,1,2,1,70830,2.0,12,1,25.0,5,1,0,0,2.0,3.0,3.0,3,3,6.76187922705314,2,False,False,True,False,True,False,False,False,False,True,False,False,True,False,False,False,False,False,False,False,False,True,False,True,False,False,0
22,17,2,3,97050,1.0,18,2,4.0,3,4,1,3,2.0,3.0,2.0,2,3,8.86907327586207,2,True,False,False,False,False,True,False,False,True,False,False,False,False,True,False,False,False,False,False,False,False,True,False,False,True,False,0
35,24,3,5,57450,1.0,17,3,3.0,4,3,1,2,2.0,4.0,2.0,3,3,6.932994754411063,2,False,False,True,False,False,True,False,False,False,True,False,False,False,True,False,False,False,False,False,False,False,True,False,True,False,False,0
27,11,2,1,43930,1.0,18,1,8.0,2,8,0,7,2.0,2.0,3.0,2,3,6.125528252611586,2,False,False,True,False,True,False,False,False,False,True,False,False,False,True,False,False,False,True,False,False,False,False,False,False,True,False,0
42,5,3,3,53900,1.0,14,0,10.0,3,10,5,8,4.0,1.0,2.0,3,3,10.774355791962174,1,False,False,True,False,True,False,False,False,False,True,False,False,False,True,False,False,False,False,False,False,False,True,False,False,True,False,0
33,1,4,4,44650,0.0,13,0,6.0,3,5,1,4,2.0,4.0,3.0,3,3,6.017259790528233,2,False,False,True,False,True,False,False,False,False,True,False,False,True,False,False,False,False,False,True,False,False,False,False,False,False,True,0
37,1,3,4,54290,1.0,17,1,16.0,3,16,6,8,3.0,4.0,3.0,3,3,9.385844859382203,1,False,False,True,False,True,False,False,True,False,False,False,False,True,False,False,False,False,False,False,False,False,True,False,False,True,False,0
20,1,3,1,47770,1.0,18,1,2.0,3,2,0,2,4.0,1.0,3.0,3,3,7.6711191129401,2,False,False,True,False,True,False,False,True,False,False,False,False,False,True,False,False,False,False,False,False,False,False,True,False,False,True,0
53,19,3,2,25590,0.0,25,0,34.0,2,33,1,9,3.0,4.0,3.0,3,4,6.5080817395264114,1,False,False,True,False,True,False,False,True,False,False,False,False,False,True,False,False,False,True,False,False,False,False,False,False,True,False,1
37,24,2,1,68150,5.0,20,1,17.0,3,1,0,0,3.0,4.0,4.0,3,4,7.783722943722943,0,True,False,False,False,False,True,False,True,False,False,False,False,False,True,False,False,False,False,False,False,True,False,False,True,False,False,0
30,20,4,2,46610,1.0,11,0,12.0,3,12,1,7,4.0,2.0,2.0,2,3,6.082088249754179,2,False,False,True,True,False,False,False,True,False,False,False,False,False,True,False,False,False,False,False,False,True,False,False,False,True,False,0
59,3,4,1,40510,5.0,16,3,13.0,3,6,0,5,3.0,4.0,3.0,3,3,7.370457175925925,2,False,False,True,False,True,False,False,False,False,False,False,True,False,True,False,False,False,False,False,False,True,False,False,False,False,True,0
42,2,2,3,29560,5.0,13,0,23.0,2,20,4,8,3.0,2.0,4.0,3,3,5.979567632850242,1,False,True,False,False,False,True,False,False,True,False,False,False,False,True,False,False,False,False,False,True,False,False,False,False,True,False,0
45,24,2,2,54760,4.0,13,1,9.0,3,5,0,3,3.0,1.0,4.0,3,3,8.11569214876033,2,False,False,True,False,True,False,False,False,False,True,False,False,False,True,False,False,False,False,False,False,False,True,False,True,False,False,0
46,2,3,1,34200,3.0,13,2,22.0,3,2,2,1,2.0,1.0,2.0,1,3,8.009119565217391,2,False,False,True,False,False,True,False,True,False,False,False,False,True,False,False,False,False,False,False,False,True,False,False,False,False,True,0
39,2,3,3,102520,8.0,13,1,7.0,3,2,2,2,3.0,4.0,3.0,3,3,6.520391203703704,2,False,False,True,False,True,False,False,False,False,False,False,True,False,True,True,False,False,False,False,False,False,False,False,True,False,False,0
49,21,3,2,23800,4.0,13,0,23.0,3,8,0,0,3.0,3.0,3.0,1,3,6.414545873674505,2,False,False,True,False,True,False,False,False,False,True,False,False,False,True,False,False,False,False,True,False,False,False,False,False,False,True,0
39,1,4,1,36730,3.0,14,1,19.0,3,1,0,0,4.0,4.0,4.0,3,3,6.507941447671738,2,False,False,True,True,False,False,False,False,False,True,False,False,False,True,False,False,False,False,False,False,False,True,False,False,True,False,1
50,9,3,3,98880,6.0,15,0,20.0,2,4,1,3,4.0,4.0,3.0,3,3,6.919409722222222,2,False,False,True,False,True,False,False,False,False,True,False,False,True,False,False,False,True,False,False,False,False,False,False,False,False,True,0
30,4,5,3,57720,1.0,17,0,1.0,3,1,0,0,3.0,3.0,3.0,3,3,7.319099859353023,2,False,True,False,False,True,False,False,False,False,False,False,True,False,True,False,False,False,True,False,False,False,False,False,True,False,False,0
42,4,4,1,89260,1.0,14,0,10.0,4,20,11,6,2.0,3.0,3.0,1,3,6.8070052800734615,1,False,False,True,False,True,False,False,True,False,False,False,False,False,True,False,False,False,False,True,False,False,False,False,False,True,False,0
47,6,4,2,63470,1.0,14,0,26.0,2,26,3,0,3.0,4.0,2.0,4,3,9.543667133520076,1,False,False,True,False,True,False,False,False,False,False,True,False,False,True,False,False,False,True,False,False,False,False,False,False,True,False,0
45,2,3,2,103680,6.0,12,2,23.0,2,19,12,8,4.0,4.0,3.0,3,3,6.593532265890344,1,True,False,False,False,True,False,False,False,False,True,False,False,True,False,False,False,False,False,False,False,True,False,False,False,False,True,0
33,5,4,2,66520,7.0,25,0,8.0,5,4,1,3,1.0,4.0,3.0,3,4,6.980869363086937,0,False,False,True,False,False,True,False,False,True,False,False,False,False,True,False,False,False,False,False,True,False,False,False,True,False,False,1
43,7,2,2,65000,8.0,23,0,10.0,3,1,0,0,3.0,1.0,2.0,3,4,7.203633101851851,0,False,False,True,False,True,False,False,True,False,False,False,False,True,False,False,False,False,True,False,False,False,False,False,False,True,False,0
40,1,3,1,39310,8.0,19,0,3.0,2,1,0,0,4.0,2.0,3.0,2,3,8.140834467120182,2,False,True,False,False,False,True,False,False,True,False,False,False,False,True,False,False,False,False,False,False,True,False,False,True,False,False,0
35,6,3,3,135820,1.0,17,1,1.0,3,1,0,1,3.0,4.0,2.0,2,3,7.27691190144119,2,False,False,True,False,False,True,False,False,True,False,False,False,True,False,False,False,False,False,False,False,False,False,True,False,True,False,0
55,7,3,4,74280,5.0,12,0,24.0,2,5,1,4,4.0,1.0,3.0,3,3,8.05094806763285,2,False,False,True,True,False,False,True,False,False,False,False,False,False,True,False,False,True,False,False,False,False,False,False,False,True,False,1
30,9,3,2,39360,0.0,11,1,6.0,3,5,1,2,2.0,4.0,3.0,3,3,6.430403608736942,2,False,False,True,False,False,True,False,False,False,True,False,False,False,True,False,False,False,False,False,False,True,False,False,False,False,True,0
42,4,3,2,20830,0.0,12,2,21.0,3,20,2,10,3.0,3.0,2.0,2,3,9.682367503486752,1,True,False,False,False,True,False,False,True,False,False,False,False,False,True,False,False,True,False,False,False,False,False,False,False,True,False,0
26,2,1,3,65780,0.0,15,2,6.0,3,5,1,4,4.0,2.0,3.0,2,3,8.71812324929972,2,False,False,True,True,False,False,False,False,False,False,False,True,True,False,False,False,False,False,False,False,False,True,False,False,True,False,1
42,15,1,2,46680,9.0,18,2,8.0,2,4,0,2,4.0,4.0,3.0,3,3,10.50888773148148,2,False,False,True,False,False,True,False,False,True,False,False,False,False,True,False,False,True,False,False,False,False,False,False,False,True,False,0
25,7,4,1,22160,2.0,13,3,6.0,2,3,1,2,1.0,3.0,2.0,2,3,7.194062499999999,2,False,False,True,False,True,False,False,True,False,False,False,False,False,True,False,False,False,False,False,False,False,True,False,False,True,False,0
42,2,3,4,110310,3.0,12,1,8.0,2,5,1,2,2.0,1.0,3.0,2,3,7.480514846743295,2,False,False,True,False,True,False,False,False,False,True,False,False,True,False,False,False,False,True,False,False,False,False,False,True,False,False,0
37,5,1,1,27050,1.0,11,0,17.0,2,17,5,7,4.0,4.0,3.0,3,3,7.604444444444445,1,False,False,True,False,False,True,False,False,True,False,False,False,False,True,False,False,False,False,False,False,True,False,False,False,False,True,0
35,1,3,2,22750,5.0,13,0,10.0,2,6,1,2,2.0,2.0,3.0,4,3,6.084731481481482,2,False,True,False,False,True,False,False,False,False,False,True,False,False,True,False,False,False,False,False,True,False,False,False,False,False,True,0
26,9,4,3,26930,5.0,17,3,8.0,3,0,0,0,1.0,3.0,3.0,2,3,5.988631120527307,2,False,False,True,False,True,False,False,False,False,True,False,False,False,True,True,False,False,False,False,False,False,False,False,True,False,False,0
50,5,3,1,54730,1.0,19,1,20.0,2,20,3,8,4.0,3.0,3.0,4,3,9.12480329041488,1,False,False,True,False,False,True,False,False,False,True,False,False,False,True,False,False,True,False,False,False,False,False,False,False,True,False,0
31,8,4,3,25520,2.0,18,0,9.0,2,3,2,2,1.0,1.0,3.0,3,3,7.494165453663269,2,False,True,False,False,False,True,False,False,False,False,True,False,True,False,False,False,False,False,True,False,False,False,False,False,True,False,0
37,2,3,1,56470,6.0,19,0,7.0,2,0,0,0,4.0,3.0,3.0,3,3,8.521203703703703,2,False,False,True,False,True,False,False,True,False,False,False,False,False,True,False,False,False,False,False,False,False,True,False,False,False,True,1
24,2,5,2,187220,0.0,22,1,6.0,3,5,3,4,1.0,4.0,2.0,3,4,7.592135933806147,0,True,False,False,False,True,False,False,False,False,False,False,True,False,True,True,False,False,False,False,False,False,False,False,False,True,False,0
44,5,3,1,63220,4.0,11,1,10.0,2,3,1,2,1.0,1.0,4.0,3,3,6.027372245663386,2,False,False,True,False,False,True,False,True,False,False,False,False,False,True,False,False,True,False,False,False,False,False,False,False,True,False,1
35,25,1,1,54100,0.0,18,0,6.0,4,5,0,4,2.0,1.0,1.0,3,3,6.612638888888889,2,False,False,True,False,True,False,False,False,False,True,False,False,False,True,False,False,False,False,False,False,False,True,False,False,True,False,0
34,15,2,2,84630,2.0,13,0,8.0,2,4,1,3,2.0,1.0,3.0,1,3,7.815063457854406,2,False,False,True,False,False,True,False,False,True,False,False,False,True,False,False,False,False,False,False,False,True,False,False,False,False,True,1
33,7,3,2,112450,0.0,21,0,8.0,3,7,0,7,3.0,2.0,4.0,3,4,6.7085448102423415,0,True,False,False,False,False,True,False,True,False,False,False,False,False,True,False,False,False,False,False,False,False,True,False,False,True,False,0
20,8,3,3,34640,1.0,20,0,2.0,3,2,0,2,4.0,4.0,3.0,2,4,9.111901005944215,0,False,True,False,False,False,True,False,False,True,False,False,False,False,True,False,False,False,False,False,False,False,True,False,False,False,True,1
35,7,2,2,32290,1.0,25,0,10.0,2,10,0,2,3.0,3.0,4.0,2,4,8.430802336671436,0,False,True,False,False,False,True,False,True,False,False,False,False,False,True,False,False,False,False,True,False,False,False,False,False,True,False,0
34,1,2,2,86210,1.0,17,1,5.0,1,5,0,0,1.0,3.0,3.0,3,3,6.379191176470588,2,True,False,False,False,False,True,False,True,False,False,False,False,False,True,False,False,False,False,False,False,True,False,False,True,False,False,0
36,5,4,1,85780,7.0,21,0,11.0,4,9,0,8,2.0,2.0,3.0,3,4,7.826676286676287,0,True,False,False,False,True,False,False,True,False,False,False,False,False,True,False,False,False,False,False,False,False,True,False,False,True,False,0
33,9,2,1,20970,1.0,14,2,10.0,5,10,0,1,2.0,3.0,2.0,2,3,5.950504160548213,2,False,True,False,False,True,False,False,False,False,True,False,False,True,False,False,False,False,False,False,False,False,True,False,False,True,False,0
39,2,1,2,51550,2.0,18,1,7.0,3,2,2,2,3.0,4.0,3.0,2,3,6.196037758537758,2,False,True,False,False,True,False,False,False,False,True,False,False,False,True,True,False,False,False,False,False,False,False,False,True,False,False,0
27,2,4,1,37080,1.0,16,2,6.0,2,6,4,4,4.0,4.0,3.0,3,3,10.324486531986532,2,False,False,True,False,True,False,False,True,False,False,False,False,False,True,False,True,False,False,False,False,False,False,False,False,True,False,0
39,2,2,1,20080,2.0,12,0,11.0,3,7,7,6,4.0,3.0,3.0,3,3,7.768857142857143,1,False,False,True,False,False,True,False,False,False,True,False,False,True,False,False,False,False,False,False,False,False,True,False,False,True,False,0
34,5,3,1,45530,4.0,18,1,10.0,2,8,7,7,2.0,3.0,3.0,4,3,7.1769491927825255,1,False,False,True,False,True,False,False,True,False,False,False,False,False,True,False,False,False,False,False,False,True,False,False,False,True,False,0
32,10,4,5,23800,4.0,13,0,9.0,5,6,1,2,4.0,1.0,2.0,3,3,7.384378809188935,2,True,False,False,False,True,False,False,True,False,False,False,False,True,False,False,False,False,False,False,False,True,False,False,False,True,False,0
39,2,3,3,102520,8.0,13,1,7.0,3,2,2,2,4.0,4.0,3.0,3,3,6.535387205387205,2,False,False,True,False,True,False,False,False,False,False,False,True,False,True,True,False,False,False,False,False,False,False,False,True,False,False,0
55,23,1,5,23420,5.0,11,2,8.0,2,4,1,2,1.0,2.0,3.0,3,3,7.683146551724137,2,False,False,True,False,True,False,False,True,False,False,False,False,False,True,False,False,True,False,False,False,False,False,False,True,False,False,0
52,2,4,2,35370,0.0,11,1,34.0,3,33,11,9,3.0,3.0,3.0,3,3,6.301128167641326,1,False,False,True,False,True,False,False,False,False,True,False,False,True,False,False,False,False,False,False,False,False,False,True,False,True,False,0
40,21,3,3,197170,1.0,21,0,10.0,1,10,9,4,4.0,3.0,4.0,2,4,7.799973599632691,0,False,True,False,False,True,False,False,False,False,True,False,False,True,False,False,False,False,False,False,False,True,False,False,False,True,False,0
49,2,3,2,52040,8.0,14,1,26.0,3,5,0,0,2.0,3.0,3.0,3,3,7.829485123198512,2,False,False,True,False,False,True,False,False,False,False,False,True,False,True,False,False,False,False,True,False,False,False,False,False,False,True,0
35,17,4,1,54720,3.0,11,1,13.0,3,11,6,7,4.0,4.0,4.0,2,3,8.362878787878788,1,False,True,False,False,True,False,False,False,False,True,False,False,False,True,False,False,False,False,False,True,False,False,False,False,False,True,1
38,9,4,2,26950,3.0,14,1,8.0,4,2,2,2,3.0,3.0,3.0,1,3,7.593654970760234,2,False,True,False,False,False,True,False,False,False,True,False,False,False,True,False,False,False,False,False,False,True,False,False,False,True,False,0
43,14,3,5,38860,1.0,17,2,9.0,2,9,0,0,3.0,3.0,4.0,3,3,6.352892512077294,2,False,True,False,False,True,False,False,False,False,True,False,False,True,False,False,False,False,False,False,True,False,False,False,True,False,False,0
37,24,3,1,137580,1.0,11,1,10.0,5,10,0,8,4.0,1.0,1.0,3,3,6.19627662037037,2,False,False,True,False,True,False,False,True,False,False,False,False,False,True,False,False,True,False,False,False,False,False,False,False,False,True,1
28,24,5,1,23280,1.0,11,2,4.0,3,4,0,2,1.0,4.0,3.0,3,3,6.42939393939394,2,False,False,True,False,False,True,False,True,False,False,False,False,True,False,False,False,False,False,False,False,True,False,False,False,False,True,0
35,6,4,2,61420,2.0,15,1,10.0,2,2,2,2,3.0,4.0,3.0,3,3,7.686039855072464,2,False,True,False,False,True,False,False,False,False,True,False,False,True,False,False,False,False,False,False,True,False,False,False,False,False,True,0
18,3,5,1,24790,1.0,12,1,0.0,2,0,0,0,2.0,4.0,4.0,2,3,8.39764060356653,2,False,True,False,False,True,False,False,False,False,True,False,False,False,True,False,False,False,False,False,True,False,False,False,False,False,True,1
51,4,2,2,25700,3.0,18,0,21.0,2,7,1,0,4.0,2.0,3.0,3,3,7.393497365900383,2,False,False,True,True,False,False,True,False,False,False,False,False,False,True,False,False,False,False,False,False,False,False,True,False,False,True,0
36,16,2,1,12810,2.0,11,0,17.0,2,15,6,13,1.0,1.0,2.0,3,3,6.106379392212726,1,False,True,False,False,False,True,False,True,False,False,False,False,False,True,False,False,False,False,False,False,True,False,False,False,True,False,0
19,23,4,2,191970,1.0,12,0,1.0,2,1,0,0,3.0,1.0,3.0,3,3,7.278348570089077,2,False,False,True,False,True,False,False,True,False,False,False,False,False,True,False,False,True,False,False,False,False,False,False,False,False,True,0
34,2,1,5,26860,5.0,11,0,10.0,3,4,1,3,4.0,1.0,3.0,4,3,7.606465477823503,2,False,True,False,False,False,True,False,False,True,False,False,False,True,False,False,False,False,True,False,False,False,False,False,True,False,False,0
40,6,2,1,26470,6.0,13,0,20.0,2,1,0,0,2.0,3.0,3.0,2,3,7.496623931623931,2,False,False,True,False,False,True,False,True,False,False,False,False,True,False,False,False,True,False,False,False,False,False,False,False,True,False,0
34,1,3,1,62320,1.0,13,1,8.0,3,8,1,7,4.0,3.0,3.0,3,3,7.387210837887067,2,False,False,True,False,False,True,False,False,False,True,False,False,True,False,False,False,True,False,False,False,False,False,False,False,True,False,0
26,1,4,2,143360,1.0,21,1,8.0,3,8,0,7,1.0,4.0,3.0,3,4,7.521268861454047,0,False,False,True,False,True,False,False,True,False,False,False,False,False,True,False,False,False,False,False,False,False,False,True,False,True,False,0
31,1,2,2,27930,1.0,16,0,9.0,4,9,0,0,4.0,3.0,2.0,3,3,7.05925608011445,2,True,False,False,False,True,False,False,False,False,False,False,True,True,False,False,False,False,False,False,False,False,True,False,False,True,False,0
52,7,1,2,47740,2.0,18,1,11.0,2,8,7,7,3.0,2.0,2.0,3,3,7.877022821576764,1,False,False,True,False,True,False,False,True,False,False,False,False,True,False,False,False,False,False,False,False,True,False,False,False,True,False,1
27,11,3,2,99850,1.0,14,1,3.0,3,3,1,2,1.0,3.0,3.0,2,3,8.007610882487427,2,True,False,False,False,False,True,False,False,False,False,False,True,True,False,False,False,True,False,False,False,False,False,False,False,True,False,0
38,9,4,2,26950,3.0,14,1,8.0,4,2,2,2,3.0,3.0,3.0,1,3,7.59047735760971,2,False,True,False,False,False,True,False,False,False,True,False,False,False,True,False,False,False,False,False,False,True,False,False,False,True,False,0
21,1,5,2,28630,1.0,14,0,3.0,2,3,2,2,1.0,4.0,2.0,1,3,7.98643255701116,2,True,False,False,False,True,False,False,True,False,False,False,False,True,False,False,False,False,True,False,False,False,False,False,False,False,True,0
58,1,4,2,10090,7.0,13,2,31.0,3,10,5,9,3.0,1.0,2.0,4,3,8.509759825327512,1,False,False,True,False,False,True,False,False,False,False,False,True,False,True,False,False,False,False,False,False,False,True,False,False,True,False,1
49,7,3,2,50940,3.0,15,0,29.0,5,8,0,7,3.0,2.0,3.0,3,3,6.907296539961013,1,False,False,True,False,True,False,False,False,False,False,False,True,True,False,False,False,False,False,False,False,False,True,False,True,False,False,0
31,15,2,2,49600,1.0,15,0,10.0,3,10,6,7,4.0,3.0,2.0,2,3,10.895542770804276,1,False,False,True,False,True,False,False,True,False,False,False,False,False,True,False,False,False,False,False,False,False,True,False,False,True,False,1
51,4,2,2,25700,3.0,18,0,21.0,2,7,1,0,4.0,2.0,3.0,3,3,7.382190214906265,2,False,False,True,True,False,False,True,False,False,False,False,False,False,True,False,False,False,False,False,False,False,False,True,False,False,True,0
40,3,4,3,51260,5.0,18,0,20.0,2,18,1,12,4.0,1.0,3.0,3,3,8.616050275482094,1,False,True,False,False,True,False,False,False,False,True,False,False,True,False,False,True,False,False,False,False,False,False,False,False,True,False,0
35,5,3,1,57150,6.0,24,2,10.0,0,8,1,7,4.0,3.0,3.0,3,4,7.069662261380323,0,False,False,True,False,True,False,False,False,False,True,False,False,False,True,True,False,False,False,False,False,False,False,False,False,True,False,0
59,5,3,2,56740,3.0,12,0,14.0,6,6,0,4,2.0,4.0,1.0,3,3,8.101909007773205,2,False,False,True,False,True,False,False,True,False,False,False,False,False,True,False,False,False,False,False,False,True,False,False,False,True,False,0
34,2,4,2,68770,7.0,20,0,16.0,3,14,6,9,2.0,1.0,2.0,3,4,6.305397865114023,0,False,True,False,False,True,False,False,False,False,True,False,False,True,False,False,False,False,False,False,False,False,False,True,True,False,False,0
45,1,2,1,184300,4.0,12,1,10.0,5,3,1,2,2.0,4.0,4.0,3,3,10.565856774496014,2,False,False,True,False,True,False,False,True,False,False,False,False,True,False,False,False,False,False,False,False,True,False,False,False,True,False,0
29,10,4,3,58690,1.0,11,1,10.0,6,10,0,9,4.0,3.0,3.0,4,3,6.09657368173258,2,True,False,False,False,True,False,False,False,False,False,False,True,False,True,True,False,False,False,False,False,False,False,False,False,True,False,0
53,9,3,3,48090,2.0,18,0,19.0,2,2,2,2,4.0,4.0,3.0,3,3,6.325829710144928,2,False,False,True,False,True,False,False,True,False,False,False,False,True,False,False,False,True,False,False,False,False,False,False,False,False,True,0
28,25,3,1,187890,3.0,16,1,6.0,4,2,2,2,4.0,3.0,3.0,3,3,9.37195652173913,2,False,False,True,False,True,False,False,False,False,False,False,True,False,True,False,False,False,False,False,True,False,False,False,False,False,True,1
31,9,4,2,168850,2.0,14,2,10.0,2,1,0,0,1.0,3.0,3.0,3,3,6.192894226103833,2,False,False,True,True,False,False,True,False,False,False,False,False,False,True,False,False,True,False,False,False,False,False,False,False,True,False,1
40,1,4,2,199430,2.0,13,1,15.0,3,7,7,7,2.0,1.0,3.0,3,3,7.240177404295052,1,False,False,True,False,True,False,False,True,False,False,False,False,False,True,False,False,False,True,False,False,False,False,False,True,False,False,0
35,5,1,1,51630,2.0,18,2,16.0,4,1,0,0,4.0,1.0,4.0,3,3,7.077205743879473,2,True,False,False,False,True,False,False,False,False,True,False,False,False,True,True,False,False,False,False,False,False,False,False,True,False,False,0
41,10,2,3,79450,4.0,12,1,21.0,6,7,7,7,4.0,1.0,2.0,2,3,7.318976124885217,1,False,True,False,False,False,True,False,False,False,True,False,False,True,False,False,False,False,False,True,False,False,False,False,True,False,False,0
55,2,3,1,27810,8.0,13,1,19.0,2,5,0,4,2.0,4.0,4.0,3,3,6.17837367450438,2,False,False,True,False,True,False,False,True,False,False,False,False,True,False,False,True,False,False,False,False,False,False,False,False,True,False,0
39,3,4,2,26100,7.0,12,0,9.0,2,4,2,2,3.0,3.0,3.0,2,3,6.896431892143189,2,False,False,True,False,False,True,False,False,True,False,False,False,True,False,False,False,True,False,False,False,False,False,False,False,False,True,0
38,1,3,1,38160,1.0,13,2,7.0,2,7,5,0,3.0,3.0,4.0,2,3,6.523463618485743,2,False,False,True,False,True,False,False,False,False,True,False,False,True,False,False,True,False,False,False,False,False,False,False,False,True,False,0
56,2,4,1,20420,7.0,12,0,30.0,6,10,1,1,3.0,4.0,2.0,3,3,7.095374244537425,1,False,False,True,False,True,False,False,False,False,True,False,False,False,True,False,False,False,True,False,False,False,False,False,False,True,False,0
32,9,3,2,191900,3.0,17,1,8.0,2,4,0,3,1.0,3.0,3.0,3,3,10.21389952718676,2,False,True,False,False,True,False,False,True,False,False,False,False,False,True,False,False,True,False,False,False,False,False,False,False,False,True,1
45,22,3,2,132120,4.0,13,0,7.0,4,3,0,2,1.0,3.0,2.0,3,3,8.789366760828624,2,False,False,True,False,True,False,False,True,False,False,False,False,True,False,False,False,False,False,False,False,False,False,True,False,True,False,0
58,9,2,1,21530,9.0,11,0,3.0,3,1,0,0,4.0,4.0,2.0,3,3,10.503385634588565,2,False,True,False,False,False,True,False,False,False,False,False,True,False,True,False,False,False,False,False,False,False,True,False,True,False,False,1
34,9,4,2,26250,1.0,12,3,16.0,4,15,6,11,3.0,4.0,3.0,3,3,8.8632949790795,1,False,True,False,False,True,False,False,True,False,False,False,False,True,False,False,False,False,False,True,False,False,False,False,False,True,False,0
39,3,3,2,109760,1.0,11,0,9.0,3,9,5,8,4.0,4.0,3.0,2,3,10.198464912280702,1,True,False,False,False,True,False,False,True,False,False,False,False,True,False,False,False,False,False,True,False,False,False,False,False,True,False,0
20,6,3,5,83920,1.0,17,0,2.0,5,2,1,2,1.0,3.0,2.0,3,3,6.708462962962964,2,False,False,True,False,True,False,False,False,False,True,False,False,False,True,False,False,False,False,False,True,False,False,False,False,False,True,0
38,4,3,2,23060,2.0,19,1,13.0,5,4,1,2,1.0,1.0,2.0,3,3,7.59510101010101,2,False,True,False,False,False,True,False,False,False,True,False,False,False,True,False,False,False,False,False,False,True,False,False,True,False,False,0
46,12,3,3,89430,8.0,12,1,19.0,6,16,1,7,4.0,1.0,3.0,3,3,10.990522130013831,1,False,False,True,False,False,True,False,False,True,False,False,False,True,False,True,False,False,False,False,False,False,False,False,True,False,False,0
31,9,1,1,189470,2.0,12,2,9.0,2,3,1,2,2.0,1.0,1.0,2,3,6.698702887909937,2,False,False,True,False,True,False,False,False,False,True,False,False,True,False,False,False,False,False,False,False,False,False,True,True,False,False,1
29,9,4,2,29960,9.0,25,0,4.0,4,2,2,2,1.0,4.0,4.0,3,4,10.876961134954698,0,False,False,True,False,True,False,False,False,False,True,False,False,False,True,False,False,False,False,False,False,False,False,True,False,True,False,1
45,1,3,2,125040,1.0,12,1,15.0,2,15,4,12,2.0,3.0,3.0,3,3,6.020285913528592,1,True,False,False,False,True,False,False,False,False,True,False,False,True,False,False,True,False,False,False,False,False,False,False,False,True,False,0
32,8,1,2,46270,8.0,17,1,8.0,2,1,0,0,4.0,4.0,3.0,2,3,7.321815352697095,2,False,False,True,False,True,False,False,False,False,True,False,False,True,False,False,False,False,False,False,False,True,False,False,False,False,True,0
30,9,3,1,95820,0.0,12,1,10.0,2,9,0,7,4.0,1.0,3.0,3,3,6.214679580896686,2,False,True,False,False,False,True,False,True,False,False,False,False,False,True,False,False,False,False,False,True,False,False,False,False,False,True,0
36,11,3,1,131910,1.0,14,1,10.0,2,10,1,7,2.0,3.0,3.0,2,3,9.49042972459639,2,False,False,True,False,True,False,False,True,False,False,False,False,False,True,False,False,False,False,False,False,False,True,False,False,True,False,0
29,20,3,2,29260,1.0,15,1,2.0,3,2,2,2,4.0,2.0,3.0,2,3,7.0666621499548326,2,False,False,True,False,False,True,False,False,True,False,False,False,True,False,False,False,False,True,False,False,False,False,False,True,False,False,0
45,1,5,2,20880,4.0,15,3,18.0,2,5,0,2,4.0,1.0,3.0,3,3,8.524001406469761,2,False,False,True,False,True,False,False,False,False,False,False,True,False,True,True,False,False,False,False,False,False,False,False,True,False,False,0
29,2,4,2,20960,0.0,22,0,6.0,2,5,0,2,1.0,1.0,2.0,4,4,7.720940972222222,0,False,False,True,False,True,False,False,False,False,False,True,False,False,True,False,False,True,False,False,False,False,False,False,False,True,False,0
40,3,3,2,45770,5.0,11,1,15.0,3,12,11,8,2.0,3.0,3.0,2,3,6.503203860640302,1,False,False,True,False,True,False,False,True,False,False,False,False,False,True,False,False,False,False,False,False,False,True,False,True,False,False,0
35,2,1,3,106090,1.0,22,0,10.0,3,10,0,7,4.0,4.0,1.0,3,4,10.389594374709436,0,False,False,True,False,True,False,False,True,False,False,False,False,False,True,True,False,False,False,False,False,False,False,False,False,True,False,0
31,28,4,2,127420,1.0,11,0,10.0,4,10,0,2,1.0,4.0,3.0,2,3,7.418722451790634,2,False,False,True,False,True,False,False,False,False,False,False,True,True,False,False,False,False,False,False,False,False,True,False,False,True,False,0
31,1,3,3,20440,0.0,21,0,10.0,2,9,7,8,2.0,4.0,3.0,3,4,7.214617446393763,0,False,False,True,False,True,False,False,True,False,False,False,False,False,True,False,False,True,False,False,False,False,False,False,False,True,False,0
33,18,2,2,63850,1.0,13,0,7.0,6,6,1,2,3.0,4.0,3.0,2,3,9.487822315986874,2,True,False,False,False,True,False,False,False,False,True,False,False,True,False,True,False,False,False,False,False,False,False,False,True,False,False,0
40,4,3,2,94340,1.0,13,1,9.0,3,9,8,8,3.0,4.0,3.0,2,3,6.011237373737374,1,False,False,True,False,False,True,False,False,False,True,False,False,False,True,False,False,False,False,False,False,False,True,False,False,False,True,0
52,26,2,2,33750,2.0,21,0,28.0,2,5,0,4,4.0,3.0,3.0,2,4,8.206621363853124,0,False,False,True,False,True,False,False,True,False,False,False,False,True,False,False,False,False,False,False,False,False,False,True,False,True,False,0
29,19,4,1,99500,1.0,20,0,3.0,3,3,1,2,1.0,4.0,3.0,3,4,7.381258381226054,0,False,False,True,False,True,False,False,True,False,False,False,False,False,True,False,False,False,False,True,False,False,False,False,True,False,False,0
25,7,4,4,134640,1.0,13,1,6.0,2,6,1,5,2.0,1.0,3.0,3,3,7.085127410468319,2,True,False,False,False,True,False,False,False,False,True,False,False,True,False,False,False,True,False,False,False,False,False,False,True,False,False,0
36,22,4,1,29500,4.0,14,0,8.0,1,6,0,0,2.0,3.0,2.0,2,3,6.277285137701804,2,False,False,True,False,True,False,False,True,False,False,False,False,False,True,True,False,False,False,False,False,False,False,False,False,True,False,0
37,9,1,1,15140,1.0,14,0,4.0,3,4,1,2,2.0,4.0,2.0,3,3,9.995476680384089,2,False,True,False,False,False,True,False,False,True,False,False,False,False,True,False,False,True,False,False,False,False,False,False,False,True,False,0
18,2,3,1,34680,1.0,18,2,0.0,4,0,0,0,2.0,2.0,3.0,4,3,9.177018140589569,2,False,True,False,False,True,False,False,False,False,False,False,True,False,True,False,False,False,False,False,False,False,True,False,False,False,True,1
29,13,2,1,52200,1.0,17,0,1.0,3,1,1,0,4.0,4.0,2.0,2,3,8.596432178932178,2,False,True,False,False,True,False,False,True,False,False,False,False,True,False,False,False,True,False,False,False,False,False,False,False,False,True,1
42,23,4,1,64470,6.0,13,0,18.0,3,1,0,0,2.0,2.0,3.0,3,3,9.393627946127946,2,False,False,True,False,True,False,False,True,False,False,False,False,True,False,False,False,False,True,False,False,False,False,False,False,True,False,0
34,6,4,2,96130,0.0,12,1,16.0,5,15,0,9,2.0,4.0,2.0,2,3,7.093754172627563,1,False,False,True,False,False,True,False,False,True,False,False,False,False,True,False,False,False,False,False,True,False,False,False,True,False,False,0
50,10,1,1,52490,9.0,21,2,32.0,2,5,1,3,4.0,4.0,2.0,2,4,7.387595410628021,0,False,False,True,False,False,True,False,True,False,False,False,False,True,False,False,False,False,False,True,False,False,False,False,True,False,False,0
31,5,2,2,65020,1.0,12,0,4.0,3,4,0,3,3.0,1.0,3.0,3,3,6.309143614568926,2,False,True,False,False,True,False,False,False,False,False,False,True,False,True,False,False,False,False,False,False,False,True,False,False,True,False,0
39,26,1,2,34470,0.0,14,0,9.0,5,8,1,7,1.0,3.0,3.0,3,3,5.983080137659782,2,False,False,True,False,True,False,False,False,False,True,False,False,False,True,True,False,False,False,False,False,False,False,False,False,False,True,0
33,23,4,4,39830,4.0,12,0,9.0,3,3,1,2,4.0,4.0,3.0,3,3,6.365669934640523,2,False,False,True,False,False,True,False,False,True,False,False,False,True,False,False,False,False,False,False,False,False,True,False,True,False,False,0
31,16,4,2,28040,0.0,19,2,3.0,0,2,2,2,3.0,4.0,1.0,3,3,8.610798041894354,2,False,False,True,False,False,True,False,False,True,False,False,False,True,False,False,False,False,False,False,False,True,False,False,True,False,False,0
34,9,4,2,27410,0.0,15,1,2.0,3,1,0,0,3.0,3.0,2.0,3,3,6.000829861111112,2,False,False,True,False,False,True,False,False,False,True,False,False,True,False,False,False,True,False,False,False,False,False,False,False,True,False,0
27,20,4,2,34850,9.0,17,2,4.0,2,2,2,2,3.0,2.0,3.0,3,3,7.078493085360038,2,False,False,True,False,True,False,False,False,False,False,True,False,False,True,False,False,False,False,True,False,False,False,False,False,True,False,0
24,10,3,2,51600,1.0,17,1,1.0,3,1,0,0,4.0,2.0,3.0,1,3,7.415129706152434,2,True,False,False,False,True,False,False,True,False,False,False,False,True,False,False,False,False,True,False,False,False,False,False,False,True,False,0
36,1,2,2,86060,1.0,14,2,17.0,3,17,12,8,3.0,3.0,3.0,3,3,6.004865112025605,1,False,False,True,False,False,True,False,False,True,False,False,False,True,False,False,False,False,False,False,False,False,True,False,True,False,False,0
40,3,3,1,68330,2.0,13,0,22.0,3,19,11,16,1.0,1.0,3.0,3,3,6.775284608378871,1,False,False,True,False,True,False,False,False,False,False,True,False,False,True,False,False,False,False,False,False,False,True,False,True,False,False,0
59,10,4,3,23080,7.0,19,1,20.0,4,4,1,3,1.0,3.0,2.0,2,3,6.798518131101813,2,False,True,False,False,True,False,False,True,False,False,False,False,False,True,False,False,False,False,False,False,True,False,False,False,False,True,0
36,2,2,2,114160,6.0,16,0,13.0,2,5,0,4,4.0,1.0,3.0,3,3,6.313820037986704,2,False,False,True,False,True,False,False,False,False,True,False,False,True,False,True,False,False,False,False,False,False,False,False,True,False,False,0
31,2,4,5,103770,1.0,14,0,10.0,2,10,0,2,2.0,3.0,3.0,3,3,7.527197962154293,2,False,False,True,False,True,False,False,True,False,False,False,False,True,False,False,False,False,True,False,False,False,False,False,True,False,False,0
33,8,2,2,161840,0.0,13,1,10.0,2,9,0,8,4.0,3.0,3.0,4,3,10.974695821854914,2,False,False,True,False,True,False,False,True,False,False,False,False,True,False,False,False,False,False,False,False,True,False,False,True,False,False,0
43,4,3,2,34190,3.0,11,1,10.0,5,8,4,7,4.0,3.0,3.0,3,3,9.060249766573296,1,False,True,False,False,False,True,False,False,False,True,False,False,True,False,True,False,False,False,False,False,False,False,False,True,False,False,0
25,1,4,2,25000,4.0,14,2,7.0,2,3,0,2,1.0,4.0,2.0,1,3,7.995907331511839,2,False,False,True,False,True,False,False,False,False,True,False,False,False,True,False,False,False,False,False,False,False,True,False,False,True,False,0
50,27,3,2,33100,4.0,22,1,8.0,3,1,0,0,1.0,4.0,3.0,4,4,6.191245291902071,0,False,False,True,False,False,True,False,False,False,True,False,False,False,True,False,False,False,False,False,False,False,True,False,False,True,False,0
41,6,3,1,27730,1.0,11,0,19.0,3,19,11,9,3.0,2.0,3.0,3,3,7.8250969827586205,1,True,False,False,False,False,True,False,True,False,False,False,False,True,False,False,False,False,False,False,True,False,False,False,False,False,True,0
32,9,2,2,35000,0.0,16,1,8.0,2,7,3,6,4.0,4.0,2.0,2,3,7.246658462259728,2,False,True,False,False,True,False,False,False,False,True,False,False,True,False,False,False,False,False,False,False,True,False,False,False,False,True,0
33,29,4,1,31800,1.0,14,1,15.0,2,15,8,12,1.0,4.0,3.0,3,3,8.207739229024943,1,False,True,False,False,False,True,False,True,False,False,False,False,True,False,False,True,False,False,False,False,False,False,False,False,False,True,0
25,11,3,2,100960,0.0,11,1,4.0,3,3,1,2,4.0,2.0,3.0,3,3,7.679447975517891,2,False,False,True,False,True,False,False,False,False,True,False,False,False,True,False,False,False,False,True,False,False,False,False,False,True,False,0
25,11,3,1,23110,1.0,11,1,5.0,2,5,0,3,3.0,1.0,3.0,3,3,10.40962620027435,2,False,False,True,False,False,True,False,True,False,False,False,False,True,False,False,False,True,False,False,False,False,False,False,False,True,False,0
26,3,3,2,139640,1.0,11,2,5.0,1,5,1,3,1.0,3.0,3.0,2,3,7.708791383219954,2,False,True,False,False,True,False,False,False,False,True,False,False,False,True,False,False,True,False,False,False,False,False,False,True,False,False,0
29,10,3,1,34520,1.0,11,0,10.0,3,10,0,7,3.0,3.0,3.0,2,3,7.688039990421456,2,False,False,True,False,True,False,False,False,False,False,True,False,False,True,False,False,False,False,False,False,True,False,False,False,True,False,0
33,29,4,1,31800,1.0,14,1,15.0,2,15,8,12,1.0,4.0,3.0,3,3,8.223002267573696,1,False,True,False,False,False,True,False,True,False,False,False,False,True,False,False,True,False,False,False,False,False,False,False,False,False,True,0
27,8,4,5,21070,0.0,13,0,6.0,2,5,0,2,4.0,4.0,2.0,3,3,10.221362811791384,2,False,True,False,False,False,True,False,True,False,False,False,False,False,True,False,False,False,False,False,False,True,False,False,False,False,True,0
49,2,3,2,52040,8.0,14,1,26.0,3,5,0,0,2.0,3.0,3.0,3,3,7.825193287037036,2,False,False,True,False,False,True,False,False,False,False,False,True,False,True,False,False,False,False,True,False,False,False,False,False,False,True,0
22,2,2,2,195450,0.0,14,0,3.0,3,2,2,2,1.0,3.0,3.0,2,3,6.037342143906021,2,False,False,True,False,True,False,False,False,False,True,False,False,True,False,False,False,True,False,False,False,False,False,False,False,True,False,0
30,3,2,2,28620,5.0,14,0,9.0,2,6,0,1,3.0,1.0,3.0,2,3,7.004625755462575,2,False,True,False,False,False,True,False,False,False,True,False,False,False,True,True,False,False,False,False,False,False,False,False,False,False,True,1
46,2,3,1,88370,2.0,18,0,15.0,3,3,1,2,3.0,4.0,3.0,2,3,9.179540598290597,2,False,False,True,False,True,False,False,True,False,False,False,False,False,True,True,False,False,False,False,False,False,False,False,False,True,False,0
49,21,3,2,23800,4.0,13,0,23.0,3,8,0,0,3.0,3.0,3.0,1,3,6.387058823529412,2,False,False,True,False,True,False,False,False,False,True,False,False,False,True,False,False,False,False,True,False,False,False,False,False,False,True,0
44,3,1,1,23450,3.0,15,2,24.0,0,22,5,17,1.0,4.0,3.0,3,3,7.094737394957984,1,False,False,True,False,True,False,False,True,False,False,False,False,True,False,False,False,False,False,True,False,False,False,False,False,True,False,0
20,29,3,3,27070,1.0,11,0,1.0,2,1,0,0,1.0,1.0,3.0,3,3,6.091235349273324,2,False,False,True,False,True,False,False,True,False,False,False,False,True,False,False,False,True,False,False,False,False,False,False,False,False,True,1
42,18,1,2,199990,2.0,23,1,17.0,6,5,1,3,3.0,4.0,2.0,3,4,9.599522972339429,0,False,False,True,False,True,False,False,False,False,False,False,True,True,False,False,False,False,False,False,False,True,False,False,False,True,False,0
20,4,4,2,99240,1.0,22,0,1.0,3,1,1,0,4.0,4.0,3.0,3,4,10.716817657906873,0,False,True,False,False,False,True,False,True,False,False,False,False,True,False,True,False,False,False,False,False,False,False,False,False,False,True,1
38,8,3,1,68700,1.0,11,1,8.0,5,8,7,7,1.0,1.0,3.0,3,3,9.286795224977045,1,False,False,True,False,True,False,False,True,False,False,False,False,True,False,False,False,False,True,False,False,False,False,False,True,False,False,0
51,2,3,2,56750,5.0,13,0,13.0,2,4,1,2,4.0,2.0,3.0,2,3,7.606370214752568,2,False,False,True,False,True,False,False,True,False,False,False,False,False,True,False,False,True,False,False,False,False,False,False,True,False,False,0
48,2,5,1,47650,8.0,12,1,10.0,4,8,7,6,3.0,1.0,2.0,3,3,7.112005507662834,1,False,False,True,False,True,False,False,True,False,False,False,False,False,True,False,False,False,False,False,False,False,True,False,False,True,False,0
39,6,1,2,51750,4.0,17,1,9.0,2,2,2,2,2.0,2.0,3.0,4,3,7.073531571218796,2,False,False,True,False,False,True,False,False,False,False,False,True,True,False,False,False,True,False,False,False,False,False,False,False,False,True,0
19,2,4,3,115570,1.0,22,0,1.0,0,1,0,1,2.0,4.0,3.0,3,4,10.783780400572244,0,False,False,True,False,False,True,False,False,True,False,False,False,False,True,False,False,True,False,False,False,False,False,False,False,False,True,0
40,3,3,2,45770,5.0,11,1,15.0,3,12,11,8,2.0,3.0,3.0,2,3,6.527122079160705,1,False,False,True,False,True,False,False,True,False,False,False,False,False,True,False,False,False,False,False,False,False,True,False,True,False,False,0
37,9,4,2,20860,4.0,14,0,17.0,3,3,1,0,4.0,3.0,2.0,3,3,8.908952903520804,2,False,False,True,False,False,True,False,False,True,False,False,False,True,False,False,False,True,False,False,False,False,False,False,False,True,False,0
49,2,2,1,63800,6.0,23,1,22.0,1,9,2,3,4.0,2.0,3.0,2,4,7.224192343604108,0,False,False,True,False,False,True,False,False,False,True,False,False,True,False,False,False,False,False,False,False,False,True,False,False,True,False,0
55,6,1,2,26550,8.0,17,0,36.0,0,24,2,15,3.0,2.0,3.0,2,3,6.093933654729108,1,False,False,True,False,True,False,False,True,False,False,False,False,True,False,False,False,True,False,False,False,False,False,False,False,False,True,0
55,23,1,5,23420,5.0,11,2,8.0,2,4,1,2,1.0,2.0,3.0,3,3,7.700374887082203,2,False,False,True,False,True,False,False,True,False,False,False,False,False,True,False,False,True,False,False,False,False,False,False,True,False,False,0
54,1,3,2,23620,6.0,13,1,9.0,2,5,1,4,3.0,1.0,3.0,4,3,10.500978997289971,2,False,False,True,False,True,False,False,False,False,True,False,False,True,False,False,True,False,False,False,False,False,False,False,False,False,True,0
33,2,2,1,24400,0.0,18,3,4.0,4,3,0,2,3.0,4.0,4.0,3,3,6.815491363211952,2,False,False,True,False,True,False,False,False,False,True,False,False,False,True,False,False,False,False,False,False,False,True,False,False,False,True,0
43,5,3,2,96990,8.0,19,1,18.0,3,8,0,1,3.0,1.0,3.0,3,3,7.119895264116576,2,False,True,False,False,True,False,False,False,False,True,False,False,True,False,False,False,True,False,False,False,False,False,False,False,True,False,0
28,10,1,1,25610,1.0,22,1,2.0,3,2,2,2,3.0,3.0,2.0,3,4,10.71907327586207,0,False,False,True,False,True,False,False,False,False,True,False,False,False,True,False,False,False,False,False,False,False,True,False,False,False,True,1
45,3,1,1,171740,9.0,14,1,12.0,6,10,9,8,4.0,4.0,3.0,3,3,7.106525500910746,1,False,False,True,False,False,True,False,False,True,False,False,False,True,False,False,False,False,False,False,False,False,True,False,False,True,False,0
41,29,1,1,23790,1.0,12,0,22.0,6,22,0,4,4.0,2.0,3.0,3,3,6.877735507246377,1,False,False,True,False,True,False,False,True,False,False,False,False,False,True,False,False,True,False,False,False,False,False,False,False,False,True,0
42,2,2,3,29560,5.0,13,0,23.0,2,20,4,8,3.0,2.0,4.0,3,3,5.992563025210084,1,False,True,False,False,False,True,False,False,True,False,False,False,False,True,False,False,False,False,False,True,False,False,False,False,True,False,0
59,16,4,5,186650,3.0,12,0,30.0,3,5,4,3,3.0,4.0,3.0,2,3,10.105665532879817,1,False,False,True,False,True,False,False,False,False,True,False,False,True,False,False,False,True,False,False,False,False,False,False,False,False,True,0
44,4,3,1,42620,7.0,18,0,26.0,2,22,3,10,2.0,2.0,3.0,3,3,7.018062865497076,1,False,False,True,False,True,False,False,True,False,False,False,False,True,False,False,False,True,False,False,False,False,False,False,False,True,False,0
49,1,1,2,35910,9.0,13,0,22.0,2,3,1,2,3.0,1.0,3.0,3,3,10.511506734006732,2,False,True,False,False,True,False,False,False,False,True,False,False,True,False,False,False,False,False,False,False,True,False,False,False,False,True,0
45,14,3,1,54730,4.0,13,0,17.0,3,0,0,0,4.0,1.0,4.0,1,3,8.896670197740113,2,False,False,True,True,False,False,True,False,False,False,False,False,True,False,False,False,False,False,False,False,False,True,False,False,True,False,0
35,16,4,2,95260,1.0,15,0,5.0,2,5,0,3,1.0,3.0,3.0,2,3,6.293220524017468,2,False,False,True,False,True,False,False,False,False,True,False,False,False,True,False,True,False,False,False,False,False,False,False,False,False,True,0
28,10,1,1,25610,1.0,22,1,2.0,3,2,2,2,3.0,3.0,2.0,3,4,10.683428672316383,0,False,False,True,False,True,False,False,False,False,True,False,False,False,True,False,False,False,False,False,False,False,True,False,False,False,True,1
22,2,2,1,11020,6.0,19,0,4.0,3,2,2,2,4.0,4.0,1.0,2,3,6.482304837164751,2,False,False,True,False,True,False,False,True,False,False,False,False,False,True,False,False,False,False,False,False,False,False,True,False,True,False,0
44,2,2,1,34520,4.0,11,1,14.0,2,10,0,2,1.0,4.0,3.0,2,3,8.61523896166909,2,False,True,False,False,False,True,False,False,True,False,False,False,False,True,False,False,True,False,False,False,False,False,False,False,True,False,0
35,7,2,2,32290,1.0,25,0,10.0,2,10,0,2,3.0,3.0,4.0,2,4,8.40567343604108,0,False,True,False,False,False,True,False,True,False,False,False,False,False,True,False,False,False,False,True,False,False,False,False,False,True,False,0
43,9,5,1,12740,1.0,19,0,6.0,3,5,1,4,4.0,3.0,2.0,2,3,6.487590218423551,2,False,False,True,False,False,True,False,False,False,False,False,True,True,False,False,False,False,False,False,True,False,False,False,True,False,False,0
39,12,5,1,62200,1.0,14,2,20.0,2,20,11,10,4.0,3.0,3.0,3,3,6.74090564738292,1,False,False,True,False,True,False,False,False,False,True,False,False,True,False,False,False,False,False,False,False,False,False,True,False,False,True,0
34,9,3,2,53680,2.0,14,1,9.0,2,3,1,2,4.0,2.0,3.0,3,3,6.191549707602339,2,False,False,True,False,False,True,False,False,True,False,False,False,True,False,False,False,False,True,False,False,False,False,False,False,False,True,0
28,7,5,2,171230,5.0,15,1,6.0,2,4,0,3,3.0,4.0,2.0,2,3,6.2911647591797815,2,False,False,True,False,False,True,False,True,False,False,False,False,True,False,False,False,False,False,False,False,False,False,True,True,False,False,1
18,2,3,3,186060,1.0,24,2,0.0,4,0,0,0,2.0,3.0,1.0,3,4,7.631033478893742,0,True,False,False,False,True,False,False,True,False,False,False,False,False,True,False,False,False,False,False,False,False,False,True,False,False,True,0
54,2,4,2,89380,7.0,11,3,19.0,2,1,0,0,3.0,3.0,3.0,3,3,7.651214845550945,2,False,False,True,False,True,False,False,False,False,True,False,False,False,True,False,True,False,False,False,False,False,False,False,False,False,True,0
33,9,2,5,12000,0.0,11,1,3.0,3,2,2,2,2.0,4.0,2.0,3,3,7.579043209876543,2,True,False,False,False,False,True,False,False,False,False,False,True,False,True,False,False,False,False,False,False,False,False,True,False,False,True,0
38,19,3,2,68930,0.0,17,0,16.0,3,15,5,8,4.0,2.0,3.0,3,3,7.91453514739229,1,False,False,True,False,True,False,False,True,False,False,False,False,True,False,False,False,False,False,False,False,False,True,False,False,True,False,0
25,2,3,1,190940,1.0,16,0,7.0,3,7,0,6,2.0,3.0,3.0,2,3,7.409312285854136,2,False,False,True,False,True,False,False,True,False,False,False,False,False,True,False,False,False,False,False,False,True,False,False,False,True,False,0
30,8,3,2,52090,7.0,14,1,10.0,3,8,7,7,3.0,4.0,2.0,3,3,7.521344671201813,1,False,False,True,False,True,False,False,True,False,False,False,False,False,True,False,False,False,False,False,False,False,True,False,True,False,False,0
34,1,4,4,41980,1.0,22,1,16.0,2,16,2,10,1.0,3.0,3.0,2,4,7.623057899671824,0,False,False,True,False,True,False,False,False,False,False,True,False,False,True,False,False,True,False,False,False,False,False,False,False,False,True,0
45,29,2,2,29730,1.0,12,0,10.0,2,10,1,4,3.0,1.0,3.0,3,3,8.87501467931346,2,False,False,True,False,False,True,False,False,False,False,False,True,True,False,False,False,False,False,False,False,True,False,False,False,False,True,0
55,7,3,4,74280,5.0,12,0,24.0,2,5,1,4,4.0,1.0,3.0,3,3,8.032659069325737,2,False,False,True,True,False,False,True,False,False,False,False,False,False,True,False,False,True,False,False,False,False,False,False,False,True,False,1
27,20,4,2,34850,9.0,17,2,4.0,2,2,2,2,3.0,2.0,3.0,3,3,7.092681010928962,2,False,False,True,False,True,False,False,False,False,False,True,False,False,True,False,False,False,False,True,False,False,False,False,False,True,False,0
44,1,2,4,187110,2.0,12,1,10.0,0,2,2,2,2.0,1.0,3.0,3,3,7.078182471264368,2,False,False,True,False,False,True,False,False,False,True,False,False,False,True,False,False,False,True,False,False,False,False,False,False,True,False,0
50,8,4,2,49410,5.0,11,1,30.0,3,4,0,3,3.0,3.0,3.0,1,3,6.363878515444906,2,False,False,True,False,True,False,False,True,False,False,False,False,False,True,False,False,False,False,False,False,False,True,False,False,True,False,0
28,21,1,3,79780,1.0,16,2,5.0,2,5,1,4,3.0,3.0,2.0,3,3,6.708564213564213,2,True,False,False,False,True,False,False,False,False,True,False,False,False,True,False,False,False,False,False,False,True,False,False,False,False,True,0
27,9,3,5,59930,0.0,14,1,5.0,3,4,1,1,1.0,4.0,3.0,1,3,6.983818015546411,2,False,False,True,False,False,True,False,False,True,False,False,False,False,True,False,False,False,False,False,True,False,False,False,False,False,True,0
35,8,2,1,36900,1.0,13,1,10.0,2,10,7,8,4.0,2.0,3.0,4,3,9.974883286647993,1,False,True,False,False,False,True,False,False,True,False,False,False,True,False,False,False,True,False,False,False,False,False,False,True,False,False,1
48,2,4,2,45540,2.0,11,2,19.0,3,2,2,2,1.0,3.0,3.0,3,3,8.020512117055326,2,False,False,True,True,False,False,False,False,False,True,False,False,False,True,False,False,False,False,False,False,False,True,False,False,False,True,0
43,16,2,1,67820,0.0,16,1,10.0,2,9,1,8,2.0,4.0,3.0,3,3,6.09770474137931,2,False,False,True,False,False,True,False,False,True,False,False,False,True,False,False,False,True,False,False,False,False,False,False,False,False,True,0
40,8,3,1,86280,2.0,20,0,8.0,2,6,1,0,3.0,3.0,3.0,2,4,9.295999525166192,0,False,False,True,False,True,False,False,False,False,True,False,False,True,False,True,False,False,False,False,False,False,False,False,False,True,False,1
31,28,4,2,25930,0.0,21,0,4.0,2,3,1,2,3.0,1.0,3.0,3,4,8.19732426303855,0,True,False,False,False,True,False,False,False,False,True,False,False,False,True,False,False,False,False,False,False,True,False,False,False,False,True,1
29,2,2,2,192370,9.0,11,1,9.0,2,5,1,2,4.0,3.0,3.0,3,3,7.874943236714976,2,False,False,True,False,True,False,False,True,False,False,False,False,False,True,False,False,False,False,False,False,True,False,False,False,True,False,0
36,28,3,2,24320,4.0,22,0,7.0,4,1,0,0,4.0,4.0,3.0,1,4,7.304043073910916,0,True,False,False,True,False,False,True,False,False,False,False,False,False,True,False,False,True,False,False,False,False,False,False,False,False,True,0
33,1,4,4,44650,0.0,13,0,6.0,3,5,1,4,2.0,4.0,3.0,3,3,6.025150462962964,2,False,False,True,False,True,False,False,False,False,True,False,False,True,False,False,False,False,False,True,False,False,False,False,False,False,True,0
37,7,2,1,20110,5.0,13,0,16.0,4,5,0,4,4.0,1.0,3.0,4,3,8.666963519313306,2,False,False,True,False,True,False,False,False,False,True,False,False,False,True,False,False,False,False,True,False,False,False,False,False,True,False,0
46,3,4,1,42720,7.0,13,0,24.0,3,2,2,2,3.0,4.0,3.0,4,3,9.988379028379027,2,False,False,True,False,False,True,False,False,True,False,False,False,True,False,False,False,False,False,False,False,False,False,True,True,False,False,0
31,29,3,2,25150,1.0,14,0,7.0,3,7,7,7,4.0,3.0,1.0,2,3,6.394126984126983,2,False,True,False,False,True,False,False,True,False,False,False,False,True,False,True,False,False,False,False,False,False,False,False,False,False,True,1
30,1,3,3,179240,1.0,13,2,10.0,2,10,6,7,2.0,1.0,3.0,3,3,7.41584186159844,1,False,False,True,False,True,False,False,False,False,False,True,False,False,True,False,False,False,False,False,False,False,True,False,False,True,False,1
36,16,1,2,105960,7.0,15,0,18.0,3,4,0,2,4.0,2.0,3.0,2,3,7.801609510745314,2,False,True,False,False,True,False,False,False,False,True,False,False,False,True,False,False,False,False,False,False,False,True,False,True,False,False,0
53,11,3,2,21090,2.0,13,0,31.0,3,25,3,7,1.0,4.0,3.0,3,3,8.030597928436912,1,False,False,True,False,True,False,False,False,False,True,False,False,False,True,False,False,False,True,False,False,False,False,False,False,True,False,0
38,28,3,1,29790,4.0,12,1,9.0,3,6,0,5,3.0,2.0,2.0,3,3,7.855806878306878,2,False,True,False,False,True,False,False,False,False,True,False,False,False,True,True,False,False,False,False,False,False,False,False,False,True,False,0
41,24,1,1,26610,7.0,14,1,22.0,2,18,11,8,2.0,1.0,3.0,3,3,7.72220068027211,1,False,False,True,False,True,False,False,True,False,False,False,False,False,True,False,False,False,False,False,True,False,False,False,False,True,False,0
25,1,2,1,32120,1.0,15,1,1.0,3,1,0,0,3.0,2.0,3.0,2,3,8.87862433862434,2,False,False,True,False,True,False,False,True,False,False,False,False,False,True,False,False,False,False,False,False,False,True,False,False,True,False,1
32,3,1,2,171810,1.0,14,0,14.0,2,14,6,8,3.0,3.0,3.0,2,3,7.992996632996634,1,False,False,True,False,True,False,False,False,False,True,False,False,False,True,False,False,False,False,True,False,False,False,False,False,True,False,0
30,25,4,1,53800,7.0,21,1,4.0,0,2,2,2,4.0,3.0,4.0,3,4,10.40136394557823,0,True,False,False,False,False,True,False,False,False,False,True,False,False,True,True,False,False,False,False,False,False,False,False,False,True,False,0
28,1,2,1,176390,0.0,13,1,6.0,0,5,1,3,4.0,1.0,3.0,3,3,6.488941344778254,2,False,False,True,False,True,False,False,False,False,False,False,True,True,False,False,False,False,False,False,False,True,False,False,False,False,True,0
31,8,4,4,147320,0.0,12,0,10.0,3,9,1,7,2.0,1.0,3.0,3,3,7.308546099290781,2,True,False,False,False,True,False,False,True,False,False,False,False,True,False,False,False,False,False,False,False,False,True,False,False,False,True,0
30,4,5,5,30580,9.0,14,1,10.0,2,5,0,3,2.0,4.0,2.0,3,3,6.400223192624939,2,False,True,False,False,True,False,False,False,False,True,False,False,False,True,False,False,False,False,False,False,False,False,True,True,False,False,0
34,2,3,2,28180,1.0,13,1,10.0,2,10,8,6,4.0,3.0,3.0,3,3,10.29017173812817,1,False,False,True,True,False,False,True,False,False,False,False,False,False,True,False,False,False,False,True,False,False,False,False,False,True,False,0
19,4,3,1,76440,1.0,15,2,1.0,2,1,0,0,1.0,4.0,4.0,3,3,7.925364877589453,2,False,False,True,False,True,False,False,False,False,True,False,False,False,True,False,False,False,False,False,False,False,True,False,False,False,True,1
55,6,1,2,26550,8.0,17,0,36.0,0,24,2,15,3.0,2.0,3.0,2,3,6.076173872617387,1,False,False,True,False,True,False,False,True,False,False,False,False,True,False,False,False,True,False,False,False,False,False,False,False,False,True,0
31,4,3,2,30570,1.0,19,0,1.0,3,1,0,0,2.0,3.0,3.0,3,3,7.268322649572649,2,False,True,False,False,False,True,False,True,False,False,False,False,False,True,False,False,False,True,False,False,False,False,False,False,False,True,1
37,2,2,1,20220,1.0,12,0,10.0,1,10,3,7,1.0,4.0,3.0,3,3,8.039399717514124,2,False,False,True,False,True,False,False,False,False,True,False,False,False,True,False,False,False,False,False,False,True,False,False,False,True,False,0
26,18,2,1,108800,1.0,23,1,7.0,5,7,5,7,4.0,4.0,3.0,3,4,7.173929738562092,0,True,False,False,False,True,False,False,False,False,True,False,False,False,True,False,True,False,False,False,False,False,False,False,False,False,True,0
51,14,3,2,105270,4.0,14,0,31.0,3,29,11,10,4.0,2.0,2.0,3,3,10.986178861788618,1,False,True,False,False,True,False,False,True,False,False,False,False,False,True,False,False,False,False,False,True,False,False,False,True,False,False,0
34,9,2,1,32800,5.0,13,0,7.0,3,5,0,2,4.0,2.0,2.0,3,3,6.101879588839941,2,False,False,True,False,True,False,False,False,False,True,False,False,False,True,False,False,False,False,False,False,False,True,False,False,True,False,0
41,2,2,2,107980,2.0,14,2,10.0,5,3,1,2,3.0,2.0,3.0,1,3,7.710550786838341,2,True,False,False,False,False,True,False,False,False,True,False,False,False,True,False,False,False,False,False,False,True,False,False,False,True,False,0
42,10,3,2,28370,2.0,13,1,19.0,0,5,0,2,1.0,3.0,3.0,2,3,6.798831496786043,2,False,True,False,False,False,True,False,False,True,False,False,False,True,False,True,False,False,False,False,False,False,False,False,True,False,False,0
50,2,2,3,43770,5.0,12,1,19.0,2,14,1,11,4.0,1.0,3.0,2,3,7.804605200945627,1,False,False,True,False,True,False,False,False,False,True,False,False,False,True,False,False,False,False,False,False,False,True,False,True,False,False,0
36,5,3,4,177790,1.0,17,1,10.0,5,10,0,8,2.0,4.0,2.0,1,3,6.537147667147667,2,False,True,False,False,True,False,False,False,False,True,False,False,True,False,False,False,False,False,True,False,False,False,False,False,False,True,0
44,1,2,4,187110,2.0,12,1,10.0,0,2,2,2,2.0,1.0,3.0,3,3,7.083899482109227,2,False,False,True,False,False,True,False,False,False,True,False,False,False,True,False,False,False,True,False,False,False,False,False,False,True,False,0
52,5,4,1,29110,2.0,17,2,26.0,3,9,7,8,4.0,4.0,2.0,3,3,6.990128384687209,1,False,False,True,False,True,False,False,False,False,False,True,False,False,True,False,False,True,False,False,False,False,False,False,False,True,False,0
29,8,3,3,25870,0.0,22,2,4.0,3,3,2,2,2.0,4.0,3.0,3,4,6.917478369763205,0,False,False,True,True,False,False,False,False,False,True,False,False,False,True,False,False,False,False,False,False,False,False,True,False,False,True,0
29,2,4,1,26790,2.0,15,0,10.0,2,3,0,2,4.0,4.0,3.0,2,3,6.081796951819076,2,False,False,True,False,True,False,False,False,False,True,False,False,False,True,False,False,True,False,False,False,False,False,False,True,False,False,0
30,6,4,1,30410,1.0,11,1,9.0,2,9,0,8,2.0,1.0,3.0,2,3,10.40651183970856,2,False,False,True,False,True,False,False,False,False,True,False,False,True,False,False,False,False,False,False,False,False,True,False,False,True,False,0
51,23,3,2,192720,9.0,20,0,18.0,2,10,2,7,1.0,3.0,4.0,3,4,8.701324879227053,0,False,False,True,False,False,True,False,False,False,True,False,False,True,False,False,False,False,False,False,False,True,False,False,False,True,False,1
26,4,3,1,32940,1.0,11,0,1.0,6,1,0,0,1.0,4.0,3.0,3,3,7.30157019990702,2,False,False,True,False,True,False,False,True,False,False,False,False,False,True,False,False,False,False,False,True,False,False,False,False,True,False,0
34,4,4,5,55620,1.0,15,0,9.0,3,9,0,6,1.0,3.0,3.0,3,3,8.195805795019156,2,False,True,False,True,False,False,False,True,False,False,False,False,True,False,False,False,False,False,False,False,False,True,False,False,False,True,1
37,8,5,2,54670,4.0,12,0,13.0,2,7,6,7,3.0,1.0,3.0,3,3,10.803298171589311,1,False,False,True,False,True,False,False,False,False,False,False,True,False,True,False,False,False,False,True,False,False,False,False,True,False,False,0
31,2,2,2,53960,7.0,17,1,3.0,2,1,0,0,3.0,4.0,4.0,1,3,7.710824188385917,2,False,True,False,False,True,False,False,False,False,True,False,False,True,False,False,False,False,False,True,False,False,False,False,False,False,True,1
20,1,3,5,61620,1.0,12,3,1.0,2,1,1,1,4.0,3.0,3.0,2,3,8.629089635854344,2,False,False,True,False,True,False,False,True,False,False,False,False,False,True,False,False,False,False,False,False,False,False,True,False,False,True,1
38,16,3,5,147560,0.0,20,1,8.0,3,7,0,5,4.0,4.0,3.0,2,4,6.798771808999081,0,False,False,True,False,True,False,False,True,False,False,False,False,False,True,False,False,False,False,False,False,True,False,False,False,False,True,0
20,18,4,2,37430,1.0,13,1,2.0,2,2,2,2,3.0,3.0,3.0,3,3,6.620019323671499,2,False,False,True,False,True,False,False,False,False,True,False,False,True,False,False,False,False,False,False,False,False,True,False,False,False,True,0
31,3,2,3,42850,1.0,21,1,1.0,2,1,1,0,3.0,2.0,3.0,1,4,6.30899930264993,0,False,False,True,False,True,False,False,False,False,True,False,False,True,False,False,False,False,False,False,False,False,True,False,False,False,True,0
33,15,4,1,24060,1.0,11,0,10.0,3,10,9,7,1.0,1.0,3.0,3,3,10.42268987341772,1,False,True,False,False,True,False,False,False,False,True,False,False,True,False,False,False,True,False,False,False,False,False,False,False,False,True,1
33,4,3,1,33060,1.0,11,3,8.0,6,8,1,6,4.0,2.0,3.0,1,3,7.521757369614513,2,False,False,True,False,True,False,False,True,False,False,False,False,False,True,False,True,False,False,False,False,False,False,False,False,True,False,0
38,1,4,2,36690,2.0,19,0,10.0,2,8,7,7,1.0,3.0,3.0,3,3,6.494887706855793,1,False,True,False,False,True,False,False,False,False,False,True,False,False,True,False,False,False,False,False,False,True,False,False,False,True,False,0
29,3,4,2,55930,1.0,13,1,1.0,3,1,0,0,4.0,1.0,3.0,3,3,6.334084406294707,2,False,False,True,False,True,False,False,False,False,False,True,False,True,False,False,False,False,False,False,False,False,False,True,True,False,False,0
31,20,3,1,61800,1.0,14,1,1.0,2,1,0,0,1.0,2.0,4.0,1,3,8.002105442176871,2,False,False,True,False,False,True,False,False,False,False,False,True,False,True,False,False,False,False,False,False,True,False,False,False,False,True,1
27,11,4,4,66320,0.0,16,0,6.0,3,5,1,4,2.0,1.0,4.0,3,3,7.18484126984127,2,False,False,True,True,False,False,False,False,False,True,False,False,False,True,False,False,False,False,False,False,False,True,False,False,True,False,0
60,10,3,1,22690,5.0,18,1,33.0,4,29,11,10,1.0,1.0,1.0,3,3,6.163477496483825,1,False,False,True,False,True,False,False,True,False,False,False,False,True,False,False,False,False,False,True,False,False,False,False,False,True,False,0
34,12,2,2,88650,1.0,11,1,1.0,0,1,1,0,2.0,2.0,3.0,3,3,7.72257226738934,2,False,False,True,False,True,False,False,False,False,False,False,True,False,True,False,True,False,False,False,False,False,False,False,True,False,False,0
28,2,3,2,111590,1.0,12,0,5.0,2,5,0,4,3.0,1.0,3.0,3,3,6.683007544581619,2,False,False,True,False,True,False,False,True,False,False,False,False,True,False,True,False,False,False,False,False,False,False,False,False,True,False,0
42,17,1,3,99980,5.0,24,2,24.0,3,22,4,14,1.0,3.0,2.0,2,4,7.3613338021565875,0,False,False,True,False,True,False,False,True,False,False,False,False,False,True,False,False,False,False,False,False,True,False,False,False,True,False,0
35,4,3,2,78980,7.0,15,0,5.0,2,2,2,2,4.0,3.0,3.0,2,3,10.38168183940243,2,False,False,True,False,True,False,False,True,False,False,False,False,False,True,True,False,False,False,False,False,False,False,False,False,True,False,0
30,15,3,2,23800,4.0,18,3,9.0,2,5,1,4,3.0,4.0,1.0,2,3,7.9055698005698,2,True,False,False,False,True,False,False,False,False,True,False,False,True,False,False,False,False,False,False,False,False,True,False,False,True,False,0
47,18,4,2,55820,1.0,16,0,9.0,3,9,0,7,4.0,4.0,3.0,3,3,7.972122359963269,2,False,False,True,False,False,True,False,False,False,True,False,False,True,False,False,False,False,False,False,False,True,False,False,False,False,True,0
38,19,2,2,24510,7.0,12,1,19.0,3,13,2,9,4.0,4.0,4.0,3,3,7.190964791952446,1,False,True,False,False,True,False,False,True,False,False,False,False,False,True,False,False,False,False,False,False,True,False,False,False,True,False,0
35,15,2,2,54060,0.0,12,1,6.0,2,5,4,3,4.0,3.0,3.0,3,3,6.484045584045584,2,False,False,True,False,True,False,False,False,False,True,False,False,True,False,False,False,True,False,False,False,False,False,False,False,False,True,0
34,7,2,1,21770,1.0,13,0,10.0,5,10,8,7,2.0,4.0,3.0,3,3,7.099637377963737,1,False,False,True,False,True,False,False,True,False,False,False,False,False,True,True,False,False,False,False,False,False,False,False,False,True,False,0
35,24,3,5,57450,1.0,17,3,3.0,4,3,1,2,2.0,4.0,2.0,3,3,6.933727824463118,2,False,False,True,False,False,True,False,False,False,True,False,False,False,True,False,False,False,False,False,False,False,True,False,True,False,False,0
27,4,3,5,21940,1.0,12,0,6.0,5,6,0,4,4.0,4.0,3.0,3,3,8.891393596986816,2,False,True,False,False,False,True,False,False,False,False,False,True,False,True,False,False,True,False,False,False,False,False,False,True,False,False,0
31,2,1,1,97130,1.0,17,0,10.0,5,10,8,9,3.0,3.0,3.0,2,3,6.609300048947627,1,False,True,False,False,True,False,False,True,False,False,False,False,True,False,False,False,False,True,False,False,False,False,False,False,True,False,0
33,3,2,1,49360,0.0,14,0,6.0,2,5,0,3,1.0,1.0,3.0,2,3,8.983830721747388,2,False,False,True,False,True,False,False,True,False,False,False,False,False,True,False,False,False,False,False,False,False,True,False,False,False,True,1
53,8,2,2,120610,2.0,20,1,30.0,2,15,6,12,3.0,2.0,3.0,4,4,7.802464975845411,1,False,True,False,False,False,True,False,False,False,True,False,False,False,True,False,False,False,False,False,False,True,False,False,False,True,False,0
29,3,3,3,59160,6.0,12,0,5.0,2,3,0,2,2.0,3.0,3.0,3,3,9.408224932249322,2,False,False,True,False,False,True,False,False,True,False,False,False,False,True,False,False,True,False,False,False,False,False,False,True,False,False,1
54,5,2,2,40140,2.0,19,1,16.0,4,9,7,1,3.0,2.0,4.0,2,3,6.40839790448343,1,False,False,True,False,True,False,False,True,False,False,False,False,True,False,False,False,False,False,False,False,False,True,False,False,True,False,0
37,8,5,2,54670,4.0,12,0,13.0,2,7,6,7,3.0,1.0,3.0,3,3,10.798262483130904,1,False,False,True,False,True,False,False,False,False,False,False,True,False,True,False,False,False,False,True,False,False,False,False,True,False,False,0
44,8,1,1,26100,6.0,15,0,6.0,2,4,1,2,2.0,4.0,3.0,3,3,10.805340038314176,2,False,False,True,False,True,False,False,True,False,False,False,False,True,False,False,False,False,False,False,False,False,False,True,False,False,True,0
30,9,3,1,95820,0.0,12,1,10.0,2,9,0,7,4.0,1.0,3.0,3,3,6.2239474917955935,2,False,True,False,False,False,True,False,True,False,False,False,False,False,True,False,False,False,False,False,True,False,False,False,False,False,True,0
31,15,1,2,40660,3.0,22,0,4.0,2,2,2,2,2.0,3.0,3.0,2,4,8.406022675736962,0,False,False,True,False,True,False,False,False,False,True,False,False,True,False,False,False,False,False,False,False,False,True,False,False,True,False,1
25,7,2,1,86330,1.0,19,1,5.0,2,5,1,3,2.0,4.0,3.0,4,3,10.895845306513408,2,False,False,True,True,False,False,True,False,False,False,False,False,False,True,False,False,False,False,True,False,False,False,False,False,False,True,0
27,13,2,4,28560,1.0,12,2,5.0,5,5,0,4,4.0,3.0,3.0,4,3,10.069261664261663,2,False,False,True,False,True,False,False,False,False,True,False,False,True,False,False,False,False,False,False,True,False,False,False,False,False,True,0
29,5,1,1,62440,1.0,22,0,6.0,3,6,1,3,1.0,4.0,4.0,3,4,6.81141339869281,0,False,True,False,False,True,False,False,False,False,True,False,False,True,False,False,False,False,False,False,False,True,False,False,True,False,False,0
25,7,2,1,86330,1.0,19,1,5.0,2,5,1,3,2.0,4.0,3.0,4,3,10.902481247069852,2,False,False,True,True,False,False,True,False,False,False,False,False,False,True,False,False,False,False,True,False,False,False,False,False,False,True,0
31,20,3,1,61800,1.0,14,1,1.0,2,1,0,0,1.0,2.0,4.0,1,3,8.038707264957264,2,False,False,True,False,False,True,False,False,False,False,False,True,False,True,False,False,False,False,False,False,True,False,False,False,False,True,1
39,1,1,2,23400,0.0,11,1,9.0,2,8,0,7,1.0,3.0,3.0,2,3,6.524470560303894,2,False,False,True,False,False,True,False,False,True,False,False,False,False,True,False,False,False,False,False,False,True,False,False,False,False,True,0
55,26,3,1,104480,2.0,13,0,30.0,3,5,1,2,3.0,4.0,3.0,3,3,8.684139595103577,1,False,False,True,False,False,True,False,False,True,False,False,False,False,True,False,False,True,False,False,False,False,False,False,False,False,True,0
38,20,4,2,20290,3.0,11,1,20.0,3,18,1,11,2.0,3.0,3.0,2,3,8.04372015610652,1,False,False,True,False,False,True,False,False,False,True,False,False,True,False,False,False,False,False,False,True,False,False,False,False,True,False,0
50,10,4,3,47870,0.0,12,0,28.0,3,27,15,7,2.0,3.0,3.0,3,3,7.204899097815765,1,False,False,True,False,False,True,False,True,False,False,False,False,True,False,False,False,False,True,False,False,False,False,False,False,True,False,0
29,6,2,1,41150,1.0,11,0,11.0,1,11,3,10,4.0,4.0,4.0,3,3,7.69339545241444,1,False,True,False,False,True,False,False,False,False,True,False,False,False,True,False,True,False,False,False,False,False,False,False,False,True,False,0
52,5,2,1,27590,9.0,18,1,12.0,6,5,0,4,3.0,1.0,1.0,3,3,6.50694675925926,2,False,False,True,False,True,False,False,True,False,False,False,False,True,False,True,False,False,False,False,False,False,False,False,False,True,False,0
35,9,3,2,40840,4.0,13,1,5.0,3,3,1,2,2.0,1.0,2.0,3,3,6.101339326878746,2,False,True,False,True,False,False,False,False,False,False,True,False,True,False,False,False,False,False,False,False,False,False,True,False,True,False,0
34,28,3,2,176500,1.0,19,1,15.0,6,15,4,13,2.0,4.0,4.0,1,3,7.968867337164751,1,False,False,True,False,False,True,False,True,False,False,False,False,True,False,False,False,False,False,False,False,True,False,False,False,True,False,0
38,7,4,1,66530,7.0,20,1,10.0,2,1,0,0,4.0,2.0,3.0,3,4,7.389816810344827,0,False,False,True,False,True,False,False,False,False,True,False,False,False,True,False,False,False,False,False,False,False,True,False,False,False,True,0
37,13,3,1,119040,1.0,12,1,6.0,4,6,1,3,3.0,4.0,2.0,3,3,6.504990503323836,2,False,True,False,False,True,False,False,True,False,False,False,False,False,True,False,False,True,False,False,False,False,False,False,True,False,False,0
24,7,3,1,12320,1.0,12,0,1.0,4,1,0,0,4.0,2.0,3.0,1,3,6.796458333333335,2,False,False,True,False,False,True,False,False,False,True,False,False,True,False,False,False,True,False,False,False,False,False,False,False,True,False,0
31,1,4,4,190680,0.0,12,0,10.0,1,9,8,5,4.0,4.0,1.0,3,3,8.301600877192982,1,False,False,True,False,True,False,False,True,False,False,False,False,False,True,False,False,False,False,False,True,False,False,False,False,True,False,0
57,2,2,4,63060,3.0,12,1,32.0,3,1,0,0,1.0,4.0,2.0,3,3,6.319523635477583,2,False,False,True,False,True,False,False,True,False,False,False,False,False,True,False,False,False,False,False,False,True,False,False,True,False,False,0
47,4,3,1,27740,4.0,13,1,10.0,2,5,1,3,2.0,3.0,3.0,3,3,10.008350095785444,2,False,True,False,False,True,False,False,True,False,False,False,False,False,True,False,False,False,False,False,True,False,False,False,False,False,True,1
41,2,2,1,23870,3.0,17,1,12.0,1,5,1,0,4.0,4.0,3.0,1,3,7.67073629306162,2,False,False,True,False,False,True,False,False,False,True,False,False,False,True,True,False,False,False,False,False,False,False,False,False,True,False,0
33,2,4,1,25960,8.0,14,1,13.0,4,11,1,7,4.0,2.0,2.0,3,3,7.385372315592904,2,True,False,False,False,True,False,False,False,False,True,False,False,False,True,False,False,False,False,False,False,False,False,True,False,False,True,0
55,11,3,2,83810,4.0,15,1,23.0,3,19,9,11,4.0,3.0,3.0,3,3,6.592413632119515,1,False,False,True,False,False,True,False,False,False,False,False,True,False,True,False,False,False,False,True,False,False,False,False,False,True,False,0
39,2,3,3,21150,1.0,18,0,21.0,3,21,11,8,4.0,4.0,3.0,4,3,7.099682372245663,1,False,False,True,False,False,True,False,True,False,False,False,False,False,True,False,True,False,False,False,False,False,False,False,False,True,False,0
33,9,2,1,20970,1.0,14,2,10.0,5,10,0,1,2.0,3.0,2.0,2,3,6.018187714145864,2,False,True,False,False,True,False,False,False,False,True,False,False,True,False,False,False,False,False,False,False,False,True,False,False,True,False,0
43,2,4,1,24220,1.0,11,1,14.0,2,14,6,11,3.0,3.0,3.0,3,3,7.6026572543618,1,False,False,True,False,True,False,False,True,False,False,False,False,True,False,False,False,False,False,False,False,True,False,False,False,True,False,0
32,1,3,2,136640,3.0,14,0,10.0,6,7,7,7,3.0,4.0,3.0,3,3,7.892938775510204,1,False,False,True,False,False,True,False,False,False,True,False,False,False,True,False,False,False,False,False,False,False,True,False,False,False,True,0
41,11,3,1,168720,2.0,15,1,21.0,2,18,0,11,1.0,3.0,4.0,3,3,7.90585137085137,1,False,True,False,False,False,True,False,False,False,False,True,False,False,True,False,False,True,False,False,False,False,False,False,True,False,False,0
40,6,2,3,43320,7.0,14,2,8.0,3,5,1,3,4.0,2.0,3.0,2,3,6.682986714975844,2,False,False,True,False,True,False,False,False,False,True,False,False,False,True,False,False,False,False,False,False,True,False,False,True,False,False,0
40,2,4,4,75960,9.0,11,0,20.0,0,18,2,13,2.0,3.0,2.0,1,3,6.714373219373219,1,False,True,False,False,True,False,False,False,False,True,False,False,False,True,False,True,False,False,False,False,False,False,False,False,False,True,0
36,10,3,3,22320,1.0,12,1,16.0,2,16,3,7,3.0,4.0,3.0,3,3,9.798302083333333,1,False,False,True,False,True,False,False,False,False,True,False,False,False,True,False,False,False,False,False,False,False,True,False,False,True,False,1
36,2,2,3,199730,6.0,12,0,10.0,2,3,0,2,1.0,3.0,2.0,3,3,5.988968089990817,2,False,False,True,False,True,False,False,False,False,False,False,True,False,True,False,False,False,False,False,False,False,True,False,False,True,False,0
45,2,1,4,44040,0.0,23,0,9.0,2,8,3,7,4.0,2.0,4.0,3,4,7.41028883972468,0,False,False,True,False,True,False,False,False,False,True,False,False,True,False,False,False,False,False,False,False,False,True,False,False,True,False,0
26,8,2,2,80950,1.0,15,0,1.0,3,1,0,0,1.0,3.0,2.0,4,3,7.810643776824034,2,False,False,True,False,False,True,False,False,True,False,False,False,False,True,False,False,False,False,False,False,False,True,False,True,False,False,1
54,18,4,2,49630,9.0,15,1,9.0,2,5,1,4,4.0,1.0,3.0,3,3,8.896373188405798,2,False,False,True,False,True,False,False,False,False,True,False,False,True,False,False,False,True,False,False,False,False,False,False,True,False,False,0
37,9,1,1,15140,1.0,14,0,4.0,3,4,1,2,2.0,4.0,2.0,3,3,9.982733011937558,2,False,True,False,False,False,True,False,False,True,False,False,False,False,True,False,False,True,False,False,False,False,False,False,False,True,False,0
48,1,4,2,132370,5.0,13,1,7.0,2,1,0,0,4.0,2.0,2.0,4,3,6.085262855831037,2,False,False,True,False,True,False,False,True,False,False,False,False,True,False,False,False,True,False,False,False,False,False,False,False,False,True,0
42,7,4,2,34450,1.0,11,2,22.0,2,22,11,15,3.0,4.0,3.0,3,3,6.401950405340963,1,False,False,True,False,True,False,False,True,False,False,False,False,True,False,False,False,False,False,False,False,False,True,False,False,True,False,0
31,24,3,2,10810,4.0,11,3,13.0,4,7,1,7,4.0,4.0,3.0,4,3,6.607014174668495,2,False,False,True,False,False,True,False,True,False,False,False,False,False,True,True,False,False,False,False,False,False,False,False,True,False,False,0
25,18,2,1,36220,1.0,25,0,2.0,0,2,2,1,4.0,2.0,2.0,3,4,8.023296999531176,0,False,False,True,False,True,False,False,True,False,False,False,False,False,True,False,False,False,False,False,False,True,False,False,False,False,True,0
21,10,5,3,66870,1.0,19,3,2.0,0,2,1,2,3.0,1.0,3.0,3,3,8.159645513714551,2,False,False,True,False,False,True,False,False,False,True,False,False,False,True,False,False,False,False,False,False,True,False,False,False,False,True,0
43,7,2,1,195020,3.0,18,2,23.0,3,21,15,17,4.0,4.0,4.0,4,3,6.409671276079573,1,False,False,True,False,True,False,False,False,False,True,False,False,True,False,False,False,True,False,False,False,False,False,False,False,False,True,0
38,25,1,1,78470,3.0,14,1,9.0,3,7,1,7,4.0,4.0,1.0,4,3,7.263687819618782,2,False,False,True,True,False,False,True,False,False,False,False,False,True,False,False,False,False,False,True,False,False,False,False,False,True,False,0
40,2,3,2,47750,3.0,15,1,15.0,3,5,1,0,4.0,1.0,1.0,4,3,7.591349700322729,2,False,False,True,False,True,False,False,False,False,True,False,False,False,True,False,False,False,False,False,True,False,False,False,False,False,True,1
39,25,3,2,197010,0.0,11,0,21.0,3,20,9,6,2.0,4.0,2.0,4,3,7.537574302697759,1,False,False,True,False,False,True,False,False,False,True,False,False,False,True,False,False,False,False,False,False,False,True,False,False,True,False,0
53,18,3,1,34230,6.0,15,1,15.0,4,2,2,2,1.0,1.0,2.0,3,3,10.80799433106576,2,False,False,True,False,True,False,False,False,False,True,False,False,False,True,False,False,False,False,False,False,True,False,False,False,False,True,1
54,14,3,3,66740,3.0,17,1,9.0,2,4,2,3,1.0,3.0,2.0,3,3,7.896520531400966,2,False,False,True,False,True,False,False,False,False,False,True,False,False,True,False,False,False,False,False,False,True,False,False,False,True,False,0
46,2,3,1,88370,2.0,18,0,15.0,3,3,1,2,3.0,4.0,3.0,2,3,9.22045691609977,2,False,False,True,False,True,False,False,True,False,False,False,False,False,True,True,False,False,False,False,False,False,False,False,False,True,False,0
34,19,3,1,33390,1.0,16,0,9.0,2,8,1,1,4.0,3.0,2.0,2,3,6.761289351851853,2,False,False,True,False,True,False,False,False,False,False,False,True,True,False,False,False,False,False,False,True,False,False,False,True,False,False,0
44,22,3,1,104530,2.0,11,1,10.0,2,3,0,2,1.0,4.0,2.0,3,3,10.969163292847504,2,False,False,True,False,True,False,False,False,False,True,False,False,True,False,False,False,True,False,False,False,False,False,False,False,True,False,0
42,28,4,2,26450,1.0,15,0,10.0,5,10,2,2,3.0,4.0,3.0,3,3,7.490815602836879,2,False,False,True,False,True,False,False,True,False,False,False,False,True,False,False,False,False,False,True,False,False,False,False,False,True,False,0
25,1,1,1,109320,1.0,11,1,1.0,3,1,1,0,3.0,4.0,3.0,3,3,9.21699886621315,2,False,True,False,False,True,False,False,True,False,False,False,False,False,True,False,False,False,False,True,False,False,False,False,False,False,True,1
28,19,4,2,32040,6.0,16,1,5.0,4,2,2,1,3.0,3.0,2.0,2,3,6.24961041954818,2,False,False,True,False,True,False,False,False,False,True,False,False,True,False,False,False,False,False,False,False,False,True,False,False,False,True,1
45,16,1,2,54840,1.0,20,3,6.0,6,6,0,4,2.0,2.0,3.0,3,4,6.705666438042981,0,False,False,True,False,True,False,False,False,False,True,False,False,False,True,False,False,False,False,False,False,False,True,False,False,False,True,0
26,8,3,2,157870,1.0,12,2,8.0,5,8,7,4,4.0,4.0,3.0,3,3,10.272241379310346,2,False,False,True,False,True,False,False,False,False,True,False,False,False,True,False,False,False,True,False,False,False,False,False,False,False,True,1
44,3,4,2,25640,1.0,12,3,20.0,3,20,13,17,4.0,4.0,3.0,1,3,7.625331284153006,1,False,False,True,False,True,False,False,False,False,True,False,False,False,True,False,False,False,False,False,False,True,False,False,False,False,True,0
25,5,3,4,27560,1.0,12,2,5.0,2,5,0,3,3.0,1.0,4.0,3,3,7.782481087470449,2,False,False,True,False,False,True,False,False,True,False,False,False,True,False,False,False,False,False,False,False,True,False,False,False,True,False,0
40,1,4,1,48690,4.0,12,0,14.0,2,11,11,1,1.0,4.0,3.0,3,3,7.923896041964712,1,False,False,True,False,False,True,False,False,True,False,False,False,False,True,False,False,False,False,False,False,False,True,False,False,True,False,0
50,17,3,1,173280,4.0,15,2,20.0,1,3,2,0,4.0,1.0,3.0,3,3,9.616168503213958,2,False,False,True,False,True,False,False,False,False,True,False,False,False,True,False,False,False,False,False,False,True,False,False,True,False,False,1
37,10,1,1,133410,1.0,14,1,18.0,3,18,12,17,4.0,1.0,2.0,3,3,6.4520891203703705,1,False,False,True,False,True,False,False,False,False,False,False,True,False,True,False,False,False,False,False,False,False,True,False,True,False,False,0
41,1,5,1,40810,2.0,13,0,14.0,3,5,0,4,3.0,2.0,3.0,3,3,7.090624999999999,2,False,False,True,False,True,False,False,False,False,True,False,False,False,True,True,False,False,False,False,False,False,False,False,True,False,False,0
58,27,3,2,21870,1.0,18,1,2.0,1,2,2,2,1.0,3.0,3.0,1,3,5.996511257953988,2,False,False,True,False,True,False,False,False,False,False,True,False,False,True,False,False,True,False,False,False,False,False,False,True,False,False,0
47,3,2,2,43640,3.0,11,1,26.0,3,20,5,6,1.0,3.0,4.0,3,3,6.341896551724139,1,False,False,True,False,True,False,False,False,False,True,False,False,False,True,False,False,True,False,False,False,False,False,False,False,True,False,0
31,8,4,3,25520,2.0,18,0,9.0,2,3,2,2,1.0,1.0,3.0,3,3,7.49025493025493,2,False,True,False,False,False,True,False,False,False,False,True,False,True,False,False,False,False,False,True,False,False,False,False,False,True,False,0
29,8,2,1,28530,4.0,14,1,4.0,5,2,2,0,1.0,1.0,3.0,2,3,8.672918925022584,2,False,False,True,False,True,False,False,False,False,True,False,False,False,True,False,False,False,True,False,False,False,False,False,True,False,False,1
35,7,4,3,61180,0.0,21,1,9.0,3,8,4,7,4.0,1.0,3.0,2,4,9.781843220338985,0,False,False,True,False,False,True,False,True,False,False,False,False,False,True,False,False,False,False,False,False,False,False,True,False,False,True,1
30,14,3,5,27950,3.0,13,0,9.0,4,4,1,3,3.0,2.0,3.0,3,3,6.500898903195041,2,False,False,True,False,True,False,False,False,False,False,False,True,False,True,False,False,False,False,False,True,False,False,False,False,True,False,0
44,4,4,5,76320,1.0,21,0,10.0,3,10,7,7,1.0,4.0,3.0,3,4,6.005806030389364,0,False,False,True,True,False,False,False,True,False,False,False,False,False,True,False,False,True,False,False,False,False,False,False,False,True,False,0
21,1,4,1,26100,1.0,11,1,2.0,3,2,2,2,4.0,2.0,4.0,2,3,10.518713512241057,2,False,False,True,False,True,False,False,True,False,False,False,False,True,False,False,False,False,False,False,False,True,False,False,False,False,True,0
42,3,4,1,10910,2.0,22,0,16.0,0,1,0,0,1.0,4.0,3.0,1,4,6.284280356305673,0,False,False,True,False,True,False,False,True,False,False,False,False,False,True,False,False,False,True,False,False,False,False,False,False,False,True,0
59,12,2,2,47230,9.0,14,0,30.0,0,3,2,2,3.0,4.0,3.0,3,3,7.212025166191833,1,True,False,False,False,True,False,False,True,False,False,False,False,False,True,False,False,False,False,False,False,False,True,False,False,True,False,0
46,12,3,3,89430,8.0,12,1,19.0,6,16,1,7,4.0,1.0,3.0,3,3,10.97084705075446,1,False,False,True,False,False,True,False,False,True,False,False,False,True,False,True,False,False,False,False,False,False,False,False,True,False,False,0
45,4,3,3,118360,1.0,22,0,10.0,2,10,7,7,1.0,2.0,3.0,4,4,6.594626113455227,0,False,False,True,False,True,False,False,False,False,True,False,False,True,False,False,False,True,False,False,False,False,False,False,True,False,False,0
40,3,4,3,51260,5.0,18,0,20.0,2,18,1,12,4.0,1.0,3.0,3,3,8.61273776863283,1,False,True,False,False,True,False,False,False,False,True,False,False,True,False,False,True,False,False,False,False,False,False,False,False,True,False,0
54,14,3,3,66740,3.0,17,1,9.0,2,4,2,3,1.0,3.0,2.0,3,3,7.91128699660359,2,False,False,True,False,True,False,False,False,False,False,True,False,False,True,False,False,False,False,False,False,True,False,False,False,True,False,0
27,5,4,2,47350,0.0,13,0,6.0,2,5,1,1,3.0,2.0,2.0,3,3,8.884953703703705,2,False,False,True,False,True,False,False,False,False,True,False,False,False,True,True,False,False,False,False,False,False,False,False,False,True,False,0
19,2,4,3,115570,1.0,22,0,1.0,0,1,0,1,2.0,4.0,3.0,3,4,10.811617104656523,0,False,False,True,False,False,True,False,False,True,False,False,False,False,True,False,False,True,False,False,False,False,False,False,False,False,True,0
37,16,3,3,33880,3.0,11,0,4.0,2,1,0,0,4.0,4.0,3.0,4,3,7.565030218503022,2,False,False,True,False,True,False,False,True,False,False,False,False,False,True,False,False,False,True,False,False,False,False,False,False,False,True,0
21,2,3,2,137570,1.0,12,1,0.0,3,0,0,0,3.0,4.0,3.0,3,3,5.986162280701755,2,False,False,True,False,False,True,False,True,False,False,False,False,False,True,False,False,False,False,True,False,False,False,False,False,False,True,0
28,8,4,1,163070,1.0,16,0,1.0,3,1,0,0,1.0,3.0,1.0,2,3,6.122678311499272,2,False,False,True,False,False,True,False,False,True,False,False,False,False,True,False,False,True,False,False,False,False,False,False,True,False,False,0
48,24,3,2,16010,4.0,12,0,15.0,3,2,2,2,3.0,1.0,3.0,3,3,7.085850767085077,2,False,False,True,False,True,False,False,False,False,False,False,True,False,True,False,False,False,False,False,False,True,False,False,True,False,False,0
30,7,3,3,23130,2.0,11,0,12.0,5,7,1,7,3.0,1.0,3.0,3,3,8.002729885057471,2,False,False,True,False,False,True,False,True,False,False,False,False,False,True,False,False,False,False,False,False,False,True,False,True,False,False,0
32,22,3,2,74460,0.0,19,0,7.0,3,6,0,5,1.0,2.0,2.0,3,3,10.69983190271817,2,False,False,True,True,False,False,True,False,False,False,False,False,True,False,False,False,False,False,False,True,False,False,False,True,False,False,0
29,16,3,1,22100,8.0,11,1,11.0,4,7,1,6,4.0,3.0,3.0,3,3,7.99858706108706,2,False,False,True,False,True,False,False,False,False,True,False,False,True,False,False,False,False,False,True,False,False,False,False,True,False,False,0
25,18,2,1,36220,1.0,25,0,2.0,0,2,2,1,4.0,2.0,2.0,3,4,7.982099673202614,0,False,False,True,False,True,False,False,True,False,False,False,False,False,True,False,False,False,False,False,False,True,False,False,False,False,True,0
26,2,1,3,65780,0.0,15,2,6.0,3,5,1,4,4.0,2.0,3.0,2,3,8.69433695652174,2,False,False,True,True,False,False,False,False,False,False,False,True,True,False,False,False,False,False,False,False,False,True,False,False,True,False,1
46,23,1,2,34910,2.0,14,0,25.0,0,19,2,8,1.0,1.0,3.0,3,3,7.880292397660818,1,False,False,True,False,True,False,False,True,False,False,False,False,False,True,False,False,True,False,False,False,False,False,False,True,False,False,0
36,9,2,2,119350,1.0,11,3,7.0,6,7,1,7,3.0,3.0,3.0,4,3,6.583521348859777,2,False,False,True,False,True,False,False,False,False,True,False,False,False,True,False,False,False,False,False,False,False,True,False,True,False,False,0
32,1,3,2,136640,3.0,14,0,10.0,6,7,7,7,3.0,4.0,3.0,3,3,7.872965399610136,1,False,False,True,False,False,True,False,False,False,True,False,False,False,True,False,False,False,False,False,False,False,True,False,False,False,True,0
21,20,2,4,53370,1.0,14,1,2.0,2,2,2,2,1.0,3.0,1.0,3,3,7.594680728446288,2,False,True,False,False,True,False,False,False,False,True,False,False,True,False,False,False,False,False,False,False,True,False,False,False,False,True,1
32,10,3,2,165980,1.0,13,0,10.0,2,10,6,7,2.0,1.0,3.0,3,3,9.491586648376773,1,False,True,False,False,True,False,False,False,False,True,False,False,True,False,False,False,False,False,True,False,False,False,False,False,False,True,1
37,1,4,5,39440,6.0,11,2,8.0,3,6,4,3,2.0,2.0,2.0,3,3,6.891148388648388,2,False,False,True,False,True,False,False,False,False,False,False,True,True,False,False,False,False,False,False,False,True,False,False,False,True,False,0
28,5,1,2,25590,1.0,11,0,8.0,3,8,1,7,3.0,2.0,2.0,2,3,5.98655510018215,2,False,False,True,False,True,False,False,False,False,False,False,True,False,True,False,False,True,False,False,False,False,False,False,False,True,False,0
34,7,4,3,23480,1.0,14,1,6.0,3,5,1,3,3.0,4.0,3.0,3,3,6.900036730945821,2,False,True,False,False,True,False,False,True,False,False,False,False,False,True,False,False,True,False,False,False,False,False,False,False,False,True,0
31,2,5,2,27280,8.0,11,0,7.0,3,4,0,2,3.0,4.0,3.0,4,3,10.40992290249433,2,False,False,True,False,False,True,False,True,False,False,False,False,False,True,False,False,False,False,False,False,False,False,True,False,True,False,0
24,28,4,3,28860,1.0,19,1,1.0,5,1,0,0,4.0,2.0,1.0,3,3,6.630590886939571,2,False,False,True,True,False,False,True,False,False,False,False,False,False,True,False,False,False,False,True,False,False,False,False,False,True,False,1
49,7,2,2,89980,1.0,14,2,9.0,2,9,7,7,3.0,4.0,4.0,4,3,6.313039855072463,1,False,False,True,False,False,True,False,True,False,False,False,False,True,False,True,False,False,False,False,False,False,False,False,False,True,False,1
29,2,4,4,64990,1.0,18,3,10.0,3,10,2,8,2.0,4.0,3.0,2,3,7.774786324786324,2,False,True,False,False,False,True,False,True,False,False,False,False,False,True,True,False,False,False,False,False,False,False,False,True,False,False,0
29,16,2,4,36460,1.0,14,0,10.0,3,10,8,8,2.0,1.0,3.0,4,3,8.015278964862299,1,False,False,True,False,True,False,False,True,False,False,False,False,True,False,False,False,True,False,False,False,False,False,False,True,False,False,0
53,6,4,1,40310,3.0,12,1,26.0,3,7,4,7,4.0,3.0,3.0,2,3,5.99468024691358,1,False,False,True,False,True,False,False,True,False,False,False,False,False,True,False,False,False,False,False,True,False,False,False,True,False,False,0
33,11,4,1,71400,5.0,21,0,8.0,2,5,0,4,3.0,4.0,1.0,2,4,10.915240820219362,0,False,False,True,False,False,True,False,False,True,False,False,False,False,True,False,False,False,False,False,False,True,False,False,False,True,False,1
52,12,3,2,48780,2.0,11,1,31.0,3,5,1,4,4.0,4.0,1.0,3,3,7.300627314814815,1,False,False,True,False,True,False,False,False,False,True,False,False,False,True,False,False,False,False,False,False,True,False,False,False,True,False,0
32,2,3,2,27060,1.0,21,1,13.0,4,13,4,8,4.0,3.0,2.0,3,4,6.974765051395007,0,False,False,True,False,False,True,False,False,True,False,False,False,False,True,False,False,True,False,False,False,False,False,False,False,True,False,0
40,8,3,2,50870,3.0,14,1,10.0,3,7,1,7,4.0,3.0,3.0,3,3,8.1285121602289,2,False,False,True,False,True,False,False,False,False,False,True,False,False,True,False,False,False,False,False,False,False,True,False,False,True,False,0
46,2,4,2,30650,2.0,11,0,7.0,3,1,0,0,3.0,3.0,4.0,3,3,6.103653752436647,2,True,False,False,False,False,True,False,False,True,False,False,False,True,False,False,False,True,False,False,False,False,False,False,False,True,False,0
33,29,4,1,31800,1.0,14,1,15.0,2,15,8,12,1.0,4.0,3.0,3,3,8.229783821478382,1,False,True,False,False,False,True,False,True,False,False,False,False,True,False,False,True,False,False,False,False,False,False,False,False,False,True,0
40,9,3,2,20730,0.0,14,0,5.0,3,4,2,3,4.0,4.0,2.0,3,3,8.798176638176638,2,False,False,True,False,False,True,False,False,True,False,False,False,False,True,False,False,False,False,False,False,True,False,False,False,False,True,0
26,4,4,3,47890,7.0,20,1,5.0,2,2,0,0,3.0,4.0,2.0,3,4,10.211988555078689,0,False,False,True,False,True,False,False,True,False,False,False,False,True,False,False,False,False,False,False,False,False,True,False,False,True,False,0
29,22,4,2,57360,1.0,22,0,4.0,1,4,0,2,4.0,3.0,2.0,2,4,6.306108726752504,0,True,False,False,False,False,True,False,False,True,False,False,False,False,True,False,True,False,False,False,False,False,False,False,False,True,False,0
39,18,2,2,28360,0.0,20,0,6.0,3,5,0,3,3.0,1.0,3.0,2,4,7.703856421356422,0,False,False,True,False,True,False,False,True,False,False,False,False,False,True,False,False,True,False,False,False,False,False,False,False,False,True,1
55,26,3,1,104480,2.0,13,0,30.0,3,5,1,2,3.0,4.0,3.0,3,3,8.711053955189758,1,False,False,True,False,False,True,False,False,True,False,False,False,False,True,False,False,True,False,False,False,False,False,False,False,False,True,0
54,25,1,1,48550,9.0,25,1,16.0,2,4,0,3,1.0,3.0,1.0,2,4,7.627571256038648,0,False,False,True,False,True,False,False,False,False,True,False,False,True,False,False,False,True,False,False,False,False,False,False,False,True,False,0
52,26,2,2,33750,2.0,21,0,28.0,2,5,0,4,4.0,3.0,3.0,2,4,8.195051440329218,0,False,False,True,False,True,False,False,True,False,False,False,False,True,False,False,False,False,False,False,False,False,False,True,False,True,False,0
34,6,4,2,96130,0.0,12,1,16.0,5,15,0,9,2.0,4.0,2.0,2,3,7.107705365622032,1,False,False,True,False,False,True,False,False,True,False,False,False,False,True,False,False,False,False,False,True,False,False,False,True,False,False,0
31,16,3,2,27820,1.0,19,1,13.0,5,13,9,9,1.0,4.0,3.0,3,3,6.688143776824034,1,False,False,True,False,True,False,False,False,False,True,False,False,False,True,False,True,False,False,False,False,False,False,False,True,False,False,0
36,5,4,1,85780,7.0,21,0,11.0,4,9,0,8,2.0,2.0,3.0,3,4,7.83278129395218,0,True,False,False,False,True,False,False,True,False,False,False,False,False,True,False,False,False,False,False,False,False,True,False,False,True,False,0
51,1,3,3,80080,2.0,15,1,10.0,4,1,0,0,2.0,3.0,3.0,3,3,7.573564814814815,2,False,False,True,False,True,False,False,False,False,False,True,False,True,False,False,False,False,False,False,True,False,False,False,False,True,False,0
39,1,3,1,105120,1.0,12,1,10.0,2,10,7,9,1.0,1.0,3.0,3,3,7.016283068783069,1,False,False,True,False,True,False,False,False,False,False,True,False,True,False,False,False,True,False,False,False,False,False,False,False,True,False,0
29,1,4,3,27160,0.0,18,0,8.0,2,7,1,1,4.0,2.0,2.0,1,3,7.091747734859323,2,False,True,False,False,True,False,False,False,False,True,False,False,False,True,False,False,False,False,False,False,True,False,False,True,False,False,0
44,10,3,3,25190,0.0,21,2,23.0,2,22,1,10,2.0,4.0,2.0,3,4,8.780275462962964,0,False,False,True,False,True,False,False,False,False,False,False,True,False,True,False,False,False,True,False,False,False,False,False,True,False,False,0
48,24,3,2,16010,4.0,12,0,15.0,3,2,2,2,3.0,1.0,3.0,3,3,7.076479963570128,2,False,False,True,False,True,False,False,False,False,False,False,True,False,True,False,False,False,False,False,False,True,False,False,True,False,False,0
48,2,5,1,47650,8.0,12,1,10.0,4,8,7,6,3.0,1.0,2.0,3,3,7.093524154589372,1,False,False,True,False,True,False,False,True,False,False,False,False,False,True,False,False,False,False,False,False,False,True,False,False,True,False,0
32,3,1,3,62090,5.0,17,1,9.0,5,5,1,2,3.0,4.0,3.0,4,3,6.592589936247723,2,True,False,False,False,True,False,False,True,False,False,False,False,False,True,False,False,False,True,False,False,False,False,False,True,False,False,0
40,8,3,2,24040,6.0,17,0,18.0,2,4,3,3,3.0,4.0,2.0,2,3,9.179383101851853,2,False,False,True,False,True,False,False,False,False,False,False,True,True,False,True,False,False,False,False,False,False,False,False,False,False,True,0
49,7,3,3,53240,2.0,19,0,20.0,2,3,1,2,1.0,3.0,2.0,1,3,6.786344907407408,2,False,False,True,False,True,False,False,True,False,False,False,False,False,True,False,False,True,False,False,False,False,False,False,False,True,False,0
29,8,3,4,52960,4.0,14,0,11.0,3,7,1,7,3.0,4.0,3.0,4,3,6.334150688298919,2,False,False,True,False,True,False,False,False,False,True,False,False,True,False,False,False,False,False,False,False,True,False,False,True,False,False,0
22,22,4,1,26540,0.0,24,0,1.0,5,0,0,0,3.0,4.0,3.0,2,4,9.87940476190476,0,False,True,False,False,True,False,False,False,False,True,False,False,False,True,False,False,False,False,False,False,False,False,True,False,True,False,1
38,2,4,1,20140,3.0,17,1,8.0,5,0,0,0,3.0,1.0,2.0,4,3,6.802448347107438,2,False,False,True,True,False,False,False,False,False,True,False,False,False,True,False,True,False,False,False,False,False,False,False,False,False,True,0
43,25,2,2,61320,6.0,13,0,22.0,3,4,1,0,2.0,1.0,3.0,2,3,7.298232738911752,2,False,False,True,False,True,False,False,False,False,True,False,False,False,True,True,False,False,False,False,False,False,False,False,False,True,False,0
41,29,3,2,52940,2.0,15,0,17.0,3,1,0,0,3.0,1.0,2.0,2,3,6.091800281293952,2,False,False,True,False,False,True,False,True,False,False,False,False,True,False,False,False,True,False,False,False,False,False,False,True,False,False,0
30,9,3,1,90710,0.0,19,1,12.0,2,11,5,7,4.0,2.0,3.0,2,3,9.183357843137255,1,False,False,True,False,False,True,False,False,True,False,False,False,True,False,False,False,False,False,False,False,True,False,False,False,True,False,0
31,2,1,3,70940,1.0,14,1,10.0,2,10,0,8,1.0,4.0,3.0,3,3,10.31786278735632,2,False,True,False,False,True,False,False,False,False,False,True,False,False,True,False,False,False,False,False,False,False,True,False,False,True,False,1
31,4,3,2,30570,1.0,19,0,1.0,3,1,0,0,2.0,3.0,3.0,3,3,7.30347337962963,2,False,True,False,False,False,True,False,True,False,False,False,False,False,True,False,False,False,True,False,False,False,False,False,False,False,True,1
37,20,5,2,68040,4.0,13,1,8.0,1,3,0,2,1.0,3.0,3.0,3,3,7.4681828193832605,2,False,False,True,False,True,False,False,True,False,False,False,False,False,True,False,False,False,True,False,False,False,False,False,False,False,True,0
32,5,3,1,96020,1.0,13,1,10.0,3,10,1,1,4.0,3.0,3.0,3,3,6.4912324929972,2,False,False,True,False,True,False,False,False,False,False,False,True,True,False,False,False,False,False,False,False,False,True,False,False,True,False,1
31,3,2,3,42850,1.0,21,1,1.0,2,1,1,0,3.0,2.0,3.0,1,4,6.348673795476893,0,False,False,True,False,True,False,False,False,False,True,False,False,True,False,False,False,False,False,False,False,False,True,False,False,False,True,0
32,23,1,3,24680,0.0,11,0,4.0,2,3,1,2,4.0,3.0,1.0,3,3,10.195875,2,False,False,True,False,False,True,False,True,False,False,False,False,False,True,True,False,False,False,False,False,False,False,False,False,False,True,1
32,17,4,4,193280,1.0,15,3,5.0,2,5,0,3,2.0,2.0,1.0,3,3,6.987566851083449,2,False,True,False,False,True,False,False,False,False,False,True,False,False,True,False,False,False,False,False,False,False,True,False,False,True,False,0
42,7,4,2,34450,1.0,11,2,22.0,2,22,11,15,3.0,4.0,3.0,3,3,6.3959226627508565,1,False,False,True,False,True,False,False,True,False,False,False,False,True,False,False,False,False,False,False,False,False,True,False,False,True,False,0
30,13,3,4,41970,1.0,13,0,11.0,3,10,1,9,4.0,4.0,3.0,3,3,6.184816810344828,2,False,False,True,False,True,False,False,True,False,False,False,False,True,False,False,False,False,False,False,True,False,False,False,False,True,False,0
28,29,2,2,68520,1.0,18,1,1.0,2,1,0,0,2.0,2.0,3.0,4,3,6.950778985507247,2,False,False,True,False,True,False,False,True,False,False,False,False,False,True,False,False,True,False,False,False,False,False,False,False,True,False,0
45,26,1,3,27940,3.0,19,1,8.0,2,5,0,2,4.0,4.0,3.0,3,3,7.010381512217611,2,False,False,True,False,True,False,False,False,False,True,False,False,True,False,True,False,False,False,False,False,False,False,False,True,False,False,0
31,10,4,3,21870,1.0,15,1,13.0,2,13,3,12,2.0,1.0,1.0,2,3,6.0742691256830605,1,False,False,True,False,True,False,False,True,False,False,False,False,False,True,False,False,False,False,False,False,False,True,False,False,True,False,0
24,3,3,1,14160,1.0,15,1,6.0,3,6,1,2,2.0,1.0,4.0,2,3,6.013961202938476,2,False,False,True,False,True,False,False,True,False,False,False,False,True,False,False,False,False,False,False,False,True,False,False,True,False,False,0
27,7,3,1,28110,2.0,20,0,6.0,3,4,1,2,4.0,4.0,2.0,3,4,6.407136015325671,0,False,True,False,False,True,False,False,True,False,False,False,False,False,True,False,False,False,False,False,False,True,False,False,False,False,True,0
40,1,4,2,199430,2.0,13,1,15.0,3,7,7,7,2.0,1.0,3.0,3,3,7.2272386310361,1,False,False,True,False,True,False,False,True,False,False,False,False,False,True,False,False,False,True,False,False,False,False,False,True,False,False,0
49,6,2,2,107390,2.0,11,3,30.0,3,15,2,12,3.0,3.0,3.0,3,3,8.480666666666666,1,False,False,True,True,False,False,False,True,False,False,False,False,True,False,False,False,False,False,False,False,True,False,False,False,True,False,0
43,8,5,3,22580,4.0,18,0,7.0,2,3,1,2,1.0,3.0,2.0,3,3,7.418051868239922,2,True,False,False,True,False,False,False,False,False,True,False,False,True,False,False,False,False,False,False,False,False,True,False,False,False,True,0
32,10,3,2,165980,1.0,13,0,10.0,2,10,6,7,2.0,1.0,3.0,3,3,9.495272967772966,1,False,True,False,False,True,False,False,False,False,True,False,False,True,False,False,False,False,False,True,False,False,False,False,False,False,True,1
36,18,1,2,67250,9.0,17,1,7.0,3,3,1,1,3.0,3.0,3.0,3,3,10.91689342403628,2,False,False,True,False,True,False,False,False,False,True,False,False,False,True,False,False,False,False,True,False,False,False,False,False,True,False,0
42,23,4,1,64470,6.0,13,0,18.0,3,1,0,0,2.0,2.0,3.0,3,3,9.421422127255465,2,False,False,True,False,True,False,False,True,False,False,False,False,True,False,False,False,False,True,False,False,False,False,False,False,True,False,0
45,17,2,2,79910,0.0,13,2,21.0,2,20,4,10,3.0,4.0,3.0,2,3,8.398237922705313,1,False,False,True,False,True,False,False,False,False,True,False,False,False,True,False,False,True,False,False,False,False,False,False,False,True,False,0
30,6,4,1,30410,1.0,11,1,9.0,2,9,0,8,2.0,1.0,3.0,2,3,10.361327825670497,2,False,False,True,False,True,False,False,False,False,True,False,False,True,False,False,False,False,False,False,False,False,True,False,False,True,False,0
31,21,3,2,99800,1.0,12,0,6.0,1,6,0,1,3.0,1.0,2.0,3,3,8.594112021857923,2,False,False,True,False,True,False,False,True,False,False,False,False,False,True,False,False,True,False,False,False,False,False,False,False,True,False,0
29,28,4,1,48410,0.0,11,0,6.0,3,5,0,4,3.0,2.0,3.0,3,3,7.827854284369115,2,False,False,True,False,True,False,False,True,False,False,False,False,True,False,False,False,False,False,False,False,False,False,True,False,True,False,0
21,1,2,5,27910,1.0,14,0,1.0,3,1,1,0,2.0,2.0,3.0,4,3,7.524425369575585,2,False,False,True,False,False,True,False,False,True,False,False,False,False,True,True,False,False,False,False,False,False,False,False,False,False,True,1
33,2,2,2,34790,3.0,12,0,5.0,3,3,0,2,2.0,4.0,3.0,3,3,7.481684861717613,2,False,False,True,False,True,False,False,False,False,False,False,True,False,True,False,False,True,False,False,False,False,False,False,False,False,True,0
55,3,2,1,73510,8.0,20,1,34.0,3,1,0,0,3.0,1.0,3.0,3,4,7.598850241545893,0,False,False,True,False,True,False,False,True,False,False,False,False,True,False,False,False,False,False,False,False,False,True,False,False,True,False,0
37,24,1,2,32910,1.0,16,3,5.0,2,5,0,3,2.0,2.0,3.0,2,3,7.993744064577397,2,False,False,True,False,True,False,False,True,False,False,False,False,False,True,False,False,False,False,False,False,False,True,False,False,True,False,0
30,12,4,2,49500,1.0,12,2,1.0,3,1,0,0,2.0,4.0,2.0,3,3,7.683623685413809,2,False,False,True,False,False,True,False,True,False,False,False,False,True,False,False,False,False,False,False,False,False,True,False,False,False,True,1
46,1,3,1,190810,3.0,21,0,12.0,2,9,4,7,4.0,4.0,2.0,3,4,7.192263244256916,0,False,False,True,True,False,False,False,True,False,False,False,False,True,False,False,False,True,False,False,False,False,False,False,True,False,False,0
35,3,3,2,22580,1.0,11,1,2.0,2,2,2,2,4.0,4.0,4.0,3,3,7.985769774011299,2,False,True,False,False,True,False,False,False,False,True,False,False,True,False,False,False,True,False,False,False,False,False,False,False,True,False,0
49,2,2,1,63800,6.0,23,1,22.0,1,9,2,3,4.0,2.0,3.0,2,4,7.179248024174802,0,False,False,True,False,False,True,False,False,False,True,False,False,True,False,False,False,False,False,False,False,False,True,False,False,True,False,0
18,1,4,1,23350,1.0,14,2,0.0,3,0,0,0,3.0,3.0,3.0,2,3,6.816210488505747,2,False,False,True,False,True,False,False,True,False,False,False,False,False,True,False,False,False,False,False,False,False,True,False,False,False,True,1
37,1,3,2,41270,2.0,13,1,15.0,2,5,0,2,1.0,4.0,3.0,3,3,11.001878952122857,2,True,False,False,False,True,False,False,False,False,True,False,False,False,True,False,False,False,False,False,False,False,True,False,True,False,False,0
32,1,1,1,30220,1.0,16,1,6.0,3,6,0,5,1.0,4.0,2.0,3,3,9.377237144168962,2,False,False,True,False,True,False,False,True,False,False,False,False,True,False,True,False,False,False,False,False,False,False,False,False,True,False,0
31,24,3,2,10810,4.0,11,3,13.0,4,7,1,7,4.0,4.0,3.0,4,3,6.600159069325735,2,False,False,True,False,False,True,False,True,False,False,False,False,False,True,True,False,False,False,False,False,False,False,False,True,False,False,0
50,8,4,1,96670,3.0,23,0,28.0,2,10,1,6,1.0,2.0,2.0,2,4,5.9777025715672,0,False,False,True,False,False,True,False,True,False,False,False,False,False,True,False,False,False,False,False,False,True,False,False,True,False,False,0
30,9,3,2,68250,1.0,14,0,1.0,2,1,0,0,2.0,1.0,4.0,3,3,6.91139233241506,2,False,True,False,False,True,False,False,False,False,False,True,False,False,True,True,False,False,False,False,False,False,False,False,False,True,False,1
51,2,1,1,39070,5.0,13,0,16.0,2,10,4,7,2.0,2.0,1.0,3,3,6.688292654579265,1,False,False,True,False,True,False,False,False,False,True,False,False,True,False,False,False,False,False,True,False,False,False,False,False,True,False,0
37,7,2,1,20280,1.0,16,1,9.0,3,9,7,7,1.0,2.0,3.0,3,3,7.489332125603865,1,True,False,False,False,True,False,False,False,False,True,False,False,False,True,False,False,False,False,False,False,False,True,False,True,False,False,0
25,7,4,4,134640,1.0,13,1,6.0,2,6,1,5,2.0,1.0,3.0,3,3,7.080087844254511,2,True,False,False,False,True,False,False,False,False,True,False,False,True,False,False,False,True,False,False,False,False,False,False,True,False,False,0
29,5,3,1,51300,4.0,11,0,8.0,3,3,1,2,4.0,4.0,4.0,2,3,7.393010477582846,2,False,False,True,False,True,False,False,False,False,True,False,False,False,True,False,False,False,False,False,False,True,False,False,True,False,False,0
41,1,3,2,68830,3.0,19,2,16.0,3,1,0,0,4.0,4.0,3.0,2,3,9.080530838041431,2,False,False,True,False,True,False,False,True,False,False,False,False,False,True,False,True,False,False,False,False,False,False,False,False,False,True,0
40,2,3,2,47750,3.0,15,1,15.0,3,5,1,0,4.0,1.0,1.0,4,3,7.602527071563089,2,False,False,True,False,True,False,False,False,False,True,False,False,False,True,False,False,False,False,False,True,False,False,False,False,False,True,1
34,7,2,4,29740,1.0,23,0,5.0,2,5,2,0,4.0,3.0,4.0,3,4,10.523336834733897,0,False,True,False,False,True,False,False,False,False,True,False,False,False,True,False,False,False,False,False,False,False,False,True,True,False,False,0
24,10,3,2,51600,1.0,17,1,1.0,3,1,0,0,4.0,2.0,3.0,1,3,7.406158172635446,2,True,False,False,False,True,False,False,True,False,False,False,False,True,False,False,False,False,True,False,False,False,False,False,False,True,False,0
40,1,1,1,22130,1.0,17,0,21.0,4,20,4,9,3.0,3.0,4.0,3,3,6.00847508001829,1,False,False,True,False,True,False,False,True,False,False,False,False,False,True,True,False,False,False,False,False,False,False,False,False,False,True,0
38,5,3,1,63490,0.0,11,0,20.0,3,19,1,9,3.0,3.0,2.0,3,3,7.293590579710146,1,False,False,True,False,True,False,False,False,False,False,False,True,False,True,False,False,False,False,False,False,False,True,False,False,True,False,0
33,26,2,1,42300,0.0,12,0,15.0,0,14,4,10,1.0,4.0,3.0,3,3,6.05553656220323,1,False,False,True,False,False,True,False,False,True,False,False,False,False,True,False,False,False,False,False,False,True,False,False,False,True,False,0
35,2,4,3,104660,1.0,13,0,2.0,1,2,2,2,4.0,4.0,3.0,3,3,7.0866505968778695,2,False,False,True,False,False,True,False,False,True,False,False,False,False,True,False,False,False,False,True,False,False,False,False,False,True,False,0
40,4,3,2,94340,1.0,13,1,9.0,3,9,8,8,3.0,4.0,3.0,2,3,5.978105646630238,1,False,False,True,False,False,True,False,False,False,True,False,False,False,True,False,False,False,False,False,False,False,True,False,False,False,True,0
49,11,4,2,35060,3.0,11,1,28.0,4,5,4,3,2.0,4.0,3.0,2,3,6.307485250737464,1,False,True,False,False,False,True,False,True,False,False,False,False,False,True,False,False,False,False,False,False,True,False,False,False,True,False,0
38,23,3,3,39040,1.0,22,0,10.0,3,10,1,9,1.0,4.0,3.0,2,4,6.905967035500231,0,False,False,True,False,True,False,False,False,False,True,False,False,False,True,False,False,False,False,False,False,False,False,True,False,True,False,0
32,15,3,2,69290,9.0,20,0,10.0,6,8,7,7,4.0,3.0,3.0,1,4,7.17957300275482,0,True,False,False,False,True,False,False,False,False,True,False,False,False,True,False,False,False,True,False,False,False,False,False,False,False,True,0
45,2,3,3,60740,0.0,14,0,9.0,2,8,3,1,2.0,3.0,3.0,3,3,5.988954741379311,2,False,False,True,False,False,True,False,True,False,False,False,False,False,True,True,False,False,False,False,False,False,False,False,False,False,True,0
40,26,4,1,34820,0.0,18,1,21.0,2,20,1,12,3.0,3.0,3.0,2,3,6.006141044061303,1,False,False,True,False,False,True,False,False,True,False,False,False,True,False,False,False,False,False,False,False,False,True,False,False,True,False,0
48,1,4,2,132370,5.0,13,1,7.0,2,1,0,0,4.0,2.0,2.0,4,3,6.110347222222223,2,False,False,True,False,True,False,False,True,False,False,False,False,True,False,False,False,True,False,False,False,False,False,False,False,False,True,0
49,6,1,3,29960,2.0,18,1,17.0,2,9,0,8,4.0,2.0,2.0,2,3,6.415900997150998,1,False,True,False,False,True,False,False,False,False,True,False,False,False,True,True,False,False,False,False,False,False,False,False,False,True,False,0
33,3,4,4,59020,0.0,12,1,14.0,2,13,3,7,3.0,3.0,4.0,3,3,6.985387275242046,1,False,False,True,False,True,False,False,True,False,False,False,False,False,True,False,False,False,False,True,False,False,False,False,False,True,False,0
36,8,3,3,69620,4.0,12,2,4.0,2,1,0,0,3.0,3.0,3.0,2,3,7.204732468123862,2,False,True,False,False,True,False,False,False,False,False,True,False,True,False,False,False,False,False,False,False,False,True,False,False,True,False,0
33,14,3,1,108200,5.0,12,0,11.0,2,9,1,7,4.0,2.0,2.0,3,3,6.731928506375228,2,True,False,False,False,True,False,False,False,False,False,True,False,False,True,False,False,False,False,False,False,True,False,False,True,False,False,0
36,2,4,4,54820,1.0,18,0,18.0,3,17,15,14,3.0,1.0,3.0,3,3,7.800405282331512,1,False,False,True,False,False,True,False,False,False,False,False,True,False,True,False,False,False,False,False,False,False,True,False,False,False,True,1
21,2,3,2,137570,1.0,12,1,0.0,3,0,0,0,3.0,4.0,3.0,3,3,5.997355652595827,2,False,False,True,False,False,True,False,True,False,False,False,False,False,True,False,False,False,False,True,False,False,False,False,False,False,True,0
24,17,2,1,25010,9.0,12,0,4.0,3,2,2,0,1.0,3.0,3.0,1,3,7.514184941520468,2,False,False,True,False,True,False,False,True,False,False,False,False,True,False,True,False,False,False,False,False,False,False,False,False,False,True,1
43,1,3,1,52650,4.0,11,1,12.0,4,5,2,2,4.0,4.0,2.0,3,3,7.585617283950618,2,False,True,False,False,True,False,False,False,False,True,False,False,False,True,False,False,True,False,False,False,False,False,False,False,True,False,0
56,2,4,1,20420,7.0,12,0,30.0,6,10,1,1,3.0,4.0,2.0,3,3,7.136065808297568,1,False,False,True,False,True,False,False,False,False,True,False,False,False,True,False,False,False,True,False,False,False,False,False,False,True,False,0
34,9,2,2,48760,2.0,21,1,14.0,3,11,5,8,3.0,1.0,3.0,3,4,7.892017224648229,0,False,False,True,False,False,True,False,False,False,True,False,False,False,True,True,False,False,False,False,False,False,False,False,False,False,True,0
51,4,1,3,40280,3.0,14,0,29.0,3,5,0,3,4.0,2.0,2.0,3,3,7.492518596001859,2,False,False,True,False,True,False,False,False,False,True,False,False,True,False,False,False,False,False,True,False,False,False,False,False,False,True,0
36,26,4,1,84740,0.0,14,0,17.0,3,16,4,11,3.0,4.0,2.0,3,3,10.29772654826958,1,False,False,True,False,True,False,False,False,False,True,False,False,False,True,False,False,True,False,False,False,False,False,False,False,True,False,0
38,2,3,3,49080,4.0,19,1,7.0,3,5,1,4,3.0,2.0,3.0,2,3,7.600153177869228,2,False,False,True,False,True,False,False,False,False,True,False,False,True,False,False,False,False,False,False,False,False,True,False,False,True,False,1
40,3,2,1,43420,3.0,11,1,11.0,6,8,0,7,3.0,3.0,4.0,2,3,6.403198478561549,2,True,False,False,False,False,True,False,True,False,False,False,False,False,True,False,False,False,False,False,False,False,True,False,True,False,False,0
54,14,3,3,66740,3.0,17,1,9.0,2,4,2,3,1.0,3.0,2.0,3,3,7.858071256038647,2,False,False,True,False,True,False,False,False,False,False,True,False,False,True,False,False,False,False,False,False,True,False,False,False,True,False,0
56,2,1,2,26440,4.0,11,1,37.0,2,6,0,2,4.0,4.0,2.0,3,3,6.312178423236514,1,False,False,True,True,False,False,False,False,False,True,False,False,False,True,False,False,False,False,False,False,False,True,False,False,False,True,0
40,2,2,1,25390,4.0,12,1,7.0,3,4,0,2,3.0,1.0,2.0,3,3,6.609389619883041,2,False,False,True,False,True,False,False,False,False,True,False,False,False,True,False,False,False,False,False,True,False,False,False,False,True,False,0
38,4,3,2,100480,1.0,23,1,6.0,2,5,1,3,3.0,4.0,3.0,3,4,8.10753457814661,0,True,False,False,False,False,True,False,True,False,False,False,False,False,True,False,False,False,False,False,True,False,False,False,False,False,True,0
26,29,4,1,63890,0.0,22,0,8.0,2,7,0,7,3.0,1.0,3.0,2,4,6.805875788452208,0,False,False,True,False,True,False,False,True,False,False,False,False,False,True,False,False,False,False,False,False,True,False,False,False,False,True,0
25,29,1,3,30690,2.0,14,1,6.0,3,2,2,2,1.0,3.0,3.0,2,3,7.785092208390964,2,False,False,True,False,False,True,False,False,False,True,False,False,True,False,False,False,False,False,False,False,True,False,False,False,True,False,0
54,9,3,2,63230,4.0,23,1,24.0,2,4,1,2,1.0,1.0,2.0,2,4,5.998969652471855,0,False,False,True,True,False,False,False,True,False,False,False,False,True,False,False,False,False,False,True,False,False,False,False,False,True,False,0
47,1,4,1,45380,8.0,11,0,16.0,3,8,1,7,3.0,2.0,4.0,3,3,6.003419540229885,1,True,False,False,False,True,False,False,False,False,True,False,False,False,True,False,False,False,False,False,False,True,False,False,False,True,False,0
36,10,4,3,86860,1.0,13,0,18.0,2,18,4,11,2.0,4.0,2.0,3,3,9.704113475177303,1,False,False,True,False,False,True,False,False,True,False,False,False,False,True,False,False,False,True,False,False,False,False,False,False,True,False,0
44,23,2,1,195860,4.0,16,0,17.0,3,3,1,2,2.0,2.0,4.0,2,3,6.737136939571151,2,True,False,False,False,True,False,False,False,False,True,False,False,True,False,False,False,False,False,False,False,True,False,False,False,True,False,0
35,2,4,2,101240,0.0,14,1,16.0,2,15,2,8,3.0,1.0,3.0,4,3,6.019582156308851,1,False,False,True,False,True,False,False,False,False,True,False,False,False,True,True,False,False,False,False,False,False,False,False,False,False,True,0
38,2,5,3,83210,3.0,11,3,13.0,5,8,7,5,4.0,4.0,3.0,2,3,7.193678486997635,1,True,False,False,False,True,False,False,True,False,False,False,False,False,True,False,True,False,False,False,False,False,False,False,False,True,False,0
40,22,2,1,23230,2.0,16,1,18.0,2,1,0,0,2.0,1.0,3.0,3,3,9.783942803563058,2,False,False,True,False,True,False,False,False,False,False,False,True,False,True,True,False,False,False,False,False,False,False,False,False,True,False,0
28,1,1,2,63470,1.0,15,1,4.0,2,4,2,2,1.0,3.0,2.0,3,3,6.709533195020747,2,False,False,True,True,False,False,True,False,False,False,False,False,False,True,False,False,False,False,False,False,True,False,False,True,False,False,0
31,2,4,3,21410,4.0,20,0,12.0,2,7,7,7,2.0,3.0,2.0,3,4,8.39816762041011,0,False,False,True,False,True,False,False,False,False,False,False,True,True,False,False,False,False,False,False,False,False,True,False,False,True,False,1
39,11,3,1,160150,1.0,11,0,21.0,3,21,2,8,4.0,1.0,3.0,4,3,10.819688697318009,1,False,True,False,False,False,True,False,False,True,False,False,False,False,True,False,False,False,False,False,False,False,True,False,False,False,True,0
46,20,3,3,40350,4.0,14,1,14.0,2,9,0,8,1.0,4.0,3.0,3,3,9.295620490620491,2,False,True,False,False,True,False,False,False,False,False,False,True,False,True,False,False,False,False,False,False,False,True,False,False,False,True,0
50,12,4,1,49000,1.0,11,0,3.0,3,3,0,2,1.0,3.0,3.0,2,3,8.894330543933053,2,False,False,True,False,True,False,False,False,False,True,False,False,False,True,False,False,False,False,False,True,False,False,False,False,True,False,1
31,9,4,1,161240,2.0,23,1,8.0,2,5,1,4,3.0,4.0,3.0,2,4,8.317417480241748,0,False,False,True,False,False,True,False,True,False,False,False,False,True,False,False,False,False,False,False,False,False,True,False,True,False,False,0
48,2,3,2,197400,3.0,14,0,24.0,2,22,4,7,4.0,4.0,3.0,4,3,7.195166427203065,1,False,True,False,False,True,False,False,True,False,False,False,False,False,True,False,False,False,False,False,True,False,False,False,True,False,False,0
48,8,1,2,53760,7.0,13,1,21.0,3,3,0,2,4.0,1.0,1.0,4,3,7.0165869667135485,2,False,False,True,False,True,False,False,False,False,True,False,False,False,True,False,False,True,False,False,False,False,False,False,False,True,False,0
30,1,2,1,25060,8.0,22,0,4.0,3,2,2,2,4.0,3.0,2.0,3,4,6.058786610878662,0,False,False,True,False,False,True,False,False,False,False,False,True,False,True,False,False,True,False,False,False,False,False,False,False,True,False,0
50,8,4,1,96670,3.0,23,0,28.0,2,10,1,6,1.0,2.0,2.0,2,4,5.97706712962963,0,False,False,True,False,False,True,False,True,False,False,False,False,False,True,False,False,False,False,False,False,True,False,False,True,False,False,0
18,1,4,2,27200,1.0,22,1,0.0,2,0,0,0,4.0,4.0,4.0,3,4,7.905436671239141,0,True,False,False,False,True,False,False,False,False,True,False,False,False,True,False,False,False,False,False,False,False,True,False,False,False,True,0
45,3,1,1,171740,9.0,14,1,12.0,6,10,9,8,4.0,4.0,3.0,3,3,7.100070018365472,1,False,False,True,False,False,True,False,False,True,False,False,False,True,False,False,False,False,False,False,False,False,True,False,False,True,False,0
37,5,3,4,21440,6.0,19,0,17.0,3,5,0,3,3.0,1.0,3.0,4,3,7.9932840307840305,2,False,False,True,False,True,False,False,True,False,False,False,False,False,True,False,False,False,False,False,False,True,False,False,False,True,False,0
35,20,2,1,51540,0.0,19,0,12.0,2,11,6,9,3.0,2.0,2.0,2,3,7.720096982758621,1,False,False,True,False,False,True,False,True,False,False,False,False,False,True,False,False,True,False,False,False,False,False,False,False,True,False,0
19,23,4,2,191970,1.0,12,0,1.0,2,1,0,0,3.0,1.0,3.0,3,3,7.2852440725244065,2,False,False,True,False,True,False,False,True,False,False,False,False,False,True,False,False,True,False,False,False,False,False,False,False,False,True,0
26,28,3,5,51510,1.0,15,3,8.0,3,8,7,7,3.0,3.0,3.0,3,3,5.980144675925926,2,False,False,True,False,False,True,False,False,False,True,False,False,True,False,False,False,True,False,False,False,False,False,False,False,True,False,0
39,17,4,2,104750,3.0,11,1,8.0,3,5,1,4,1.0,4.0,4.0,3,3,10.252200854700854,2,False,False,True,False,True,False,False,False,False,False,False,True,True,False,True,False,False,False,False,False,False,False,False,False,True,False,0
46,19,4,1,41080,2.0,14,0,19.0,5,10,0,8,3.0,3.0,2.0,2,3,7.610284810126583,1,False,False,True,False,False,True,False,False,True,False,False,False,True,False,False,False,False,False,False,False,False,True,False,True,False,False,0
32,15,3,1,101690,1.0,14,0,12.0,6,11,5,7,2.0,3.0,3.0,2,3,7.266001182033096,1,False,False,True,False,False,True,False,False,True,False,False,False,False,True,False,False,False,False,False,False,True,False,False,False,False,True,0
36,10,3,3,22320,1.0,12,1,16.0,2,16,3,7,3.0,4.0,3.0,3,3,9.80588959212377,1,False,False,True,False,True,False,False,False,False,True,False,False,False,True,False,False,False,False,False,False,False,True,False,False,True,False,1
32,12,2,1,20610,1.0,15,1,1.0,2,1,0,0,4.0,1.0,3.0,2,3,7.960068850902183,2,False,False,True,True,False,False,True,False,False,False,False,False,True,False,False,False,False,False,False,False,False,False,True,False,False,True,0
40,2,4,1,65450,4.0,15,0,22.0,2,1,0,0,2.0,2.0,2.0,3,3,9.51064351851852,2,True,False,False,False,True,False,False,True,False,False,False,False,False,True,False,True,False,False,False,False,False,False,False,False,False,True,1
34,10,2,5,77790,5.0,12,1,6.0,2,2,2,2,4.0,4.0,3.0,3,3,7.703959551656919,2,False,False,True,False,False,True,False,True,False,False,False,False,True,False,False,False,False,False,False,False,False,True,False,False,False,True,0
40,11,2,4,52950,7.0,18,0,15.0,4,12,2,11,3.0,4.0,2.0,3,3,6.194080543425521,1,False,False,True,False,True,False,False,False,False,False,False,True,False,True,False,False,True,False,False,False,False,False,False,False,True,False,0
31,1,2,1,195130,1.0,12,1,10.0,1,10,9,6,4.0,3.0,2.0,2,3,10.10100210970464,1,True,False,False,False,True,False,False,False,False,True,False,False,False,True,False,False,False,False,False,False,False,True,False,True,False,False,0
32,4,3,1,53260,4.0,14,1,7.0,2,4,0,3,4.0,4.0,2.0,3,3,7.5200012236906515,2,False,False,True,False,False,True,False,False,True,False,False,False,False,True,False,False,False,False,False,False,True,False,False,False,True,False,0
45,1,2,1,70830,2.0,12,1,25.0,5,1,0,0,2.0,1.0,3.0,3,3,6.77077147525677,2,False,False,True,False,True,False,False,False,False,True,False,False,True,False,False,False,False,False,False,False,False,True,False,True,False,False,0
25,1,1,1,109320,1.0,11,1,1.0,3,1,1,0,3.0,4.0,3.0,3,3,9.204768897996358,2,False,True,False,False,True,False,False,True,False,False,False,False,False,True,False,False,False,False,True,False,False,False,False,False,False,True,1
37,8,1,1,41930,4.0,16,1,12.0,5,6,1,2,2.0,4.0,4.0,3,3,7.423980716253444,2,False,False,True,False,True,False,False,True,False,False,False,False,False,True,False,False,False,False,False,False,False,True,False,False,False,True,0
29,8,1,1,40370,0.0,14,0,4.0,2,3,0,2,4.0,2.0,3.0,1,3,7.121506147540984,2,False,True,False,False,True,False,False,False,False,True,False,False,False,True,False,False,False,False,False,False,True,False,False,False,True,False,0
29,17,4,1,65820,1.0,19,1,6.0,3,6,1,0,3.0,4.0,3.0,3,3,8.795437641723357,2,False,False,True,False,False,True,False,False,False,True,False,False,False,True,False,False,True,False,False,False,False,False,False,True,False,False,0
37,5,1,1,27050,1.0,11,0,17.0,2,17,5,7,4.0,4.0,3.0,3,3,7.611183891314896,1,False,False,True,False,False,True,False,False,True,False,False,False,False,True,False,False,False,False,False,False,True,False,False,False,False,True,0
27,2,3,1,23670,1.0,12,1,5.0,2,5,0,4,4.0,2.0,3.0,3,3,6.210790314650935,2,False,False,True,False,False,True,False,True,False,False,False,False,False,True,False,False,False,False,False,False,False,True,False,True,False,False,0
46,23,1,2,34910,2.0,14,0,25.0,0,19,2,8,1.0,1.0,3.0,3,3,7.870749299719887,1,False,False,True,False,True,False,False,True,False,False,False,False,False,True,False,False,True,False,False,False,False,False,False,True,False,False,0
36,28,1,1,33770,0.0,12,2,16.0,2,15,10,11,4.0,4.0,3.0,3,3,7.072117467043315,1,False,False,True,False,True,False,False,True,False,False,False,False,False,True,False,False,True,False,False,False,False,False,False,False,True,False,0
43,8,5,3,22580,4.0,18,0,7.0,2,3,1,2,1.0,3.0,2.0,3,3,7.399991582491582,2,True,False,False,True,False,False,False,False,False,True,False,False,True,False,False,False,False,False,False,False,False,True,False,False,False,True,0
58,10,4,1,29360,2.0,13,1,23.0,3,2,2,2,1.0,3.0,3.0,3,3,9.59517973856209,2,False,True,False,False,True,False,False,False,False,False,False,True,True,False,False,False,False,False,False,False,False,False,True,False,True,False,0
39,5,4,2,21050,0.0,20,0,19.0,3,18,3,7,3.0,4.0,2.0,3,4,7.603831417624521,0,False,False,True,False,False,True,False,False,True,False,False,False,True,False,False,True,False,False,False,False,False,False,False,True,False,False,0
45,3,3,2,37600,0.0,14,1,10.0,2,9,3,8,2.0,4.0,2.0,2,3,7.110689927732611,1,False,False,True,False,True,False,False,False,False,True,False,False,True,False,False,False,False,False,False,False,False,True,False,False,True,False,0
45,2,3,2,83960,3.0,15,2,25.0,3,23,14,4,3.0,3.0,2.0,2,3,6.297184716361931,1,True,False,False,False,False,True,False,True,False,False,False,False,True,False,False,False,False,False,True,False,False,False,False,False,True,False,0
32,22,3,2,74460,0.0,19,0,7.0,3,6,0,5,1.0,2.0,2.0,3,3,10.695990028490028,2,False,False,True,True,False,False,True,False,False,False,False,False,True,False,False,False,False,False,False,True,False,False,False,True,False,False,0
49,6,5,2,23420,3.0,18,0,20.0,2,4,1,3,1.0,1.0,3.0,3,3,7.049729052823316,2,False,True,False,False,False,True,False,False,False,True,False,False,True,False,True,False,False,False,False,False,False,False,False,False,False,True,1
23,7,3,2,191870,1.0,11,1,5.0,2,5,1,4,4.0,4.0,4.0,3,3,6.989227053140097,2,False,False,True,False,True,False,False,True,False,False,False,False,False,True,False,False,False,False,False,False,True,False,False,False,False,True,0
31,4,3,2,30570,1.0,19,0,1.0,3,1,0,0,2.0,3.0,3.0,3,3,7.304688232536335,2,False,True,False,False,False,True,False,True,False,False,False,False,False,True,False,False,False,True,False,False,False,False,False,False,False,True,1
46,12,3,3,89430,8.0,12,1,19.0,6,16,1,7,4.0,1.0,3.0,3,3,10.988871455137144,1,False,False,True,False,False,True,False,False,True,False,False,False,True,False,True,False,False,False,False,False,False,False,False,True,False,False,0
51,6,3,1,15690,2.0,11,0,18.0,2,4,0,3,1.0,4.0,3.0,4,3,7.189976851851852,2,False,True,False,False,True,False,False,True,False,False,False,False,True,False,False,False,False,True,False,False,False,False,False,False,False,True,1
32,18,3,1,23890,6.0,12,1,5.0,4,3,0,2,3.0,2.0,3.0,2,3,7.071233424782808,2,True,False,False,False,False,True,False,False,True,False,False,False,False,True,False,False,True,False,False,False,False,False,False,False,True,False,0
30,4,3,5,56050,0.0,12,1,9.0,0,8,1,7,2.0,1.0,2.0,2,3,10.098746584699454,2,False,False,True,False,True,False,False,True,False,False,False,False,True,False,True,False,False,False,False,False,False,False,False,False,True,False,0
34,2,1,1,134990,4.0,23,2,11.0,2,7,0,7,4.0,1.0,2.0,4,4,7.893937198067632,0,False,True,False,False,True,False,False,True,False,False,False,False,False,True,False,False,False,False,True,False,False,False,False,False,True,False,1
40,22,2,1,23230,2.0,16,1,18.0,2,1,0,0,2.0,1.0,3.0,3,3,9.824216149347729,2,False,False,True,False,True,False,False,False,False,False,False,True,False,True,True,False,False,False,False,False,False,False,False,False,True,False,0
35,6,4,2,61420,2.0,15,1,10.0,2,2,2,2,3.0,4.0,3.0,3,3,7.715177304964539,2,False,True,False,False,True,False,False,False,False,True,False,False,True,False,False,False,False,False,False,True,False,False,False,False,False,True,0
29,6,3,1,22440,1.0,12,3,11.0,5,11,3,10,4.0,1.0,1.0,1,3,6.798305898491083,1,False,False,True,False,True,False,False,True,False,False,False,False,False,True,False,False,False,False,False,False,False,True,False,False,True,False,1
24,22,3,1,29350,0.0,14,2,3.0,5,2,2,1,4.0,4.0,3.0,2,3,5.993148148148148,2,False,True,False,False,False,True,False,True,False,False,False,False,True,False,True,False,False,False,False,False,False,False,False,False,True,False,0
24,6,3,3,10520,1.0,13,0,5.0,3,5,0,4,3.0,3.0,3.0,3,3,6.711200604370061,2,False,False,True,False,True,False,False,True,False,False,False,False,False,True,False,False,False,False,False,False,False,True,False,False,True,False,0
42,10,3,2,66510,0.0,20,0,10.0,5,9,4,2,3.0,2.0,3.0,2,4,6.892245179063361,0,False,False,True,False,True,False,False,False,False,False,False,True,False,True,False,False,True,False,False,False,False,False,False,False,True,False,0
56,10,4,2,42580,2.0,16,0,5.0,2,3,1,0,1.0,1.0,4.0,3,3,6.6068304221251815,2,False,False,True,False,True,False,False,False,False,False,True,False,False,True,False,False,False,False,False,False,False,False,True,False,True,False,0
35,1,2,2,109380,6.0,14,2,12.0,2,10,0,8,4.0,4.0,3.0,1,3,7.318681434599156,2,False,False,True,False,False,True,False,True,False,False,False,False,True,False,True,False,False,False,False,False,False,False,False,True,False,False,0
36,7,2,1,56600,7.0,12,0,9.0,3,1,0,0,1.0,3.0,2.0,3,3,6.082717127607957,2,False,False,True,False,True,False,False,True,False,False,False,False,True,False,False,False,False,False,False,False,True,False,False,True,False,False,1
29,5,4,4,66730,6.0,12,1,8.0,2,4,0,3,1.0,4.0,3.0,4,3,6.452346460384435,2,False,False,True,False,True,False,False,True,False,False,False,False,True,False,True,False,False,False,False,False,False,False,False,True,False,False,0
36,1,3,2,35050,1.0,12,2,10.0,2,10,1,8,1.0,4.0,2.0,2,3,6.329309056956116,2,False,False,True,False,False,True,False,False,True,False,False,False,False,True,False,False,False,False,False,False,True,False,False,False,False,True,0
30,12,4,2,49500,1.0,12,2,1.0,3,1,0,0,2.0,4.0,2.0,3,3,7.692906920077973,2,False,False,True,False,False,True,False,True,False,False,False,False,True,False,False,False,False,False,False,False,False,True,False,False,False,True,1
36,7,2,1,56600,7.0,12,0,9.0,3,1,0,0,1.0,3.0,2.0,3,3,6.082619895536562,2,False,False,True,False,True,False,False,True,False,False,False,False,True,False,False,False,False,False,False,False,True,False,False,True,False,False,1
48,2,1,2,23700,2.0,11,0,27.0,3,5,2,1,1.0,4.0,2.0,3,3,6.170675451092117,2,True,False,False,False,False,True,False,True,False,False,False,False,False,True,False,False,False,False,False,False,False,True,False,False,False,True,0
43,11,2,3,168350,3.0,17,1,25.0,3,8,0,7,3.0,4.0,3.0,3,3,6.5930100373482725,1,False,False,True,False,True,False,False,True,False,False,False,False,False,True,False,False,True,False,False,False,False,False,False,False,True,False,0
46,6,4,3,21740,3.0,11,1,23.0,3,12,4,9,1.0,3.0,3.0,3,3,6.390338164251208,1,False,False,True,False,True,False,False,False,False,True,False,False,False,True,False,False,False,False,False,False,False,True,False,False,True,False,0
26,14,3,2,75100,0.0,18,3,7.0,3,6,0,4,3.0,1.0,3.0,3,3,7.021446150097466,2,False,True,False,False,False,True,False,True,False,False,False,False,False,True,False,False,False,True,False,False,False,False,False,False,False,True,1
44,23,2,1,195860,4.0,16,0,17.0,3,3,1,2,2.0,2.0,4.0,2,3,6.7090300925925925,2,True,False,False,False,True,False,False,False,False,True,False,False,True,False,False,False,False,False,False,False,True,False,False,False,True,False,0
25,5,1,4,139730,1.0,14,0,7.0,3,7,0,7,4.0,3.0,3.0,2,3,6.126019736842106,2,False,True,False,False,False,True,False,False,True,False,False,False,False,True,False,False,False,False,True,False,False,False,False,True,False,False,0
32,10,4,1,87400,2.0,11,1,12.0,2,7,0,7,2.0,2.0,3.0,3,3,5.983953544061304,2,True,False,False,False,True,False,False,True,False,False,False,False,True,False,False,False,True,False,False,False,False,False,False,False,False,True,0
40,2,4,4,50330,2.0,14,2,6.0,6,4,0,2,2.0,4.0,2.0,3,3,9.893391393442624,2,False,False,True,False,True,False,False,False,False,False,True,False,False,True,False,False,False,False,False,False,True,False,False,False,True,False,0
29,2,3,1,41570,1.0,17,3,6.0,2,6,1,2,2.0,3.0,2.0,3,3,6.810724121557455,2,False,False,True,False,True,False,False,True,False,False,False,False,True,False,True,False,False,False,False,False,False,False,False,False,True,False,0
33,8,4,3,24510,1.0,13,1,9.0,3,9,0,8,1.0,1.0,3.0,2,3,5.992264775413712,2,False,False,True,False,True,False,False,True,False,False,False,False,False,True,False,False,True,False,False,False,False,False,False,True,False,False,0
41,6,3,1,102390,3.0,24,3,23.0,3,21,12,6,2.0,4.0,2.0,3,4,7.706537494284408,1,False,False,True,False,False,True,False,False,False,True,False,False,False,True,False,False,False,False,False,False,False,True,False,True,False,False,0
34,14,4,2,61460,2.0,12,0,10.0,3,4,1,3,2.0,4.0,3.0,3,3,6.203041125541126,2,False,False,True,False,True,False,False,False,False,False,False,True,False,True,False,False,False,False,True,False,False,False,False,False,False,True,0
36,5,3,4,177790,1.0,17,1,10.0,5,10,0,8,2.0,4.0,2.0,1,3,6.489738984674329,2,False,True,False,False,True,False,False,False,False,True,False,False,True,False,False,False,False,False,True,False,False,False,False,False,False,True,0
19,23,4,2,191970,1.0,12,0,1.0,2,1,0,0,3.0,1.0,3.0,3,3,7.311391283524904,2,False,False,True,False,True,False,False,True,False,False,False,False,False,True,False,False,True,False,False,False,False,False,False,False,False,True,0
29,8,3,4,52960,4.0,14,0,11.0,3,7,1,7,3.0,4.0,3.0,4,3,6.323727053140097,2,False,False,True,False,True,False,False,False,False,True,False,False,True,False,False,False,False,False,False,False,True,False,False,True,False,False,0
28,10,1,1,25610,1.0,22,1,2.0,3,2,2,2,3.0,3.0,2.0,3,4,10.671643614568929,0,False,False,True,False,True,False,False,False,False,True,False,False,False,True,False,False,False,False,False,False,False,True,False,False,False,True,1
41,23,3,2,26570,4.0,11,0,10.0,3,7,1,0,2.0,4.0,2.0,4,3,10.410460557960558,2,False,False,True,False,True,False,False,True,False,False,False,False,True,False,False,False,False,False,False,False,False,True,False,True,False,False,1
32,4,3,1,53260,4.0,14,1,7.0,2,4,0,3,4.0,4.0,2.0,3,3,7.485165260196905,2,False,False,True,False,False,True,False,False,True,False,False,False,False,True,False,False,False,False,False,False,True,False,False,False,True,False,0
43,2,2,1,78610,1.0,14,2,20.0,1,20,1,8,1.0,3.0,1.0,3,3,9.664248501613647,1,False,False,True,False,True,False,False,False,False,True,False,False,False,True,False,False,True,False,False,False,False,False,False,False,False,True,0
32,10,3,1,30720,5.0,12,0,9.0,4,5,1,3,3.0,3.0,2.0,1,3,6.58656795224977,2,False,False,True,False,False,True,False,False,True,False,False,False,True,False,False,True,False,False,False,False,False,False,False,False,True,False,0
35,9,3,2,40840,4.0,13,1,5.0,3,3,1,2,2.0,1.0,2.0,3,3,6.108751835535975,2,False,True,False,True,False,False,False,False,False,False,True,False,True,False,False,False,False,False,False,False,False,False,True,False,True,False,0
49,3,4,1,47280,3.0,11,1,8.0,4,5,0,4,4.0,4.0,4.0,3,3,7.697562104787714,2,False,False,True,False,False,True,False,False,True,False,False,False,False,True,False,False,False,False,False,False,False,True,False,False,False,True,0
22,2,1,1,193310,1.0,12,1,1.0,2,0,0,0,2.0,4.0,3.0,3,3,6.262097107438016,2,False,False,True,False,True,False,False,True,False,False,False,False,False,True,False,False,False,False,False,False,False,False,True,False,False,True,0
34,9,4,2,26250,1.0,12,3,16.0,4,15,6,11,3.0,4.0,3.0,3,3,8.92771402550091,1,False,True,False,False,True,False,False,True,False,False,False,False,True,False,False,False,False,False,True,False,False,False,False,False,True,False,0
36,5,1,1,13590,4.0,12,0,17.0,2,5,0,3,3.0,4.0,3.0,3,3,7.731271990740741,2,False,True,False,False,True,False,False,False,False,False,False,True,False,True,False,False,False,False,False,False,False,True,False,False,True,False,0
38,23,3,3,39040,1.0,22,0,10.0,3,10,1,9,1.0,4.0,3.0,2,4,6.913981102003643,0,False,False,True,False,True,False,False,False,False,True,False,False,False,True,False,False,False,False,False,False,False,False,True,False,True,False,0
34,7,2,4,29740,1.0,23,0,5.0,2,5,2,0,4.0,3.0,4.0,3,4,10.51404477262072,0,False,True,False,False,True,False,False,False,False,True,False,False,False,True,False,False,False,False,False,False,False,False,True,True,False,False,0
36,5,3,3,54050,4.0,14,0,10.0,2,8,7,7,3.0,2.0,3.0,3,3,6.1994655414908575,1,False,False,True,False,False,True,False,False,False,False,False,True,False,True,False,False,False,False,False,False,False,True,False,False,False,True,0
54,8,2,2,61340,2.0,19,0,16.0,2,6,0,5,4.0,1.0,3.0,2,3,6.422204184704185,2,False,False,True,False,False,True,False,False,True,False,False,False,True,False,False,False,True,False,False,False,False,False,False,False,True,False,0
42,2,4,1,29770,4.0,15,3,8.0,3,2,2,0,2.0,3.0,3.0,2,3,7.810652071563088,2,False,True,False,False,True,False,False,False,False,True,False,False,True,False,False,False,False,False,False,False,True,False,False,False,True,False,0
45,1,4,1,25800,8.0,17,3,20.0,3,17,0,15,2.0,2.0,1.0,3,3,6.79074154589372,1,False,False,True,False,False,True,False,False,False,False,False,True,False,True,False,False,False,False,False,False,True,False,False,True,False,False,0
49,1,4,2,58100,1.0,21,1,10.0,2,10,1,7,3.0,2.0,3.0,3,4,6.697707115009746,0,False,True,False,False,False,True,False,True,False,False,False,False,True,False,False,False,False,False,True,False,False,False,False,False,True,False,0
29,2,4,4,106500,1.0,13,2,1.0,2,1,0,0,2.0,1.0,3.0,4,3,10.66860992402659,2,False,False,True,False,False,True,False,False,True,False,False,False,True,False,False,False,False,False,False,False,True,False,False,False,True,False,1
32,24,3,4,37300,1.0,25,1,8.0,4,8,6,3,3.0,1.0,4.0,3,4,7.8935768321513,0,False,False,True,False,True,False,False,True,False,False,False,False,False,True,False,False,True,False,False,False,False,False,False,False,True,False,0
40,16,4,1,36330,3.0,16,2,10.0,0,4,0,3,1.0,1.0,1.0,3,3,10.471295918367346,2,False,False,True,False,False,True,False,False,True,False,False,False,False,True,False,False,False,False,False,True,False,False,False,False,False,True,1
28,8,3,4,11180,1.0,11,0,7.0,3,7,0,7,3.0,4.0,3.0,3,3,10.595948195030472,2,False,True,False,False,False,True,False,True,False,False,False,False,False,True,False,False,False,False,False,False,True,False,False,False,True,False,0
30,10,3,2,55070,1.0,12,2,10.0,2,10,1,2,4.0,3.0,3.0,2,3,7.593638888888889,2,False,False,True,False,True,False,False,True,False,False,False,False,False,True,False,False,False,False,False,False,True,False,False,True,False,False,0
39,22,3,1,129650,0.0,19,1,20.0,2,19,11,8,3.0,3.0,3.0,3,3,7.441578884078885,1,False,True,False,False,True,False,False,False,False,True,False,False,True,False,False,False,False,False,True,False,False,False,False,False,False,True,0
35,2,3,3,23210,9.0,12,1,15.0,0,13,6,0,4.0,1.0,3.0,3,3,5.993160310734463,2,False,False,True,False,True,False,False,True,False,False,False,False,False,True,True,False,False,False,False,False,False,False,False,False,True,False,1
42,2,2,3,29560,5.0,13,0,23.0,2,20,4,8,3.0,2.0,4.0,3,3,6.0334113060428844,1,False,True,False,False,False,True,False,False,True,False,False,False,False,True,False,False,False,False,False,True,False,False,False,False,True,False,0
32,21,3,2,23620,1.0,11,0,9.0,2,9,7,8,1.0,4.0,3.0,3,3,8.126881914381915,1,False,False,True,False,True,False,False,False,False,False,True,False,False,True,False,False,False,False,False,False,False,True,False,False,True,False,0
58,2,3,2,39680,2.0,13,2,12.0,3,5,1,2,4.0,3.0,3.0,2,3,10.895463728191,2,True,False,False,False,True,False,False,True,False,False,False,False,False,True,False,False,False,False,True,False,False,False,False,True,False,False,0
34,7,4,1,13930,1.0,11,2,10.0,4,10,1,9,4.0,3.0,2.0,4,3,6.798693853427896,2,False,True,False,True,False,False,False,False,False,False,True,False,True,False,False,False,False,False,False,False,True,False,False,False,True,False,0
25,17,3,1,199260,7.0,11,3,6.0,5,4,0,1,1.0,1.0,2.0,4,3,6.416490429505136,2,False,False,True,False,True,False,False,False,False,True,False,False,False,True,False,False,True,False,False,False,False,False,False,False,False,True,0
52,29,3,2,29420,8.0,11,1,9.0,1,5,1,4,4.0,3.0,3.0,2,3,6.109673758865248,2,False,False,True,False,True,False,False,True,False,False,False,False,False,True,False,False,False,False,True,False,False,False,False,False,True,False,0
26,2,2,1,28350,3.0,11,1,5.0,2,2,2,0,1.0,3.0,3.0,3,3,7.081466714559387,2,False,True,False,False,True,False,False,True,False,False,False,False,False,True,False,False,False,False,True,False,False,False,False,True,False,False,0
31,1,3,3,20440,0.0,21,0,10.0,2,9,7,8,2.0,4.0,3.0,3,4,7.226828989483311,0,False,False,True,False,True,False,False,True,False,False,False,False,False,True,False,False,True,False,False,False,False,False,False,False,True,False,0
32,22,3,2,74460,0.0,19,0,7.0,3,6,0,5,1.0,2.0,2.0,3,3,10.699560669456067,2,False,False,True,True,False,False,True,False,False,False,False,False,True,False,False,False,False,False,False,True,False,False,False,True,False,False,0
34,2,2,1,64100,1.0,13,1,1.0,5,1,0,0,3.0,3.0,3.0,2,3,9.218184198542804,2,False,False,True,False,True,False,False,True,False,False,False,False,False,True,False,False,False,False,False,False,False,False,True,False,True,False,0
32,9,4,2,57690,1.0,11,0,4.0,3,4,1,2,4.0,1.0,3.0,3,3,6.725276595744681,2,False,False,True,False,False,True,False,True,False,False,False,False,True,False,False,False,False,False,False,False,True,False,False,False,False,True,0
32,12,2,1,20610,1.0,15,1,1.0,2,1,0,0,4.0,1.0,3.0,2,3,7.979950266860746,2,False,False,True,True,False,False,True,False,False,False,False,False,True,False,False,False,False,False,False,False,False,False,True,False,False,True,0
35,5,4,3,16750,1.0,16,0,3.0,6,3,0,2,1.0,4.0,2.0,2,3,7.784760047281324,2,False,False,True,False,True,False,False,False,False,True,False,False,False,True,False,False,False,True,False,False,False,False,False,False,True,False,0
53,8,2,2,120610,2.0,20,1,30.0,2,15,6,12,3.0,2.0,3.0,4,4,7.778898071625345,1,False,True,False,False,False,True,False,False,False,True,False,False,False,True,False,False,False,False,False,False,True,False,False,False,True,False,0
49,2,3,1,47240,1.0,11,1,16.0,3,15,5,11,3.0,1.0,2.0,2,3,7.196874704491727,1,False,False,True,False,True,False,False,True,False,False,False,False,True,False,False,False,False,False,False,False,False,True,False,False,True,False,0
51,6,2,1,131160,1.0,11,0,1.0,6,1,0,0,3.0,4.0,2.0,3,3,7.373650622605365,2,False,False,True,False,False,True,False,True,False,False,False,False,True,False,True,False,False,False,False,False,False,False,False,False,True,False,0
32,2,4,2,41480,7.0,15,0,10.0,0,5,0,4,1.0,1.0,4.0,2,3,7.873010869565218,2,False,False,True,False,True,False,False,True,False,False,False,False,True,False,False,False,False,False,False,True,False,False,False,False,False,True,1
34,10,2,5,77790,5.0,12,1,6.0,2,2,2,2,4.0,4.0,3.0,3,3,7.70343010018215,2,False,False,True,False,False,True,False,True,False,False,False,False,True,False,False,False,False,False,False,False,False,True,False,False,False,True,0
30,7,3,2,14830,5.0,13,0,12.0,3,0,0,0,3.0,4.0,2.0,3,3,9.40196485260771,2,False,False,True,False,True,False,False,False,False,False,False,True,False,True,False,False,False,False,False,True,False,False,False,False,False,True,0
36,5,4,1,85780,7.0,21,0,10.0,4,9,0,8,2.0,2.0,3.0,3,4,7.817613035113035,0,True,False,False,False,True,False,False,True,False,False,False,False,False,True,False,False,False,False,False,False,False,True,False,False,True,False,0
29,29,4,2,21270,0.0,11,1,10.0,3,9,0,8,4.0,3.0,3.0,2,3,10.72930316091954,2,False,False,True,False,False,True,False,True,False,False,False,False,False,True,False,False,True,False,False,False,False,False,False,False,False,True,0
33,2,4,1,25960,8.0,14,1,13.0,4,11,1,7,4.0,2.0,2.0,3,3,7.386259746588694,2,True,False,False,False,True,False,False,False,False,True,False,False,False,True,False,False,False,False,False,False,False,False,True,False,False,True,0
30,20,3,3,48100,8.0,18,0,8.0,3,4,0,3,3.0,1.0,3.0,2,3,7.510671010516689,2,False,False,True,False,False,True,False,False,True,False,False,False,False,True,False,False,False,False,False,False,False,True,False,True,False,False,0
27,15,4,3,39020,1.0,22,0,4.0,2,4,1,2,3.0,2.0,2.0,3,4,10.713731292517007,0,False,False,True,False,True,False,False,False,False,True,False,False,False,True,False,False,False,False,False,False,True,False,False,False,False,True,0
30,2,3,2,40000,4.0,12,0,7.0,5,5,0,1,1.0,3.0,3.0,2,3,10.489197796934867,2,False,False,True,False,False,True,False,True,False,False,False,False,False,True,True,False,False,False,False,False,False,False,False,False,True,False,1
32,10,4,5,23800,4.0,13,0,9.0,5,6,1,2,4.0,1.0,2.0,3,3,7.385480418943533,2,True,False,False,False,True,False,False,True,False,False,False,False,True,False,False,False,False,False,False,False,True,False,False,False,True,False,0
30,1,3,1,54700,1.0,18,1,12.0,2,12,6,10,3.0,1.0,3.0,3,3,6.828885445362718,1,True,False,False,False,False,True,False,False,False,True,False,False,True,False,False,False,False,False,False,False,False,True,False,True,False,False,0
45,2,3,2,103680,6.0,12,2,23.0,2,19,12,8,4.0,4.0,3.0,3,3,6.583583900226757,1,True,False,False,False,True,False,False,False,False,True,False,False,True,False,False,False,False,False,False,False,True,False,False,False,False,True,0
47,1,1,1,57620,1.0,11,2,10.0,4,10,9,9,1.0,2.0,2.0,2,3,9.422889344262297,1,True,False,False,False,True,False,False,False,False,True,False,False,False,True,False,False,False,False,False,False,True,False,False,False,True,False,1
31,2,3,2,25720,1.0,13,3,10.0,3,10,4,7,3.0,2.0,3.0,3,3,6.805786026200874,2,False,True,False,False,False,True,False,False,False,True,False,False,False,True,False,False,False,False,False,False,False,True,False,False,False,True,1
21,3,1,1,170990,1.0,14,1,3.0,2,2,2,2,3.0,4.0,3.0,3,3,7.932450023245003,2,False,False,True,False,True,False,False,True,False,False,False,False,True,False,False,False,True,False,False,False,False,False,False,False,False,True,0
54,5,3,2,24780,6.0,11,0,13.0,0,9,7,0,3.0,3.0,3.0,3,3,7.606151620370371,1,False,False,True,False,True,False,False,False,False,True,False,False,True,False,False,False,False,False,True,False,False,False,False,False,True,False,0
42,1,2,4,30340,7.0,21,1,9.0,3,6,1,5,2.0,1.0,4.0,2,4,7.692869167869168,0,False,False,True,False,True,False,False,True,False,False,False,False,False,True,False,False,True,False,False,False,False,False,False,False,False,True,0
34,2,5,2,49990,3.0,12,2,10.0,2,5,4,3,2.0,3.0,3.0,4,3,6.407837219935986,2,False,False,True,False,True,False,False,False,False,False,False,True,False,True,True,False,False,False,False,False,False,False,False,False,False,True,0
34,6,2,4,102480,1.0,12,1,6.0,4,6,1,3,2.0,4.0,3.0,3,3,8.88040070921986,2,False,False,True,False,False,True,False,True,False,False,False,False,False,True,False,False,False,False,False,True,False,False,False,False,True,False,0
36,1,3,2,23050,1.0,17,0,8.0,3,8,1,7,2.0,4.0,3.0,3,3,7.498819158664837,2,False,True,False,False,True,False,False,True,False,False,False,False,True,False,False,False,True,False,False,False,False,False,False,False,False,True,0
31,2,4,1,29090,9.0,14,2,10.0,2,5,0,1,3.0,4.0,2.0,3,3,6.695462194559705,2,False,False,True,False,True,False,False,True,False,False,False,False,True,False,False,False,False,False,False,False,False,True,False,True,False,False,0
35,10,1,2,43230,2.0,18,3,15.0,3,7,1,7,2.0,4.0,3.0,3,3,6.677146038443507,2,True,False,False,False,False,True,False,True,False,False,False,False,True,False,False,False,False,False,False,True,False,False,False,True,False,False,0
35,1,2,1,67960,0.0,13,0,5.0,2,4,3,2,4.0,3.0,2.0,3,3,9.072801783264746,2,False,True,False,False,True,False,False,False,False,True,False,False,False,True,False,False,False,False,True,False,False,False,False,False,True,False,1
45,3,3,3,35800,4.0,20,1,8.0,1,5,0,3,4.0,4.0,3.0,2,4,6.04475360297536,0,False,False,True,False,False,True,False,True,False,False,False,False,False,True,False,False,True,False,False,False,False,False,False,False,True,False,0
24,7,3,1,12320,1.0,12,0,1.0,4,1,0,0,4.0,2.0,3.0,1,3,6.786804407713499,2,False,False,True,False,False,True,False,False,False,True,False,False,True,False,False,False,True,False,False,False,False,False,False,False,True,False,0
27,1,3,1,20580,1.0,14,1,1.0,5,1,0,0,2.0,3.0,3.0,3,3,7.698942495126706,2,False,False,True,False,True,False,False,False,False,True,False,False,False,True,False,False,False,False,False,False,True,False,False,False,False,True,0
31,10,4,3,61250,0.0,13,1,3.0,3,2,1,2,1.0,3.0,3.0,3,3,7.226888888888889,2,False,False,True,False,True,False,False,False,False,True,False,False,True,False,False,False,False,False,False,False,False,True,False,False,True,False,0
58,8,4,2,29720,0.0,14,0,38.0,2,37,1,8,4.0,3.0,2.0,4,3,7.1178888888888885,1,False,False,True,False,True,False,False,True,False,False,False,False,False,True,False,False,False,False,False,False,False,True,False,False,False,True,0
34,3,2,2,26590,0.0,24,3,10.0,2,9,1,6,4.0,4.0,2.0,3,4,7.4184357344632765,0,False,False,True,False,True,False,False,False,False,False,False,True,False,True,False,False,False,False,False,True,False,False,False,True,False,False,0
36,10,4,2,41520,9.0,19,1,10.0,3,8,0,5,1.0,1.0,3.0,3,3,5.98372763653484,2,True,False,False,False,True,False,False,False,False,False,False,True,True,False,False,False,False,False,False,False,True,False,False,False,True,False,0
29,29,1,1,192020,1.0,12,0,3.0,5,3,0,2,3.0,4.0,3.0,3,3,7.60241769547325,2,False,True,False,False,True,False,False,True,False,False,False,False,False,True,False,False,False,False,False,False,False,False,True,False,True,False,0
34,7,1,1,62880,0.0,15,1,16.0,2,15,10,10,1.0,2.0,4.0,3,3,8.51721415398801,1,False,False,True,False,True,False,False,False,False,True,False,False,False,True,False,False,False,False,False,False,True,False,False,False,False,True,1
45,29,2,2,29730,1.0,12,0,10.0,2,10,1,4,3.0,1.0,3.0,3,3,8.90795908879591,2,False,False,True,False,False,True,False,False,False,False,False,True,True,False,False,False,False,False,False,False,True,False,False,False,False,True,0
36,5,2,1,47170,1.0,19,1,12.0,3,11,0,7,3.0,2.0,2.0,3,3,6.086726108824874,2,False,True,False,False,False,True,False,False,True,False,False,False,True,False,False,False,True,False,False,False,False,False,False,False,True,False,0
25,7,4,4,134640,1.0,13,1,6.0,2,6,1,5,2.0,1.0,3.0,3,3,7.128381020505485,2,True,False,False,False,True,False,False,False,False,True,False,False,True,False,False,False,True,False,False,False,False,False,False,True,False,False,0
35,10,4,1,26320,3.0,13,3,7.0,3,2,2,2,4.0,3.0,3.0,4,3,7.781327941865917,2,False,False,True,False,False,True,False,False,True,False,False,False,True,False,False,False,False,False,False,False,True,False,False,False,False,True,0
46,6,3,4,46150,6.0,12,0,19.0,3,10,0,9,3.0,2.0,3.0,2,3,7.575745673952642,1,False,False,True,False,True,False,False,False,False,True,False,False,False,True,False,False,False,False,False,False,False,True,False,False,False,True,0
30,9,3,1,92500,1.0,12,3,11.0,0,11,2,7,3.0,2.0,2.0,3,3,8.071362994350283,2,False,False,True,False,True,False,False,True,False,False,False,False,False,True,False,False,False,False,True,False,False,False,False,True,False,False,0
27,3,3,1,27830,6.0,16,1,6.0,2,2,2,2,4.0,2.0,1.0,4,3,6.300498366013072,2,True,False,False,False,True,False,False,False,False,True,False,False,False,True,True,False,False,False,False,False,False,False,False,True,False,False,0
38,28,4,1,65830,0.0,12,0,12.0,1,11,2,9,3.0,4.0,3.0,3,3,8.983123278236915,1,False,False,True,False,True,False,False,False,False,True,False,False,False,True,False,False,True,False,False,False,False,False,False,True,False,False,0
30,13,3,2,57700,1.0,16,1,5.0,2,5,0,4,1.0,3.0,2.0,4,3,6.679929981634527,2,False,False,True,False,False,True,False,False,True,False,False,False,True,False,False,False,True,False,False,False,False,False,False,False,False,True,0
40,28,2,1,167040,9.0,22,0,5.0,2,3,0,2,4.0,4.0,1.0,4,4,6.108284662867996,0,True,False,False,False,True,False,False,True,False,False,False,False,False,True,False,False,False,False,True,False,False,False,False,False,True,False,0
46,6,4,3,21740,3.0,11,1,23.0,3,12,4,9,1.0,3.0,3.0,3,3,6.399091970121382,1,False,False,True,False,True,False,False,False,False,True,False,False,False,True,False,False,False,False,False,False,False,True,False,False,True,False,0
39,26,4,1,30670,1.0,20,1,21.0,5,21,1,6,2.0,3.0,3.0,1,4,9.009179138321995,0,False,True,False,False,True,False,False,False,False,False,False,True,True,False,False,False,False,False,False,False,False,True,False,True,False,False,0
47,3,2,2,43640,3.0,11,1,26.0,3,20,5,6,1.0,3.0,4.0,3,3,6.33001283846872,1,False,False,True,False,True,False,False,False,False,True,False,False,False,True,False,False,True,False,False,False,False,False,False,False,True,False,0
50,10,4,3,47870,0.0,12,0,28.0,3,27,15,7,2.0,3.0,3.0,3,3,7.219125603864734,1,False,False,True,False,False,True,False,True,False,False,False,False,True,False,False,False,False,True,False,False,False,False,False,False,True,False,0
46,28,3,3,190450,6.0,11,3,13.0,2,8,0,7,4.0,3.0,3.0,3,3,6.92137741046832,2,False,False,True,False,True,False,False,False,False,True,False,False,True,False,False,True,False,False,False,False,False,False,False,True,False,False,0
32,2,3,5,30380,1.0,11,0,10.0,5,10,0,8,4.0,4.0,2.0,1,3,7.880511254789272,2,False,False,True,False,True,False,False,True,False,False,False,False,False,True,False,False,False,False,False,False,True,False,False,False,False,True,0
41,1,3,4,191410,3.0,12,1,12.0,2,6,3,3,4.0,4.0,2.0,3,3,10.689122983870968,2,False,True,False,False,True,False,False,True,False,False,False,False,False,True,False,False,False,False,False,False,False,True,False,True,False,False,0
34,26,3,1,52370,1.0,19,1,10.0,3,10,5,7,4.0,4.0,3.0,2,3,6.406121659634318,1,False,False,True,False,True,False,False,False,False,True,False,False,False,True,False,False,True,False,False,False,False,False,False,False,False,True,0
42,5,3,3,53900,1.0,14,0,10.0,3,10,5,8,4.0,1.0,2.0,3,3,10.807604755178907,1,False,False,True,False,True,False,False,False,False,True,False,False,False,True,False,False,False,False,False,False,False,True,False,False,True,False,0
31,22,2,2,56890,3.0,15,2,12.0,2,1,0,0,1.0,3.0,3.0,2,3,6.58834186159844,2,False,True,False,False,True,False,False,False,False,True,False,False,True,False,False,False,False,False,False,False,False,True,False,False,True,False,1
40,7,3,1,28000,3.0,12,2,8.0,0,2,2,2,4.0,4.0,3.0,2,3,8.382793847566575,2,True,False,False,False,True,False,False,False,False,True,False,False,False,True,False,False,False,False,False,False,True,False,False,True,False,False,0
43,1,1,1,46780,5.0,25,1,8.0,0,6,0,2,4.0,2.0,3.0,4,4,7.030567738791423,0,False,False,True,False,True,False,False,False,False,False,True,False,False,True,False,False,False,True,False,False,False,False,False,True,False,False,0
40,23,3,1,45020,8.0,12,2,15.0,0,7,3,7,3.0,4.0,4.0,2,3,10.400718471636194,1,False,False,True,False,True,False,False,False,False,True,False,False,True,False,False,False,True,False,False,False,False,False,False,False,True,False,0
41,24,4,4,137260,3.0,12,0,21.0,6,2,0,2,4.0,3.0,3.0,4,3,10.988097643097642,2,False,False,True,False,True,False,False,True,False,False,False,False,True,False,False,False,False,True,False,False,False,False,False,False,False,True,0
35,2,3,2,21570,1.0,25,0,16.0,1,16,1,10,2.0,1.0,3.0,2,4,7.6038559322033885,0,False,False,True,False,True,False,False,False,False,True,False,False,True,False,False,False,False,False,False,False,False,True,False,False,True,False,0
32,8,1,2,46270,8.0,17,1,8.0,2,1,0,0,4.0,4.0,3.0,2,3,7.296955828779598,2,False,False,True,False,True,False,False,False,False,True,False,False,True,False,False,False,False,False,False,False,True,False,False,False,False,True,0
41,11,3,1,168720,2.0,15,1,21.0,2,18,0,11,1.0,3.0,4.0,3,3,7.864643347050754,1,False,True,False,False,False,True,False,False,False,False,True,False,False,True,False,False,True,False,False,False,False,False,False,True,False,False,0
59,16,4,5,186650,3.0,12,0,30.0,3,5,4,3,3.0,4.0,3.0,2,3,10.12087725546059,1,False,False,True,False,True,False,False,False,False,True,False,False,True,False,False,False,True,False,False,False,False,False,False,False,False,True,0
35,14,1,2,79880,1.0,18,0,4.0,3,4,1,1,3.0,4.0,3.0,3,3,6.899807504873293,2,False,False,True,True,False,False,False,True,False,False,False,False,False,True,False,False,False,False,False,False,True,False,False,False,True,False,0
60,8,2,5,53290,8.0,20,0,10.0,3,2,2,2,1.0,1.0,3.0,4,4,6.591772486772486,0,False,False,True,False,True,False,False,True,False,False,False,False,True,False,False,False,True,False,False,False,False,False,False,False,False,True,0
36,7,2,4,144110,0.0,18,3,2.0,2,1,0,0,4.0,3.0,2.0,4,3,8.87298726851852,2,False,False,True,False,False,True,False,True,False,False,False,False,False,True,False,False,True,False,False,False,False,False,False,False,True,False,1
47,1,3,2,68340,3.0,16,1,5.0,2,0,0,0,2.0,3.0,3.0,4,3,7.816196311858078,2,False,True,False,False,False,True,False,False,False,True,False,False,True,False,False,False,True,False,False,False,False,False,False,False,False,True,0
32,3,4,4,30380,2.0,20,0,8.0,3,5,0,3,2.0,4.0,2.0,3,4,7.789356600189932,0,False,False,True,False,True,False,False,False,False,True,False,False,True,False,False,False,False,False,False,False,False,True,False,True,False,False,0
27,2,5,1,137700,1.0,18,1,8.0,3,8,7,7,4.0,3.0,3.0,4,3,9.997716689718764,1,False,False,True,False,True,False,False,True,False,False,False,False,True,False,False,False,False,False,False,False,True,False,False,False,False,True,1
52,2,4,2,35370,0.0,11,1,34.0,3,33,11,9,3.0,3.0,3.0,3,3,6.266114798426746,1,False,False,True,False,True,False,False,False,False,True,False,False,True,False,False,False,False,False,False,False,False,False,True,False,True,False,0
34,1,3,1,62320,1.0,13,1,8.0,3,8,1,7,4.0,3.0,3.0,3,3,7.3836256038647345,2,False,False,True,False,False,True,False,False,False,True,False,False,True,False,False,False,True,False,False,False,False,False,False,False,True,False,0
51,6,2,1,131160,1.0,11,0,1.0,6,1,0,0,3.0,4.0,2.0,3,3,7.420300625300625,2,False,False,True,False,False,True,False,True,False,False,False,False,True,False,True,False,False,False,False,False,False,False,False,False,True,False,0
34,7,2,1,86200,0.0,13,1,10.0,2,9,8,7,2.0,3.0,3.0,2,3,7.813032503457816,1,True,False,False,False,True,False,False,False,False,False,False,True,True,False,False,False,False,False,False,False,True,False,False,False,False,True,0
57,2,2,4,63060,3.0,12,1,32.0,3,1,0,0,1.0,4.0,2.0,3,3,6.290588023088023,2,False,False,True,False,True,False,False,True,False,False,False,False,False,True,False,False,False,False,False,False,True,False,False,True,False,False,0
52,2,1,1,99800,3.0,11,1,18.0,2,10,6,9,4.0,1.0,3.0,3,3,9.078030942334742,1,False,False,True,False,False,True,False,False,False,True,False,False,False,True,False,False,True,False,False,False,False,False,False,True,False,False,0
26,11,3,2,22670,1.0,19,3,7.0,2,7,0,7,3.0,1.0,3.0,2,3,7.617936170212767,2,False,True,False,False,False,True,False,False,True,False,False,False,False,True,True,False,False,False,False,False,False,False,False,False,False,True,0
51,14,3,2,105270,4.0,14,0,31.0,3,29,11,10,4.0,2.0,2.0,3,3,11.016749058380414,1,False,True,False,False,True,False,False,True,False,False,False,False,False,True,False,False,False,False,False,True,False,False,False,True,False,False,0
43,3,4,1,24080,1.0,12,1,25.0,3,25,4,12,3.0,4.0,4.0,3,3,8.757728758169934,1,False,True,False,False,True,False,False,True,False,False,False,False,False,True,False,False,False,False,False,False,False,True,False,False,True,False,0
53,18,3,1,34230,6.0,15,1,15.0,4,2,2,2,1.0,1.0,2.0,3,3,10.803005910165483,2,False,False,True,False,True,False,False,False,False,True,False,False,False,True,False,False,False,False,False,False,True,False,False,False,False,True,1
27,3,3,1,66940,1.0,13,1,6.0,2,6,1,4,3.0,4.0,2.0,2,3,6.324247828074988,2,False,False,True,False,False,True,False,True,False,False,False,False,False,True,False,False,False,True,False,False,False,False,False,False,False,True,0
35,10,1,2,43230,2.0,18,3,15.0,3,7,1,7,2.0,4.0,3.0,3,3,6.702782350251486,2,True,False,False,False,False,True,False,True,False,False,False,False,True,False,False,False,False,False,False,True,False,False,False,True,False,False,0
19,8,2,2,159720,1.0,21,0,1.0,2,1,1,0,2.0,4.0,2.0,3,4,7.208066378066378,0,False,False,True,False,True,False,False,True,False,False,False,False,False,True,False,False,False,False,False,False,False,True,False,False,False,True,1
35,2,1,3,106090,1.0,22,0,10.0,3,10,0,7,4.0,4.0,1.0,3,4,10.39381549232159,0,False,False,True,False,True,False,False,True,False,False,False,False,False,True,True,False,False,False,False,False,False,False,False,False,True,False,0
32,1,4,5,191890,0.0,12,1,4.0,3,3,1,2,3.0,2.0,2.0,3,3,10.383338956365272,2,False,False,True,False,True,False,False,False,False,True,False,False,False,True,False,False,False,False,False,True,False,False,False,False,True,False,0
29,20,1,2,41630,9.0,15,1,8.0,4,5,1,4,3.0,3.0,3.0,2,3,7.3178529143898,2,False,False,True,False,True,False,False,False,False,True,False,False,True,False,False,False,False,True,False,False,False,False,False,False,False,True,0
41,10,4,4,57430,2.0,12,3,7.0,2,5,1,4,3.0,1.0,3.0,4,3,8.016141843971631,2,False,False,True,False,True,False,False,False,False,True,False,False,False,True,False,False,False,False,False,False,True,False,False,False,True,False,0
28,9,3,1,46480,0.0,23,2,9.0,2,8,0,7,2.0,1.0,3.0,2,4,7.170924782807501,0,False,False,True,False,True,False,False,False,False,True,False,False,False,True,False,False,False,False,False,False,False,False,True,False,False,True,0
36,7,3,1,92040,6.0,23,1,17.0,2,7,7,7,3.0,3.0,2.0,3,4,7.820515173764072,0,False,False,True,False,True,False,False,True,False,False,False,False,False,True,False,False,False,False,False,False,False,True,False,False,True,False,0
43,25,4,2,22200,1.0,11,0,10.0,2,10,8,8,4.0,4.0,3.0,1,3,8.093515046296297,1,False,False,True,False,True,False,False,True,False,False,False,False,False,True,False,False,False,False,False,False,False,True,False,False,True,False,0
45,10,4,1,56050,1.0,12,2,1.0,2,1,0,0,2.0,3.0,3.0,3,3,6.598810511756571,2,False,False,True,False,True,False,False,True,False,False,False,False,False,True,False,False,False,False,False,True,False,False,False,False,False,True,0
29,26,1,1,22180,1.0,24,1,10.0,1,10,0,8,2.0,4.0,3.0,3,4,7.507831425846447,0,False,False,True,False,True,False,False,True,False,False,False,False,False,True,False,False,True,False,False,False,False,False,False,False,True,False,0
32,2,2,1,21660,1.0,19,1,9.0,4,9,3,7,2.0,4.0,3.0,1,3,7.907401891252955,2,False,True,False,False,False,True,False,True,False,False,False,False,True,False,False,False,False,False,True,False,False,False,False,False,False,True,0
46,1,4,1,23400,2.0,13,1,26.0,2,11,0,8,4.0,2.0,3.0,1,3,6.890804473304473,1,False,False,True,False,True,False,False,True,False,False,False,False,False,True,False,False,False,False,True,False,False,False,False,False,True,False,0
36,14,3,2,39290,0.0,24,0,6.0,6,5,0,3,1.0,1.0,3.0,2,4,7.605230090605627,0,False,False,True,False,True,False,False,False,False,False,True,False,False,True,False,False,False,False,False,False,True,False,False,False,True,False,0
43,25,2,2,61320,6.0,13,0,22.0,3,4,1,0,2.0,1.0,3.0,2,3,7.334411976911977,2,False,False,True,False,True,False,False,False,False,True,False,False,False,True,True,False,False,False,False,False,False,False,False,False,True,False,0
28,1,2,1,176390,0.0,13,1,6.0,0,5,1,3,4.0,1.0,3.0,3,3,6.501115963124696,2,False,False,True,False,True,False,False,False,False,False,False,True,True,False,False,False,False,False,False,False,True,False,False,False,False,True,0
40,8,1,5,35440,3.0,18,3,15.0,3,11,5,10,2.0,2.0,3.0,2,3,6.205795297372061,1,False,False,True,False,True,False,False,False,False,True,False,False,True,False,False,False,False,False,False,False,True,False,False,False,True,False,0
41,26,3,3,54850,2.0,17,2,7.0,2,4,0,3,2.0,3.0,2.0,3,3,10.50881560283688,2,False,False,True,False,True,False,False,False,False,True,False,False,True,False,False,False,False,False,False,False,False,True,False,False,True,False,0
42,5,4,5,170460,7.0,11,0,10.0,3,4,0,3,4.0,1.0,4.0,2,3,7.486526639344262,2,True,False,False,False,True,False,False,False,False,True,False,False,False,True,False,False,False,False,False,False,False,True,False,False,True,False,0
36,16,1,2,105960,7.0,15,0,18.0,3,4,0,2,4.0,2.0,3.0,2,3,7.8441184086629,2,False,True,False,False,True,False,False,False,False,True,False,False,False,True,False,False,False,False,False,False,False,True,False,True,False,False,0
37,9,3,2,54840,4.0,17,0,7.0,4,3,0,2,3.0,1.0,3.0,3,3,10.096624371284866,2,False,False,True,True,False,False,True,False,False,False,False,False,False,True,True,False,False,False,False,False,False,False,False,True,False,False,1
29,15,4,1,49680,1.0,19,3,11.0,4,11,4,1,2.0,4.0,3.0,3,3,6.286423611111112,2,False,True,False,False,False,True,False,False,False,True,False,False,True,False,False,False,False,False,False,False,False,True,False,False,True,False,0
33,1,1,1,42560,1.0,13,3,5.0,1,5,0,2,4.0,2.0,3.0,3,3,7.208550309966619,2,False,False,True,False,True,False,False,True,False,False,False,False,False,True,False,False,False,False,False,False,True,False,False,False,False,True,0
41,13,4,1,109200,0.0,15,1,21.0,3,20,0,10,1.0,2.0,3.0,4,3,7.800049645390072,1,False,False,True,False,True,False,False,True,False,False,False,False,True,False,True,False,False,False,False,False,False,False,False,False,True,False,0
42,1,4,2,31620,2.0,17,2,24.0,1,20,13,9,4.0,4.0,1.0,3,3,8.067896174863389,1,False,True,False,True,False,False,False,False,False,False,False,True,False,True,False,False,False,False,True,False,False,False,False,False,True,False,0
31,6,3,1,45340,1.0,13,0,1.0,2,1,0,0,4.0,4.0,3.0,3,3,10.80042699724518,2,False,False,True,False,False,True,False,False,False,False,True,False,False,True,False,False,False,False,True,False,False,False,False,True,False,False,0
32,7,3,2,24720,7.0,13,0,10.0,2,7,0,7,1.0,4.0,2.0,3,3,7.497914908579466,2,False,False,True,False,True,False,False,False,False,False,False,True,False,True,True,False,False,False,False,False,False,False,False,False,False,True,0
38,6,4,3,107480,7.0,15,0,17.0,3,1,0,0,2.0,1.0,3.0,3,3,8.37882823871907,2,False,False,True,False,False,True,False,True,False,False,False,False,True,False,False,False,False,False,False,False,True,False,False,False,True,False,1
44,10,4,1,28440,1.0,12,0,6.0,2,5,2,3,3.0,2.0,2.0,4,3,9.291028806584364,2,False,True,False,False,False,True,False,True,False,False,False,False,False,True,False,False,False,False,False,False,True,False,False,True,False,False,1
18,2,4,3,109650,1.0,18,0,0.0,5,0,0,0,3.0,3.0,3.0,4,3,6.990631091617934,2,True,False,False,False,True,False,False,False,False,True,False,False,False,True,False,False,True,False,False,False,False,False,False,False,False,True,1
52,2,3,1,45070,1.0,14,0,33.0,3,33,15,12,1.0,3.0,4.0,2,3,8.808812613843351,1,True,False,False,False,True,False,False,False,False,False,False,True,False,True,False,False,False,False,False,False,False,True,False,False,False,True,0
31,10,1,1,41890,0.0,23,1,6.0,3,5,1,4,3.0,2.0,4.0,2,4,7.702797702766057,0,False,True,False,False,True,False,False,True,False,False,False,False,True,False,False,False,False,False,False,False,True,False,False,False,False,True,1
45,8,1,2,33190,1.0,12,1,9.0,3,9,0,8,3.0,2.0,2.0,3,3,6.30909282700422,2,True,False,False,False,True,False,False,True,False,False,False,False,False,True,False,False,False,False,False,False,False,True,False,False,True,False,0
33,8,4,3,24510,1.0,13,1,9.0,3,9,0,8,1.0,1.0,3.0,2,3,6.01962540341171,2,False,False,True,False,True,False,False,True,False,False,False,False,False,True,False,False,True,False,False,False,False,False,False,True,False,False,0
36,1,3,5,196360,1.0,12,1,10.0,3,10,9,0,2.0,3.0,3.0,3,3,6.397392787524366,2,False,False,True,False,True,False,False,False,False,True,False,False,True,False,True,False,False,False,False,False,False,False,False,False,True,False,0
32,1,1,2,27410,7.0,11,0,7.0,3,2,2,2,3.0,2.0,2.0,3,3,10.42669995408632,2,False,False,True,False,True,False,False,False,False,True,False,False,False,True,False,False,True,False,False,False,False,False,False,False,False,True,1
31,1,4,3,61420,4.0,13,2,10.0,2,6,0,5,2.0,4.0,4.0,2,3,8.685710884353743,2,False,False,True,False,True,False,False,True,False,False,False,False,False,True,False,False,False,False,False,True,False,False,False,False,False,True,0
28,9,4,2,23670,1.0,13,0,5.0,2,5,0,4,2.0,3.0,4.0,2,3,5.9833804143126175,2,True,False,False,False,False,True,False,False,False,True,False,False,False,True,False,False,True,False,False,False,False,False,False,False,True,False,0
30,9,1,4,40890,0.0,18,0,10.0,2,9,6,7,1.0,4.0,3.0,4,3,6.226381856540084,2,False,False,True,False,False,True,False,False,True,False,False,False,False,True,False,False,False,False,False,True,False,False,False,False,True,False,0
24,5,1,1,43350,1.0,15,1,5.0,5,5,0,3,4.0,3.0,3.0,3,3,9.69560841205578,2,False,False,True,False,True,False,False,False,False,False,True,False,False,True,False,False,False,False,True,False,False,False,False,False,True,False,0
58,9,2,1,21530,9.0,11,0,3.0,3,1,0,0,4.0,4.0,2.0,3,3,10.47176268861454,2,False,True,False,False,False,True,False,False,False,False,False,True,False,True,False,False,False,False,False,False,False,True,False,True,False,False,1
29,2,2,2,192370,9.0,11,1,9.0,2,5,1,2,4.0,3.0,3.0,3,3,7.864863526570049,2,False,False,True,False,True,False,False,True,False,False,False,False,False,True,False,False,False,False,False,False,True,False,False,False,True,False,0
31,10,1,1,41890,0.0,23,1,6.0,3,5,1,4,3.0,2.0,4.0,2,4,7.65803391053391,0,False,True,False,False,True,False,False,True,False,False,False,False,True,False,False,False,False,False,False,False,True,False,False,False,False,True,1
55,23,5,3,36970,3.0,13,1,23.0,1,3,1,2,4.0,2.0,3.0,3,3,6.679911778731521,2,False,True,False,False,True,False,False,True,False,False,False,False,False,True,False,False,True,False,False,False,False,False,False,False,True,False,0
55,1,3,1,120310,3.0,11,0,37.0,5,10,7,7,1.0,2.0,3.0,3,3,7.418745754488113,1,False,False,True,False,True,False,False,False,False,True,False,False,True,False,False,False,False,False,False,False,False,True,False,False,False,True,0
40,28,3,2,54680,0.0,12,0,10.0,6,21,3,9,1.0,3.0,3.0,4,3,6.988947557471265,1,False,False,True,False,True,False,False,False,False,True,False,False,False,True,False,False,True,False,False,False,False,False,False,True,False,False,0
32,13,4,3,85640,2.0,16,1,6.0,2,4,1,2,3.0,2.0,3.0,2,3,8.019951590594744,2,False,False,True,True,False,False,False,True,False,False,False,False,True,False,False,False,False,False,True,False,False,False,False,False,True,False,0
23,2,3,4,45590,1.0,18,1,1.0,2,0,0,0,3.0,1.0,3.0,2,3,7.983474499089254,2,False,False,True,False,False,True,False,False,False,True,False,False,True,False,False,False,False,False,True,False,False,False,False,False,True,False,1
44,6,2,3,45580,1.0,13,1,6.0,2,6,0,2,3.0,3.0,3.0,1,3,10.402478354978356,2,False,False,True,True,False,False,True,False,False,False,False,False,False,True,False,False,False,False,False,False,False,True,False,False,False,True,1
44,26,2,2,76390,1.0,14,0,8.0,6,8,7,1,2.0,1.0,3.0,3,3,9.816530172413795,2,False,False,True,False,True,False,False,True,False,False,False,False,False,True,False,False,False,False,True,False,False,False,False,False,True,False,0
45,2,3,1,50980,3.0,14,1,8.0,4,2,0,2,1.0,4.0,2.0,3,3,6.792599862258952,2,False,False,True,False,True,False,False,False,False,True,False,False,True,False,False,False,False,False,False,False,False,True,False,False,True,False,0
53,1,1,1,44250,6.0,22,1,33.0,2,12,3,8,4.0,4.0,3.0,4,4,6.669338570127504,0,False,False,True,False,True,False,False,False,False,True,False,False,False,True,False,False,False,False,False,False,False,True,False,False,False,True,0
29,2,4,4,106500,1.0,13,2,1.0,2,1,0,0,2.0,1.0,3.0,4,3,10.695543234767024,2,False,False,True,False,False,True,False,False,True,False,False,False,True,False,False,False,False,False,False,False,True,False,False,False,True,False,1
40,10,4,1,93620,2.0,11,1,8.0,6,2,2,2,3.0,3.0,3.0,3,3,6.195991379310345,2,False,False,True,False,False,True,False,True,False,False,False,False,False,True,False,False,False,False,False,False,True,False,False,False,False,True,0
46,4,1,1,67120,6.0,21,1,26.0,3,3,0,1,1.0,3.0,1.0,2,4,6.790909197012137,0,False,False,True,False,False,True,False,False,False,False,False,True,False,True,False,False,True,False,False,False,False,False,False,False,True,False,0
28,7,3,3,119570,1.0,13,0,10.0,2,10,1,8,3.0,1.0,3.0,2,3,6.213860073766713,2,False,False,True,False,True,False,False,False,False,True,False,False,False,True,True,False,False,False,False,False,False,False,False,True,False,False,0
52,1,2,4,83460,7.0,14,0,6.0,5,2,2,2,3.0,4.0,2.0,3,3,7.386176963601532,2,False,False,True,False,True,False,False,False,False,True,False,False,True,False,False,False,False,True,False,False,False,False,False,False,False,True,0
28,1,3,1,25920,1.0,14,0,5.0,2,5,0,4,4.0,4.0,2.0,3,3,6.066950589970502,2,False,False,True,False,True,False,False,True,False,False,False,False,False,True,False,False,False,False,True,False,False,False,False,False,True,False,0
45,16,1,2,54840,1.0,20,3,6.0,6,6,0,4,2.0,2.0,3.0,3,4,6.67149931693989,0,False,False,True,False,True,False,False,False,False,True,False,False,False,True,False,False,False,False,False,False,False,True,False,False,False,True,0
34,25,5,1,41940,0.0,17,2,12.0,3,11,5,7,2.0,3.0,3.0,3,3,10.49956597222222,1,False,False,True,False,False,True,False,False,True,False,False,False,True,False,False,False,False,False,False,False,True,False,False,False,True,False,0
23,13,3,5,42210,1.0,11,1,5.0,4,4,0,2,2.0,1.0,4.0,3,3,7.803427128427129,2,False,False,True,False,False,True,False,False,True,False,False,False,False,True,False,False,False,False,False,False,False,True,False,False,True,False,0
32,21,3,2,23620,1.0,11,0,9.0,2,9,7,8,1.0,4.0,3.0,3,3,8.112133190883192,1,False,False,True,False,True,False,False,False,False,False,True,False,False,True,False,False,False,False,False,False,False,True,False,False,True,False,0
27,4,3,2,51710,0.0,20,1,9.0,1,8,0,7,1.0,3.0,2.0,2,4,7.554721050164088,0,False,False,True,False,True,False,False,False,False,False,False,True,False,True,False,False,False,False,True,False,False,False,False,False,False,True,0
34,9,1,2,26570,2.0,13,1,5.0,3,3,0,2,4.0,3.0,2.0,2,3,8.006655188246096,2,False,True,False,False,False,True,False,False,False,False,False,True,False,True,False,False,False,False,False,False,False,True,False,False,False,True,0
41,1,3,2,68830,3.0,19,2,16.0,3,1,0,0,4.0,4.0,3.0,2,3,9.079756515775031,2,False,False,True,False,True,False,False,True,False,False,False,False,False,True,False,True,False,False,False,False,False,False,False,False,False,True,0
48,2,4,1,45910,9.0,16,0,23.0,6,1,0,0,1.0,3.0,3.0,1,3,9.309293684710353,2,False,False,True,False,True,False,False,False,False,False,False,True,True,False,False,False,False,False,False,False,False,True,False,False,False,True,1
39,3,4,2,47240,2.0,12,1,21.0,4,6,1,3,4.0,4.0,2.0,4,3,6.314996312684366,2,True,False,False,False,True,False,False,True,False,False,False,False,True,False,False,False,False,False,False,True,False,False,False,False,False,True,0
26,26,2,2,68120,1.0,13,0,1.0,2,1,1,0,2.0,3.0,2.0,2,3,9.301751867413634,2,False,False,True,False,True,False,False,True,False,False,False,False,False,True,False,True,False,False,False,False,False,False,False,False,True,False,0
42,4,3,2,20830,0.0,12,2,21.0,3,20,2,10,3.0,3.0,2.0,2,3,9.710156955736224,1,True,False,False,False,True,False,False,True,False,False,False,False,False,True,False,False,True,False,False,False,False,False,False,False,True,False,0
32,21,3,2,23620,1.0,11,0,9.0,2,9,7,8,1.0,4.0,3.0,3,3,8.10862809315866,1,False,False,True,False,True,False,False,False,False,False,True,False,False,True,False,False,False,False,False,False,False,True,False,False,True,False,0
28,1,1,2,63470,1.0,15,1,4.0,2,4,2,2,1.0,3.0,2.0,3,3,6.7280754805438345,2,False,False,True,True,False,False,True,False,False,False,False,False,False,True,False,False,False,False,False,False,True,False,False,True,False,False,0
42,6,3,2,100080,6.0,19,1,9.0,3,4,1,2,4.0,1.0,2.0,1,3,9.820030473511489,2,False,False,True,False,True,False,False,False,False,True,False,False,False,True,False,False,True,False,False,False,False,False,False,True,False,False,0
38,4,3,2,100480,1.0,23,1,6.0,2,5,1,3,3.0,4.0,3.0,3,4,8.0829113018598,0,True,False,False,False,False,True,False,True,False,False,False,False,False,True,False,False,False,False,False,True,False,False,False,False,False,True,0
42,11,3,1,178560,3.0,18,0,10.0,2,6,3,3,3.0,3.0,2.0,3,3,6.496671315667132,2,True,False,False,False,True,False,False,False,False,True,False,False,False,True,False,False,False,True,False,False,False,False,False,False,True,False,0
36,5,3,4,177790,1.0,17,1,10.0,5,10,0,8,2.0,4.0,2.0,1,3,6.49684043073911,2,False,True,False,False,True,False,False,False,False,True,False,False,True,False,False,False,False,False,True,False,False,False,False,False,False,True,0
41,24,4,4,137260,3.0,12,0,21.0,6,2,0,2,4.0,3.0,3.0,4,3,10.995572424651373,2,False,False,True,False,True,False,False,True,False,False,False,False,True,False,False,False,False,True,False,False,False,False,False,False,False,True,0
28,1,3,2,24130,1.0,16,1,1.0,2,1,0,0,3.0,2.0,3.0,3,3,8.397721755368815,2,False,False,True,True,False,False,False,False,False,True,False,False,True,False,False,False,True,False,False,False,False,False,False,False,True,False,1
35,18,5,2,65380,2.0,16,1,15.0,3,7,6,4,3.0,2.0,4.0,3,3,6.889265710382514,2,False,False,True,False,True,False,False,False,False,True,False,False,True,False,False,False,False,False,False,False,True,False,False,True,False,False,0
56,1,2,5,25590,1.0,21,0,5.0,3,4,1,0,1.0,4.0,3.0,3,4,6.893758381226054,0,False,False,True,True,False,False,False,False,False,True,False,False,True,False,False,False,False,False,False,False,False,True,False,False,False,True,1
32,9,4,4,43270,8.0,13,0,4.0,4,0,0,0,4.0,4.0,4.0,3,3,7.596130519165453,2,False,True,False,False,False,True,False,True,False,False,False,False,False,True,False,False,False,False,False,False,False,True,False,False,False,True,0
31,7,3,2,53430,1.0,14,1,13.0,3,13,0,8,3.0,2.0,4.0,3,3,6.413506493506493,2,False,False,True,False,True,False,False,True,False,False,False,False,False,True,False,False,False,False,False,True,False,False,False,True,False,False,0
30,2,4,1,20960,7.0,11,3,10.0,2,8,1,7,3.0,3.0,3.0,3,3,9.513817167577413,2,True,False,False,False,True,False,False,False,False,False,True,False,False,True,False,False,False,False,False,False,True,False,False,False,False,True,0
29,10,2,1,128080,1.0,13,0,10.0,6,10,0,4,3.0,3.0,3.0,3,3,6.997050094966762,2,False,False,True,False,False,True,False,True,False,False,False,False,True,False,False,False,False,False,False,False,False,True,False,True,False,False,0
39,6,3,1,28510,9.0,15,0,9.0,2,5,0,3,3.0,2.0,2.0,3,3,6.195073915116834,2,True,False,False,False,True,False,False,True,False,False,False,False,False,True,False,False,True,False,False,False,False,False,False,False,False,True,0
50,19,4,3,31950,2.0,11,0,5.0,4,3,0,2,3.0,3.0,2.0,2,3,6.774787439613526,2,False,False,True,False,False,True,False,False,True,False,False,False,False,True,False,False,False,False,False,False,False,True,False,False,True,False,0
35,9,3,2,40840,4.0,13,1,5.0,3,3,1,2,2.0,1.0,2.0,3,3,6.08270863137816,2,False,True,False,True,False,False,False,False,False,False,True,False,True,False,False,False,False,False,False,False,False,False,True,False,True,False,0
31,15,1,2,40660,3.0,22,0,4.0,2,2,2,2,2.0,3.0,3.0,2,4,8.409509015594542,0,False,False,True,False,True,False,False,False,False,True,False,False,True,False,False,False,False,False,False,False,False,True,False,False,True,False,1
27,10,3,5,132450,1.0,23,1,9.0,3,9,0,7,3.0,1.0,3.0,2,4,6.4921731321839085,0,False,False,True,False,True,False,False,False,False,True,False,False,False,True,False,False,False,False,False,False,True,False,False,False,True,False,0
50,1,4,2,159920,3.0,14,0,5.0,3,0,0,0,4.0,3.0,3.0,3,3,10.463207994579944,2,False,True,False,False,True,False,False,False,False,True,False,False,False,True,False,False,False,False,False,False,True,False,False,False,False,True,1
27,10,3,5,132450,1.0,23,1,9.0,3,9,0,7,3.0,1.0,3.0,2,4,6.510595238095237,0,False,False,True,False,True,False,False,False,False,True,False,False,False,True,False,False,False,False,False,False,True,False,False,False,True,False,0
39,12,5,1,62200,1.0,14,2,20.0,2,20,11,10,4.0,3.0,3.0,3,3,6.712491654744873,1,False,False,True,False,True,False,False,False,False,True,False,False,True,False,False,False,False,False,False,False,False,False,True,False,False,True,0
45,1,2,1,70830,2.0,12,1,25.0,5,1,0,0,2.0,1.0,3.0,3,3,6.807199074074074,2,False,False,True,False,True,False,False,False,False,True,False,False,True,False,False,False,False,False,False,False,False,True,False,True,False,False,0
35,24,3,3,20700,1.0,13,3,5.0,1,4,0,2,3.0,2.0,1.0,2,3,9.321214551371456,2,False,False,True,False,False,True,False,False,False,True,False,False,False,True,True,False,False,False,False,False,False,False,False,True,False,False,1
40,26,4,2,54400,1.0,12,1,20.0,2,20,2,13,2.0,2.0,3.0,3,3,7.003960769980506,1,False,True,False,False,True,False,False,False,False,True,False,False,False,True,False,False,False,False,True,False,False,False,False,True,False,False,0
25,6,2,4,20450,3.0,19,0,7.0,3,3,1,2,4.0,4.0,2.0,3,3,6.313608663729808,2,False,False,True,False,True,False,False,False,False,True,False,False,True,False,False,False,False,False,False,False,True,False,False,False,True,False,0
54,5,3,2,24780,6.0,11,0,13.0,0,9,7,0,3.0,3.0,3.0,3,3,7.663896166909267,1,False,False,True,False,True,False,False,False,False,True,False,False,True,False,False,False,False,False,True,False,False,False,False,False,True,False,0
38,19,2,2,24510,7.0,12,1,19.0,3,13,2,9,4.0,4.0,4.0,3,3,7.185211805555555,1,False,True,False,False,True,False,False,True,False,False,False,False,False,True,False,False,False,False,False,False,True,False,False,False,True,False,0
45,1,4,1,29420,1.0,22,1,21.0,4,21,8,6,4.0,2.0,3.0,3,4,6.5784557023984345,1,False,False,True,False,True,False,False,True,False,False,False,False,False,True,False,False,False,False,False,True,False,False,False,False,False,True,0
36,3,4,1,40250,1.0,11,0,10.0,3,10,9,7,2.0,4.0,2.0,3,3,7.232681577681578,1,True,False,False,False,True,False,False,False,False,True,False,False,False,True,False,False,False,False,False,False,True,False,False,False,False,True,0
44,8,1,1,26100,6.0,15,0,6.0,2,4,1,2,2.0,4.0,3.0,3,3,10.769022131887986,2,False,False,True,False,True,False,False,True,False,False,False,False,True,False,False,False,False,False,False,False,False,False,True,False,False,True,0
49,2,3,1,47240,1.0,11,1,16.0,3,15,5,11,3.0,1.0,2.0,2,3,7.225774134790527,1,False,False,True,False,True,False,False,True,False,False,False,False,True,False,False,False,False,False,False,False,False,True,False,False,True,False,0
42,1,1,2,78790,2.0,11,1,11.0,2,5,0,2,3.0,3.0,3.0,3,3,6.392047884704788,2,True,False,False,False,True,False,False,False,False,False,False,True,False,True,False,False,False,False,False,False,False,True,False,True,False,False,0
38,9,4,2,26950,3.0,14,1,8.0,4,2,2,2,3.0,3.0,3.0,1,3,7.57216550925926,2,False,True,False,False,False,True,False,False,False,True,False,False,False,True,False,False,False,False,False,False,True,False,False,False,True,False,0
46,28,3,3,190450,6.0,11,3,13.0,2,8,0,7,4.0,3.0,3.0,3,3,6.886907713498623,2,False,False,True,False,True,False,False,False,False,True,False,False,True,False,False,True,False,False,False,False,False,False,False,True,False,False,0
43,25,2,3,50550,5.0,22,0,18.0,2,1,0,0,3.0,4.0,3.0,2,4,7.891980834546336,0,False,False,True,False,False,True,False,True,False,False,False,False,False,True,False,False,False,False,False,False,True,False,False,True,False,False,0
48,12,4,1,55620,8.0,13,1,18.0,2,8,7,7,3.0,3.0,3.0,3,3,7.859650726676042,1,False,False,True,False,True,False,False,False,False,True,False,False,False,True,False,False,True,False,False,False,False,False,False,True,False,False,0
30,9,4,1,87220,1.0,17,1,10.0,3,10,0,8,2.0,4.0,2.0,3,3,7.315814009661835,2,False,False,True,False,False,True,False,False,True,False,False,False,False,True,False,False,True,False,False,False,False,False,False,False,True,False,0
37,17,3,3,20640,4.0,16,0,8.0,3,1,0,0,2.0,2.0,3.0,2,3,6.083371980676328,2,False,False,True,False,True,False,False,True,False,False,False,False,True,False,False,False,False,False,False,False,False,True,False,False,True,False,0
33,15,4,1,24060,1.0,11,0,10.0,3,10,9,7,1.0,1.0,3.0,3,3,10.374517797017797,1,False,True,False,False,True,False,False,False,False,True,False,False,True,False,False,False,True,False,False,False,False,False,False,False,False,True,1
50,2,2,1,29600,1.0,14,3,32.0,2,32,10,7,1.0,2.0,3.0,3,3,6.773574380165289,1,False,True,False,False,False,True,False,False,True,False,False,False,False,True,False,False,False,False,False,False,False,True,False,False,True,False,0
40,6,3,3,104820,1.0,11,1,21.0,6,21,12,8,2.0,2.0,2.0,2,3,7.906652949245542,1,False,False,True,False,False,True,False,True,False,False,False,False,False,True,False,False,False,False,True,False,False,False,False,False,False,True,0
29,2,3,1,49780,0.0,13,0,7.0,3,6,1,5,3.0,3.0,2.0,2,3,7.803890056022409,2,False,False,True,False,True,False,False,True,False,False,False,False,False,True,False,False,False,False,False,False,False,True,False,False,False,True,1
39,3,4,2,47240,2.0,12,1,21.0,4,6,1,3,4.0,4.0,2.0,4,3,6.270208042770804,2,True,False,False,False,True,False,False,True,False,False,False,False,True,False,False,False,False,False,False,True,False,False,False,False,False,True,0
27,13,2,4,195370,0.0,12,0,5.0,5,4,1,1,3.0,4.0,3.0,3,3,6.809992997198879,2,False,True,False,False,True,False,False,True,False,False,False,False,True,False,False,False,False,False,False,False,True,False,False,False,True,False,0
36,7,2,4,144110,0.0,18,3,2.0,2,1,0,0,4.0,3.0,2.0,4,3,8.89545844625113,2,False,False,True,False,False,True,False,True,False,False,False,False,False,True,False,False,True,False,False,False,False,False,False,False,True,False,1
40,2,4,3,167520,2.0,18,1,8.0,3,3,1,2,3.0,3.0,4.0,3,3,6.47205227379278,2,False,False,True,False,True,False,False,True,False,False,False,False,False,True,False,False,True,False,False,False,False,False,False,True,False,False,0
34,2,3,4,46950,1.0,16,1,14.0,2,14,2,1,1.0,4.0,2.0,3,3,5.997830459770115,2,False,False,True,False,False,True,False,False,True,False,False,False,False,True,True,False,False,False,False,False,False,False,False,False,False,True,0
28,7,3,2,29760,1.0,14,0,1.0,3,1,0,0,1.0,2.0,3.0,3,3,6.296936170212766,2,False,True,False,False,True,False,False,True,False,False,False,False,False,True,False,False,False,True,False,False,False,False,False,True,False,False,1
28,10,3,3,135910,5.0,20,1,6.0,2,2,2,2,3.0,3.0,3.0,3,4,7.677303436911487,0,False,False,True,False,True,False,False,True,False,False,False,False,True,False,False,False,False,True,False,False,False,False,False,True,False,False,0
32,11,2,2,44870,1.0,11,0,1.0,5,1,0,0,3.0,1.0,3.0,2,3,6.622759181775917,2,True,False,False,False,True,False,False,False,False,False,True,False,True,False,False,False,False,False,False,False,True,False,False,True,False,False,0
34,28,3,1,107930,0.0,11,3,3.0,1,2,1,2,2.0,4.0,3.0,2,3,7.614092348927874,2,False,False,True,False,True,False,False,False,False,False,False,True,False,True,False,False,True,False,False,False,False,False,False,True,False,False,0
35,7,2,1,22770,1.0,12,1,3.0,2,3,1,2,4.0,1.0,3.0,3,3,6.7887954876273655,2,False,False,True,False,False,True,False,True,False,False,False,False,False,True,False,False,False,False,False,False,False,True,False,False,False,True,0
39,3,3,2,109760,1.0,11,0,9.0,3,9,5,8,4.0,4.0,3.0,2,3,10.193314814814814,1,True,False,False,False,True,False,False,True,False,False,False,False,True,False,False,False,False,False,True,False,False,False,False,False,True,False,0
36,6,3,2,42000,0.0,22,0,10.0,3,9,0,5,3.0,2.0,3.0,3,4,7.685820548582055,0,False,False,True,False,False,True,False,False,False,True,False,False,True,False,False,False,False,False,False,False,False,True,False,False,True,False,0
26,19,4,4,119940,1.0,14,1,6.0,6,5,1,4,1.0,2.0,4.0,3,3,7.383425160697888,2,False,False,True,False,True,False,False,False,False,False,False,True,True,False,False,False,False,False,False,False,False,True,False,False,True,False,0
34,4,4,5,55620,1.0,15,0,9.0,3,9,0,6,1.0,3.0,3.0,3,3,8.177102836879431,2,False,True,False,True,False,False,False,True,False,False,False,False,True,False,False,False,False,False,False,False,False,True,False,False,False,True,1
49,1,3,3,73140,7.0,22,0,25.0,2,7,0,7,3.0,3.0,3.0,3,4,9.97103305785124,0,False,False,True,False,True,False,False,True,False,False,False,False,False,True,False,False,False,False,True,False,False,False,False,False,False,True,0
40,11,3,2,70050,1.0,20,2,21.0,2,20,9,9,4.0,3.0,3.0,3,4,6.21970652173913,1,False,False,True,False,True,False,False,True,False,False,False,False,True,False,False,False,False,False,False,False,False,True,False,False,True,False,0
40,1,3,1,39310,8.0,19,0,3.0,2,1,0,0,4.0,2.0,3.0,2,3,8.087346986817325,2,False,True,False,False,False,True,False,False,True,False,False,False,False,True,False,False,False,False,False,False,True,False,False,True,False,False,0
33,4,2,4,47880,3.0,11,1,9.0,0,7,0,1,2.0,4.0,2.0,3,3,7.42145202020202,2,False,True,False,False,False,True,False,True,False,False,False,False,False,True,False,False,False,False,False,False,True,False,False,False,False,True,0
27,11,4,4,66320,0.0,16,0,6.0,3,5,1,4,2.0,1.0,4.0,3,3,7.189699359853681,2,False,False,True,True,False,False,False,False,False,True,False,False,False,True,False,False,False,False,False,False,False,True,False,False,True,False,0
42,11,1,4,60320,0.0,14,0,23.0,2,22,13,7,4.0,1.0,3.0,2,3,6.818579196217494,1,False,False,True,False,True,False,False,True,False,False,False,False,False,True,False,False,False,False,False,False,True,False,False,False,True,False,0
25,8,3,2,74840,1.0,15,0,6.0,3,6,1,4,3.0,4.0,2.0,3,3,7.678097461685824,2,False,False,True,False,True,False,False,True,False,False,False,False,False,True,False,False,False,False,False,False,True,False,False,False,False,True,0
35,1,1,2,136100,4.0,22,2,16.0,4,13,4,12,3.0,4.0,2.0,2,4,9.807640027322403,0,True,False,False,False,True,False,False,True,False,False,False,False,False,True,False,False,False,False,False,False,False,True,False,False,True,False,0
31,7,3,2,36170,7.0,21,1,10.0,5,5,0,3,4.0,1.0,3.0,3,4,7.217484230955846,0,False,True,False,False,True,False,False,False,False,True,False,False,False,True,False,False,False,False,False,False,True,False,False,False,False,True,0
41,2,3,2,47410,6.0,16,0,8.0,3,2,2,1,4.0,3.0,3.0,3,3,6.894249533146591,2,False,False,True,False,True,False,False,True,False,False,False,False,False,True,False,False,False,False,False,False,True,False,False,False,False,True,0
27,2,3,2,48510,8.0,18,0,5.0,2,1,0,0,3.0,4.0,3.0,3,3,7.089723409306743,2,False,False,True,False,True,False,False,True,False,False,False,False,True,False,False,False,True,False,False,False,False,False,False,False,True,False,0
35,5,3,2,48830,1.0,18,1,10.0,1,10,0,9,3.0,4.0,3.0,1,3,8.805177083333335,2,False,False,True,False,True,False,False,True,False,False,False,False,False,True,False,False,False,False,False,False,False,False,True,False,True,False,0
22,22,4,1,26540,0.0,24,0,1.0,5,0,0,0,3.0,4.0,3.0,2,4,9.878622831692452,0,False,True,False,False,True,False,False,False,False,True,False,False,False,True,False,False,False,False,False,False,False,False,True,False,True,False,1
26,28,3,5,51510,1.0,15,3,8.0,3,8,7,7,3.0,3.0,3.0,3,3,5.994326703246457,2,False,False,True,False,False,True,False,False,False,True,False,False,True,False,False,False,True,False,False,False,False,False,False,False,True,False,0
29,5,1,1,62440,1.0,22,0,6.0,3,6,1,3,1.0,4.0,4.0,3,4,6.787518912529551,0,False,True,False,False,True,False,False,False,False,True,False,False,True,False,False,False,False,False,False,False,True,False,False,True,False,False,0
28,2,3,2,21270,1.0,14,0,2.0,3,2,2,2,4.0,4.0,3.0,3,3,9.709561781609196,2,False,True,False,False,True,False,False,True,False,False,False,False,True,False,False,False,False,False,False,False,False,False,True,False,True,False,0
42,20,2,2,72950,1.0,15,0,10.0,3,9,7,8,2.0,2.0,2.0,3,3,7.626456552706552,1,False,False,True,False,True,False,False,False,False,True,False,False,False,True,False,False,False,False,False,False,False,False,True,False,True,False,0
35,9,3,4,98240,0.0,19,0,4.0,2,3,2,2,3.0,3.0,3.0,3,3,10.482086720867208,2,False,False,True,False,True,False,False,True,False,False,False,False,False,True,True,False,False,False,False,False,False,False,False,False,True,False,0
45,3,3,3,35800,4.0,20,1,8.0,1,5,0,3,4.0,4.0,3.0,2,4,6.0268918609968,0,False,False,True,False,False,True,False,True,False,False,False,False,False,True,False,False,True,False,False,False,False,False,False,False,True,False,0
18,2,4,3,109650,1.0,18,0,0.0,5,0,0,0,3.0,3.0,3.0,4,3,6.993391500474834,2,True,False,False,False,True,False,False,False,False,True,False,False,False,True,False,False,True,False,False,False,False,False,False,False,False,True,1
38,28,3,1,29790,4.0,12,1,9.0,3,6,0,5,3.0,2.0,2.0,3,3,7.9122873082287315,2,False,True,False,False,True,False,False,False,False,True,False,False,False,True,True,False,False,False,False,False,False,False,False,False,True,False,0
30,2,4,3,51310,0.0,15,1,10.0,2,9,7,8,3.0,1.0,3.0,3,3,6.718815667131567,1,True,False,False,False,True,False,False,True,False,False,False,False,True,False,False,False,False,False,False,False,True,False,False,False,True,False,0
29,2,4,2,28750,1.0,11,0,1.0,3,1,0,0,3.0,1.0,3.0,3,3,6.79014344262295,2,False,True,False,True,False,False,True,False,False,False,False,False,False,True,False,False,False,False,False,False,False,True,False,False,False,True,1
35,5,3,2,48830,1.0,18,1,10.0,1,10,0,9,3.0,4.0,3.0,1,3,8.811529597282872,2,False,False,True,False,True,False,False,True,False,False,False,False,False,True,False,False,False,False,False,False,False,False,True,False,True,False,0
26,9,3,1,162910,1.0,22,0,5.0,3,5,3,3,1.0,1.0,3.0,3,4,11.014791373652132,0,False,True,False,False,True,False,False,True,False,False,False,False,True,False,False,False,False,True,False,False,False,False,False,False,True,False,0
50,4,2,1,27990,4.0,12,1,27.0,0,1,0,0,3.0,3.0,3.0,1,3,9.386987810595407,2,False,False,True,False,True,False,False,False,False,True,False,False,True,False,False,False,True,False,False,False,False,False,False,False,True,False,0
52,5,2,1,27590,9.0,18,1,12.0,6,5,0,4,3.0,1.0,1.0,3,3,6.480047101449276,2,False,False,True,False,True,False,False,True,False,False,False,False,True,False,True,False,False,False,False,False,False,False,False,False,True,False,0
29,3,5,1,27230,6.0,11,1,3.0,2,0,0,0,4.0,1.0,3.0,2,3,10.325031380753138,2,False,False,True,True,False,False,False,True,False,False,False,False,False,True,False,False,False,False,False,False,False,True,False,False,False,True,1
39,2,2,1,20080,2.0,12,0,11.0,3,7,7,6,4.0,3.0,3.0,3,3,7.799657651072125,1,False,False,True,False,False,True,False,False,False,True,False,False,True,False,False,False,False,False,False,False,False,True,False,False,True,False,0
29,1,3,1,23140,3.0,13,0,9.0,5,7,0,7,3.0,1.0,3.0,4,3,6.185179172679172,2,False,False,True,False,True,False,False,False,False,True,False,False,True,False,False,False,False,True,False,False,False,False,False,False,True,False,0
54,1,4,2,29330,3.0,12,2,20.0,2,4,0,3,4.0,3.0,2.0,3,3,6.11369755647764,2,False,True,False,False,True,False,False,True,False,False,False,False,False,True,False,False,False,False,False,False,True,False,False,False,False,True,0
26,9,4,3,26930,5.0,17,3,8.0,3,0,0,0,1.0,3.0,3.0,2,3,5.995600472813239,2,False,False,True,False,True,False,False,False,False,True,False,False,False,True,True,False,False,False,False,False,False,False,False,True,False,False,0
25,7,2,5,41030,6.0,15,1,7.0,2,2,0,2,4.0,3.0,2.0,3,3,10.194130901287554,2,False,False,True,False,True,False,False,False,False,True,False,False,False,True,False,False,False,False,False,False,False,True,False,True,False,False,0
26,17,3,2,57690,1.0,19,0,5.0,4,5,4,3,3.0,2.0,2.0,2,3,7.695775273224044,2,False,False,True,False,False,True,False,False,False,True,False,False,True,False,False,False,False,True,False,False,False,False,False,False,True,False,0
46,9,1,1,141180,2.0,22,0,12.0,3,6,1,4,4.0,4.0,2.0,3,4,6.215752415458937,0,False,False,True,False,False,True,False,False,False,True,False,False,True,False,False,False,False,False,False,False,False,True,False,True,False,False,0
43,10,2,1,46170,1.0,11,0,25.0,2,25,3,9,1.0,2.0,3.0,3,3,7.415638297872341,1,False,False,True,False,False,True,False,True,False,False,False,False,True,False,False,False,False,False,False,False,False,True,False,True,False,False,0
41,6,3,1,102390,3.0,24,3,23.0,3,21,12,6,2.0,4.0,2.0,3,4,7.710548213411648,1,False,False,True,False,False,True,False,False,False,True,False,False,False,True,False,False,False,False,False,False,False,True,False,True,False,False,0
27,8,2,3,45990,1.0,15,1,1.0,3,1,0,0,4.0,1.0,3.0,2,3,7.5895013947001395,2,False,False,True,False,False,True,False,False,True,False,False,False,True,False,False,False,False,False,False,False,True,False,False,True,False,False,0
29,8,1,1,40370,0.0,14,0,4.0,2,3,0,2,4.0,2.0,3.0,1,3,7.127618534482758,2,False,True,False,False,True,False,False,False,False,True,False,False,False,True,False,False,False,False,False,False,True,False,False,False,True,False,0
51,29,4,5,24510,3.0,17,0,10.0,2,4,0,3,4.0,4.0,3.0,2,3,6.759082633053223,2,False,False,True,False,True,False,False,True,False,False,False,False,True,False,False,False,False,False,True,False,False,False,False,False,True,False,0
26,11,4,2,92780,0.0,20,0,5.0,3,4,0,0,4.0,3.0,3.0,3,4,7.523019005847954,0,False,False,True,False,True,False,False,False,False,True,False,False,False,True,False,False,False,True,False,False,False,False,False,False,False,True,0
29,2,3,1,41570,1.0,17,3,6.0,2,6,1,2,2.0,3.0,2.0,3,3,6.803848547717842,2,False,False,True,False,True,False,False,True,False,False,False,False,True,False,True,False,False,False,False,False,False,False,False,False,True,False,0
55,7,3,3,22720,2.0,17,1,21.0,2,5,0,2,4.0,3.0,3.0,3,3,8.108733796296296,2,False,False,True,False,True,False,False,False,False,True,False,False,False,True,False,False,False,False,False,False,True,False,False,True,False,False,0
36,18,1,2,67250,9.0,17,1,7.0,3,3,1,1,3.0,3.0,3.0,3,3,10.913562948028677,2,False,False,True,False,True,False,False,False,False,True,False,False,False,True,False,False,False,False,True,False,False,False,False,False,True,False,0
58,9,2,4,59570,4.0,14,1,7.0,2,1,0,0,4.0,3.0,3.0,1,3,7.4758405797101455,2,False,False,True,False,False,True,False,False,False,True,False,False,True,False,False,False,False,False,False,False,False,True,False,False,False,True,1
23,7,2,3,105520,2.0,11,0,4.0,2,2,2,2,4.0,3.0,3.0,3,3,6.664042824074074,2,False,False,True,False,True,False,False,True,False,False,False,False,True,False,False,False,False,True,False,False,False,False,False,False,True,False,0
35,1,2,2,109380,6.0,14,2,12.0,2,10,0,8,4.0,4.0,3.0,1,3,7.335469995311768,2,False,False,True,False,False,True,False,True,False,False,False,False,True,False,True,False,False,False,False,False,False,False,False,True,False,False,0
37,13,3,1,119040,1.0,12,1,6.0,4,6,1,3,3.0,4.0,2.0,3,3,6.513645404663922,2,False,True,False,False,True,False,False,True,False,False,False,False,False,True,False,False,True,False,False,False,False,False,False,True,False,False,0
37,4,3,4,160320,1.0,13,0,7.0,2,7,0,7,1.0,3.0,4.0,3,3,7.412775403608736,2,False,False,True,False,False,True,False,False,True,False,False,False,False,True,False,True,False,False,False,False,False,False,False,True,False,False,0
45,2,3,1,66440,1.0,12,0,9.0,3,9,0,8,4.0,1.0,3.0,4,3,8.703335629017447,2,True,False,False,False,False,True,False,False,False,True,False,False,True,False,False,False,False,False,False,False,False,True,False,False,True,False,0
33,8,3,2,90690,3.0,25,1,15.0,3,13,4,7,3.0,4.0,1.0,3,4,7.4961620370370365,0,False,True,False,False,True,False,False,False,False,False,False,True,False,True,False,False,True,False,False,False,False,False,False,True,False,False,0
58,1,4,2,10090,7.0,13,2,31.0,3,10,5,9,3.0,1.0,2.0,4,3,8.51428014184397,1,False,False,True,False,False,True,False,False,False,False,False,True,False,True,False,False,False,False,False,False,False,True,False,False,True,False,1
52,2,3,1,45070,1.0,14,0,33.0,3,33,15,12,1.0,3.0,4.0,2,3,8.800496376811594,1,True,False,False,False,True,False,False,False,False,False,False,True,False,True,False,False,False,False,False,False,False,True,False,False,False,True,0
58,22,3,2,24500,3.0,12,1,32.0,2,9,1,5,4.0,1.0,3.0,3,3,10.5731884057971,1,False,False,True,False,False,True,False,True,False,False,False,False,True,False,False,False,True,False,False,False,False,False,False,False,True,False,0
36,7,3,1,26900,0.0,11,0,10.0,1,9,2,8,2.0,4.0,3.0,3,3,8.021531914893618,2,False,True,False,True,False,False,False,False,False,True,False,False,False,True,False,False,False,False,False,False,True,False,False,False,True,False,0
41,1,4,1,52570,1.0,14,0,10.0,2,10,0,8,2.0,3.0,3.0,4,3,7.8935056689342415,2,False,False,True,False,False,True,False,True,False,False,False,False,True,False,False,False,False,False,False,True,False,False,False,False,True,False,0
40,22,1,1,56660,1.0,14,1,18.0,2,18,14,12,1.0,3.0,3.0,3,3,7.58592123769339,1,False,False,True,False,True,False,False,True,False,False,False,False,False,True,False,False,True,False,False,False,False,False,False,False,True,False,0
33,2,3,1,59140,3.0,16,1,6.0,4,3,0,2,3.0,1.0,3.0,3,3,10.528982624599909,2,False,False,True,False,False,True,False,False,True,False,False,False,True,False,False,False,False,False,False,False,False,True,False,False,False,True,0
32,9,4,2,57690,1.0,11,0,4.0,3,4,1,2,4.0,1.0,3.0,3,3,6.661144067796611,2,False,False,True,False,False,True,False,True,False,False,False,False,True,False,False,False,False,False,False,False,True,False,False,False,False,True,0
49,1,1,2,35910,9.0,13,0,22.0,2,3,1,2,3.0,1.0,3.0,3,3,10.487479338842974,2,False,True,False,False,True,False,False,False,False,True,False,False,True,False,False,False,False,False,False,False,True,False,False,False,False,True,0
40,26,4,2,194060,3.0,20,3,16.0,2,1,0,0,3.0,4.0,1.0,3,4,10.515668510834486,0,False,True,False,False,True,False,False,True,False,False,False,False,False,True,False,False,False,False,False,False,True,False,False,False,True,False,0
47,2,3,5,50210,2.0,17,0,20.0,3,7,1,7,4.0,1.0,3.0,3,3,6.717376142376143,2,False,False,True,False,True,False,False,False,False,True,False,False,True,False,False,False,False,False,False,False,False,True,False,False,False,True,0
32,9,3,2,50700,4.0,12,1,10.0,6,8,0,7,4.0,3.0,3.0,3,3,8.455582287308228,2,False,True,False,False,True,False,False,True,False,False,False,False,True,False,False,False,False,False,False,False,True,False,False,False,False,True,0
37,1,3,3,20080,3.0,22,0,15.0,5,13,10,7,2.0,3.0,3.0,2,4,10.692001669051026,0,True,False,False,False,True,False,False,False,False,True,False,False,False,True,False,False,True,False,False,False,False,False,False,False,True,False,0
29,2,4,4,64990,1.0,18,3,10.0,3,10,2,8,2.0,4.0,3.0,2,3,7.775427708042771,2,False,True,False,False,False,True,False,True,False,False,False,False,False,True,True,False,False,False,False,False,False,False,False,True,False,False,0
29,1,3,2,66670,9.0,12,1,6.0,6,3,1,2,4.0,4.0,3.0,4,3,7.767982993197278,2,False,False,True,False,True,False,False,True,False,False,False,False,True,False,False,False,False,False,False,True,False,False,False,False,False,True,0
31,2,3,2,25720,1.0,13,3,10.0,3,10,4,7,3.0,2.0,3.0,3,3,6.794415866483768,2,False,True,False,False,False,True,False,False,False,True,False,False,False,True,False,False,False,False,False,False,False,True,False,False,False,True,1
50,20,2,5,154020,4.0,21,0,25.0,3,3,1,2,4.0,1.0,3.0,2,4,10.441048085901024,0,False,False,True,False,True,False,False,False,False,True,False,False,True,False,False,False,True,False,False,False,False,False,False,False,True,False,0
31,24,1,1,38940,1.0,12,0,10.0,3,10,1,8,3.0,1.0,3.0,4,3,7.271392419962335,2,False,False,True,False,False,True,False,False,True,False,False,False,True,False,False,False,False,False,False,False,False,True,False,False,False,True,0
27,11,3,2,99850,1.0,14,1,3.0,3,3,1,2,1.0,3.0,3.0,2,3,7.991452282157677,2,True,False,False,False,False,True,False,False,False,False,False,True,True,False,False,False,True,False,False,False,False,False,False,False,True,False,0
55,7,3,4,74280,5.0,12,0,24.0,2,5,1,4,4.0,1.0,3.0,3,3,7.978675034867503,2,False,False,True,True,False,False,True,False,False,False,False,False,False,True,False,False,True,False,False,False,False,False,False,False,True,False,1
30,7,2,1,34480,1.0,11,0,10.0,3,10,1,4,3.0,3.0,3.0,3,3,7.706898540489642,2,False,False,True,False,True,False,False,True,False,False,False,False,True,False,False,False,False,False,True,False,False,False,False,False,True,False,0
20,18,4,2,37430,1.0,13,1,2.0,2,2,2,2,3.0,3.0,3.0,3,3,6.615295508274231,2,False,False,True,False,True,False,False,False,False,True,False,False,True,False,False,False,False,False,False,False,False,True,False,False,False,True,0
33,8,3,2,90690,3.0,25,1,15.0,3,13,4,7,3.0,4.0,1.0,3,4,7.514910468319559,0,False,True,False,False,True,False,False,False,False,False,False,True,False,True,False,False,True,False,False,False,False,False,False,True,False,False,0
45,28,3,2,50670,1.0,11,2,10.0,3,10,3,9,4.0,4.0,3.0,2,3,7.3171510560146915,1,False,False,True,False,True,False,False,True,False,False,False,False,True,False,False,False,True,False,False,False,False,False,False,True,False,False,0
21,1,4,1,57750,1.0,18,0,1.0,2,1,1,0,3.0,1.0,2.0,3,3,6.597937675070028,2,False,False,True,False,True,False,False,True,False,False,False,False,False,True,False,False,False,True,False,False,False,False,False,False,False,True,1
33,23,5,1,86390,5.0,16,2,6.0,3,3,0,2,1.0,1.0,3.0,2,3,7.986834251606979,2,False,False,True,False,True,False,False,True,False,False,False,False,False,True,False,True,False,False,False,False,False,False,False,False,False,True,1
32,15,3,1,101690,1.0,14,0,12.0,6,11,5,7,2.0,3.0,3.0,2,3,7.266617852161786,1,False,False,True,False,False,True,False,False,True,False,False,False,False,True,False,False,False,False,False,False,True,False,False,False,False,True,0
38,2,4,1,20140,3.0,17,1,8.0,5,0,0,0,3.0,1.0,2.0,4,3,6.786083562901745,2,False,False,True,True,False,False,False,False,False,True,False,False,False,True,False,True,False,False,False,False,False,False,False,False,False,True,0
43,2,4,1,24220,1.0,11,1,14.0,2,14,6,11,3.0,3.0,3.0,3,3,7.581850262279445,1,False,False,True,False,True,False,False,True,False,False,False,False,True,False,False,False,False,False,False,False,True,False,False,False,True,False,0
53,1,1,1,44250,6.0,22,1,33.0,2,12,3,8,4.0,4.0,3.0,4,4,6.695520977408945,0,False,False,True,False,True,False,False,False,False,True,False,False,False,True,False,False,False,False,False,False,False,True,False,False,False,True,0
29,2,4,4,64990,1.0,18,3,10.0,3,10,2,8,2.0,4.0,3.0,2,3,7.80546943231441,2,False,True,False,False,False,True,False,True,False,False,False,False,False,True,True,False,False,False,False,False,False,False,False,True,False,False,0
27,18,2,1,65160,1.0,19,1,7.0,4,7,0,7,4.0,3.0,3.0,3,3,6.187480506822612,2,False,True,False,False,True,False,False,False,False,True,False,False,True,False,False,False,True,False,False,False,False,False,False,False,False,True,0
46,4,2,3,138260,8.0,11,0,23.0,1,13,5,1,3.0,2.0,4.0,2,3,7.023544260027663,1,False,False,True,False,True,False,False,True,False,False,False,False,False,True,False,False,False,False,True,False,False,False,False,False,True,False,0
43,6,2,1,20280,4.0,20,1,7.0,2,5,2,2,4.0,3.0,4.0,2,4,8.014231601731602,0,True,False,False,False,True,False,False,False,False,True,False,False,False,True,True,False,False,False,False,False,False,False,False,True,False,False,0
35,4,3,2,78980,7.0,15,0,5.0,2,2,2,2,4.0,3.0,3.0,2,3,10.39878884180791,2,False,False,True,False,True,False,False,True,False,False,False,False,False,True,True,False,False,False,False,False,False,False,False,False,True,False,0
44,9,3,3,68610,4.0,12,0,8.0,2,2,2,2,3.0,4.0,3.0,2,3,8.491249418874942,2,False,False,True,False,True,False,False,False,False,False,False,True,True,False,True,False,False,False,False,False,False,False,False,True,False,False,0
27,2,5,1,137700,1.0,18,1,8.0,3,8,7,7,4.0,3.0,3.0,4,3,10.01185030218503,1,False,False,True,False,True,False,False,True,False,False,False,False,True,False,False,False,False,False,False,False,True,False,False,False,False,True,1
31,2,2,2,39750,1.0,15,1,5.0,3,5,4,3,3.0,3.0,2.0,3,3,6.313388399412628,2,False,False,True,False,True,False,False,False,False,True,False,False,False,True,False,False,True,False,False,False,False,False,False,True,False,False,0
23,2,3,3,18780,1.0,13,1,1.0,2,1,0,1,4.0,3.0,3.0,3,3,7.485170093000489,2,False,False,True,False,False,True,False,False,False,True,False,False,False,True,False,False,True,False,False,False,False,False,False,False,True,False,0
29,3,5,1,27230,6.0,11,1,3.0,2,0,0,0,4.0,1.0,3.0,2,3,10.298806458897923,2,False,False,True,True,False,False,False,True,False,False,False,False,False,True,False,False,False,False,False,False,False,True,False,False,False,True,1
28,1,3,1,25920,1.0,14,0,5.0,2,5,0,4,4.0,4.0,2.0,3,3,6.116240338164252,2,False,False,True,False,True,False,False,True,False,False,False,False,False,True,False,False,False,False,True,False,False,False,False,False,True,False,0
55,1,3,1,120310,3.0,11,0,37.0,5,10,7,7,1.0,2.0,3.0,3,3,7.390809591642925,1,False,False,True,False,True,False,False,False,False,True,False,False,True,False,False,False,False,False,False,False,False,True,False,False,False,True,0
50,19,4,3,31950,2.0,11,0,5.0,4,3,0,2,3.0,3.0,2.0,2,3,6.78049154589372,2,False,False,True,False,False,True,False,False,True,False,False,False,False,True,False,False,False,False,False,False,False,True,False,False,True,False,0
53,6,3,4,23250,7.0,18,1,35.0,1,5,0,4,1.0,4.0,3.0,4,3,10.413876518218624,1,False,False,True,False,False,True,False,False,True,False,False,False,False,True,False,False,False,False,False,False,False,True,False,False,True,False,0
30,13,3,4,41970,1.0,13,0,11.0,3,10,1,9,4.0,4.0,3.0,3,3,6.20291134751773,2,False,False,True,False,True,False,False,True,False,False,False,False,True,False,False,False,False,False,False,True,False,False,False,False,True,False,0
43,14,3,1,37480,7.0,14,2,8.0,3,3,1,2,4.0,4.0,3.0,2,3,7.702863160291439,2,False,True,False,False,False,True,False,True,False,False,False,False,True,False,False,False,False,False,True,False,False,False,False,False,True,False,0
43,1,3,1,52650,4.0,11,1,12.0,4,5,2,2,4.0,4.0,2.0,3,3,7.641500721500722,2,False,True,False,False,True,False,False,False,False,True,False,False,False,True,False,False,True,False,False,False,False,False,False,False,True,False,0
28,11,2,2,58130,2.0,20,1,5.0,2,0,0,0,1.0,3.0,1.0,3,4,6.923570402298851,0,False,False,True,False,True,False,False,False,False,True,False,False,False,True,False,False,False,False,False,False,False,True,False,False,False,True,1
34,6,2,4,102480,1.0,12,1,6.0,4,6,1,3,2.0,4.0,3.0,3,3,8.937468123861565,2,False,False,True,False,False,True,False,True,False,False,False,False,False,True,False,False,False,False,False,True,False,False,False,False,True,False,0
28,2,4,1,93550,0.0,11,0,6.0,4,5,0,4,1.0,2.0,1.0,3,3,7.4839790448343075,2,False,False,True,False,False,True,False,False,True,False,False,False,False,True,False,False,False,False,False,False,False,True,False,False,True,False,0
25,20,5,2,85000,4.0,12,0,6.0,2,2,1,2,3.0,2.0,3.0,3,3,6.20880445423397,2,False,False,True,False,False,True,False,False,False,True,False,False,True,False,False,False,True,False,False,False,False,False,False,False,True,False,0
39,5,4,2,21050,0.0,20,0,19.0,3,18,3,7,3.0,4.0,2.0,3,4,7.600149051490515,0,False,False,True,False,False,True,False,False,True,False,False,False,True,False,False,True,False,False,False,False,False,False,False,True,False,False,0
53,19,3,2,25590,0.0,25,0,34.0,2,33,1,9,3.0,4.0,3.0,3,4,6.491736975564776,1,False,False,True,False,True,False,False,True,False,False,False,False,False,True,False,False,False,True,False,False,False,False,False,False,True,False,1
35,8,4,3,38380,1.0,16,1,1.0,2,1,0,1,4.0,4.0,3.0,3,3,6.909693236714976,2,False,False,True,False,True,False,False,False,False,True,False,False,True,False,False,False,False,False,False,False,True,False,False,False,True,False,0
59,4,4,1,27600,8.0,11,0,7.0,3,2,2,2,2.0,3.0,2.0,4,3,6.719878547378548,2,False,False,True,False,True,False,False,False,False,False,False,True,False,True,True,False,False,False,False,False,False,False,False,False,True,False,0
55,2,3,2,75470,7.0,16,0,31.0,2,9,6,2,3.0,1.0,4.0,2,3,6.108080029368576,1,True,False,False,False,True,False,False,False,False,True,False,False,True,False,False,False,False,True,False,False,False,False,False,False,False,True,0
31,1,3,4,28670,0.0,24,0,3.0,5,2,2,2,3.0,2.0,3.0,3,4,10.806078364950316,0,False,False,True,False,True,False,False,True,False,False,False,False,False,True,False,True,False,False,False,False,False,False,False,False,False,True,0
41,7,3,3,27820,1.0,14,0,10.0,2,10,0,7,2.0,3.0,3.0,2,3,6.603824152542373,2,False,False,True,False,True,False,False,False,False,False,False,True,True,False,False,False,False,False,False,False,True,False,False,False,True,False,0
36,13,3,3,25170,2.0,14,0,12.0,3,4,1,3,3.0,2.0,1.0,3,3,7.289100877192983,2,False,False,True,False,True,False,False,False,False,False,False,True,True,False,True,False,False,False,False,False,False,False,False,False,True,False,0
53,11,4,2,21480,3.0,11,0,21.0,2,5,1,3,3.0,3.0,2.0,3,3,8.413626347866854,2,False,False,True,False,True,False,False,True,False,False,False,False,True,False,False,False,False,False,False,False,True,False,False,False,True,False,0
53,11,3,2,21090,2.0,13,0,31.0,3,25,3,7,1.0,4.0,3.0,3,3,8.015872011251759,1,False,False,True,False,True,False,False,False,False,True,False,False,False,True,False,False,False,True,False,False,False,False,False,False,True,False,0
36,4,2,2,44780,0.0,18,1,15.0,3,14,7,8,4.0,4.0,2.0,3,3,6.6080651340996175,1,False,False,True,False,True,False,False,True,False,False,False,False,True,False,False,True,False,False,False,False,False,False,False,False,False,True,0
45,24,3,1,36290,8.0,16,1,8.0,2,5,0,1,4.0,3.0,3.0,4,3,6.082725321888412,2,False,False,True,False,False,True,False,True,False,False,False,False,False,True,False,False,True,False,False,False,False,False,False,False,False,True,0
45,21,1,3,22890,4.0,13,0,9.0,3,3,0,2,1.0,3.0,3.0,2,3,7.992223360655737,2,False,True,False,False,False,True,False,False,True,False,False,False,False,True,False,False,False,False,False,False,True,False,False,False,True,False,0
34,28,3,1,107930,0.0,11,3,3.0,1,2,1,2,2.0,4.0,3.0,2,3,7.597329244829245,2,False,False,True,False,True,False,False,False,False,False,False,True,False,True,False,False,True,False,False,False,False,False,False,True,False,False,0
58,5,3,5,21540,4.0,21,1,29.0,3,1,0,0,4.0,4.0,2.0,3,4,9.888919376693766,0,False,False,True,False,False,True,False,False,True,False,False,False,False,True,False,False,False,False,False,False,False,False,True,False,True,False,0
34,5,3,2,137440,0.0,20,1,3.0,3,2,1,0,4.0,3.0,2.0,3,4,6.20442731277533,0,False,True,False,False,True,False,False,False,False,True,False,False,False,True,False,False,False,False,False,False,True,False,False,True,False,False,1
43,14,3,5,38860,1.0,17,2,9.0,2,9,0,0,3.0,3.0,4.0,3,3,6.316731884057971,2,False,True,False,False,True,False,False,False,False,True,False,False,True,False,False,False,False,False,False,True,False,False,False,True,False,False,0
29,4,3,2,35390,1.0,18,0,6.0,2,6,1,5,3.0,4.0,3.0,2,3,7.301593507087334,2,False,False,True,False,False,True,False,False,False,False,True,False,True,False,False,True,False,False,False,False,False,False,False,False,False,True,0
33,10,3,1,43020,2.0,13,0,11.0,3,0,0,0,1.0,1.0,2.0,1,3,8.287419501133787,2,False,False,True,False,True,False,False,True,False,False,False,False,False,True,False,False,False,False,False,False,False,True,False,False,False,True,1
38,22,2,1,137340,0.0,13,0,3.0,3,2,1,2,2.0,2.0,3.0,4,3,6.937852387511479,2,False,False,True,False,False,True,False,False,False,True,False,False,False,True,False,False,False,False,False,False,False,True,False,False,True,False,0
30,8,2,1,63920,1.0,21,1,11.0,2,11,10,8,3.0,4.0,3.0,4,4,7.617610882487426,0,False,False,True,False,False,True,False,False,False,False,False,True,False,True,False,False,False,False,False,False,False,False,True,False,True,False,0
43,25,2,3,50550,5.0,22,0,18.0,2,1,0,0,3.0,4.0,3.0,2,4,7.917314030131827,0,False,False,True,False,False,True,False,True,False,False,False,False,False,True,False,False,False,False,False,False,True,False,False,True,False,False,0
27,2,1,4,44470,1.0,13,0,7.0,4,7,0,7,4.0,1.0,3.0,3,3,6.109443247126437,2,False,False,True,False,True,False,False,True,False,False,False,False,False,True,False,False,False,False,False,False,True,False,False,True,False,False,0
41,23,3,2,26700,2.0,15,2,10.0,2,8,0,7,1.0,3.0,3.0,2,3,9.293875545851527,2,True,False,False,False,True,False,False,True,False,False,False,False,False,True,False,False,False,False,True,False,False,False,False,False,False,True,0
41,1,4,2,55610,0.0,11,0,10.0,2,9,1,7,3.0,1.0,3.0,2,3,7.670687943262411,2,False,True,False,False,False,True,False,False,False,False,True,False,True,False,True,False,False,False,False,False,False,False,False,True,False,False,0
39,10,4,4,66960,7.0,11,0,8.0,3,2,2,2,4.0,1.0,1.0,3,3,10.69226602120793,2,False,False,True,False,True,False,False,True,False,False,False,False,True,False,False,True,False,False,False,False,False,False,False,False,True,False,1
30,26,3,2,44200,9.0,11,0,9.0,3,7,0,2,1.0,3.0,3.0,3,3,7.114706790123457,2,False,False,True,False,False,True,False,False,True,False,False,False,True,False,False,False,False,True,False,False,False,False,False,False,False,True,0
35,20,2,1,51540,0.0,19,0,12.0,2,11,6,9,3.0,2.0,2.0,2,3,7.696398109727986,1,False,False,True,False,False,True,False,True,False,False,False,False,False,True,False,False,True,False,False,False,False,False,False,False,True,False,0
54,23,3,1,136030,8.0,13,1,22.0,2,10,0,8,3.0,3.0,3.0,3,3,6.600198067632849,1,False,False,True,False,False,True,False,False,False,True,False,False,True,False,False,False,True,False,False,False,False,False,False,False,True,False,0
27,6,4,2,37550,1.0,19,0,5.0,2,5,0,3,1.0,3.0,3.0,3,3,7.987510460251046,2,False,False,True,False,True,False,False,True,False,False,False,False,False,True,False,False,True,False,False,False,False,False,False,True,False,False,0
35,22,3,1,29660,9.0,18,0,15.0,2,11,6,9,2.0,3.0,3.0,2,3,6.007819618781962,1,False,False,True,False,True,False,False,False,False,True,False,False,True,False,False,False,False,False,False,False,False,False,True,False,True,False,0
37,9,1,3,44400,2.0,11,1,18.0,3,1,0,1,3.0,2.0,2.0,2,3,9.921687242798354,2,False,False,True,False,False,True,False,False,True,False,False,False,False,True,False,False,False,False,False,False,False,True,False,False,False,True,0
35,2,1,1,187400,1.0,19,1,1.0,2,1,0,0,3.0,3.0,3.0,4,3,6.723173216885007,2,True,False,False,False,True,False,False,False,False,True,False,False,False,True,False,False,False,False,False,False,True,False,False,False,True,False,0
49,23,1,2,92410,1.0,19,1,7.0,5,7,1,7,4.0,4.0,3.0,3,3,9.593414634146342,2,True,False,False,False,True,False,False,False,False,False,True,False,True,False,False,False,False,False,False,False,False,True,False,True,False,False,0
25,1,2,1,32120,1.0,15,1,1.0,3,1,0,0,3.0,2.0,3.0,2,3,8.902678826895563,2,False,False,True,False,True,False,False,True,False,False,False,False,False,True,False,False,False,False,False,False,False,True,False,False,True,False,1
32,20,3,1,45810,3.0,14,1,8.0,3,5,1,4,3.0,3.0,3.0,3,3,6.9088636363636375,2,False,False,True,False,True,False,False,False,False,True,False,False,True,False,False,False,False,False,True,False,False,False,False,False,False,True,0
41,7,2,1,20990,8.0,12,1,8.0,2,6,0,5,2.0,4.0,1.0,3,3,8.626512212643679,2,False,False,True,False,True,False,False,True,False,False,False,False,True,False,False,False,False,False,False,False,True,False,False,False,False,True,1
30,9,3,2,68250,1.0,14,0,1.0,2,1,0,0,2.0,1.0,4.0,3,3,6.946756854256854,2,False,True,False,False,True,False,False,False,False,False,True,False,False,True,True,False,False,False,False,False,False,False,False,False,True,False,1
32,3,1,2,171810,1.0,14,0,14.0,2,14,6,8,3.0,3.0,3.0,2,3,7.996312382297551,1,False,False,True,False,True,False,False,False,False,True,False,False,False,True,False,False,False,False,True,False,False,False,False,False,True,False,0
30,2,4,1,20960,7.0,11,3,10.0,2,8,1,7,3.0,3.0,3.0,3,3,9.523287037037038,2,True,False,False,False,True,False,False,False,False,False,True,False,False,True,False,False,False,False,False,False,True,False,False,False,False,True,0
31,1,3,2,64650,4.0,17,0,13.0,3,7,5,7,1.0,4.0,4.0,3,3,6.314440928270042,2,False,False,True,False,False,True,False,False,True,False,False,False,True,False,False,False,False,False,False,False,False,True,False,True,False,False,0
38,25,1,1,78470,3.0,14,1,9.0,3,7,1,7,4.0,4.0,1.0,4,3,7.283589743589743,2,False,False,True,True,False,False,True,False,False,False,False,False,True,False,False,False,False,False,True,False,False,False,False,False,True,False,0
43,1,3,2,29320,5.0,24,0,22.0,3,17,1,9,4.0,4.0,3.0,3,4,9.265778246601032,0,False,False,True,False,False,True,False,False,True,False,False,False,True,False,False,False,False,False,True,False,False,False,False,False,True,False,0
44,6,2,3,45580,1.0,13,1,6.0,2,6,0,2,3.0,3.0,3.0,1,3,10.408523391812864,2,False,False,True,True,False,False,True,False,False,False,False,False,False,True,False,False,False,False,False,False,False,True,False,False,False,True,1
42,5,4,1,60290,3.0,17,1,10.0,5,3,0,2,4.0,1.0,3.0,3,3,8.51441897137312,2,False,False,True,False,True,False,False,False,False,True,False,False,True,False,False,False,False,False,False,False,True,False,False,False,False,True,0
49,14,4,2,62300,2.0,14,0,23.0,2,1,0,0,1.0,3.0,4.0,2,3,6.701772197962154,2,False,False,True,False,False,True,False,True,False,False,False,False,False,True,False,False,False,False,False,False,True,False,False,False,True,False,0
39,3,3,2,109760,1.0,11,0,9.0,3,9,5,8,4.0,4.0,3.0,2,3,10.174394353369763,1,True,False,False,False,True,False,False,True,False,False,False,False,True,False,False,False,False,False,True,False,False,False,False,False,True,False,0
31,3,3,2,46210,2.0,18,1,9.0,3,5,1,4,4.0,4.0,2.0,3,3,6.504944903581268,2,False,True,False,False,False,True,False,False,True,False,False,False,False,True,False,False,False,False,False,False,False,True,False,False,False,True,0
54,5,2,2,40140,2.0,19,1,16.0,4,9,7,1,3.0,2.0,3.0,2,3,6.397855603448276,1,False,False,True,False,True,False,False,True,False,False,False,False,True,False,False,False,False,False,False,False,False,True,False,False,True,False,0
52,1,4,5,97380,0.0,18,2,5.0,2,4,1,2,4.0,4.0,3.0,3,3,7.212850091827365,2,True,False,False,False,True,False,False,True,False,False,False,False,False,True,False,False,False,False,False,False,False,True,False,False,True,False,0
35,5,4,3,48980,2.0,15,2,10.0,2,4,2,3,3.0,1.0,3.0,3,3,9.545177730696796,2,True,False,False,False,True,False,False,False,False,False,False,True,True,False,False,False,False,False,True,False,False,False,False,False,True,False,0
31,22,2,2,56890,3.0,15,2,12.0,2,1,0,0,1.0,3.0,3.0,2,3,6.609761088248743,2,False,True,False,False,True,False,False,False,False,True,False,False,True,False,False,False,False,False,False,False,False,True,False,False,True,False,1
39,17,4,2,104750,3.0,11,1,8.0,3,5,1,4,1.0,4.0,4.0,3,3,10.322546695402298,2,False,False,True,False,True,False,False,False,False,False,False,True,True,False,True,False,False,False,False,False,False,False,False,False,True,False,0
34,7,4,3,23480,1.0,14,1,6.0,3,5,1,3,3.0,4.0,3.0,3,3,6.873507092198581,2,False,True,False,False,True,False,False,True,False,False,False,False,False,True,False,False,True,False,False,False,False,False,False,False,False,True,0
31,7,3,2,36170,7.0,21,1,10.0,5,5,0,3,4.0,1.0,3.0,3,4,7.144681688125895,0,False,True,False,False,True,False,False,False,False,True,False,False,False,True,False,False,False,False,False,False,True,False,False,False,False,True,0
55,2,3,1,27810,8.0,13,1,19.0,2,5,0,4,2.0,4.0,4.0,3,3,6.190505162241887,2,False,False,True,False,True,False,False,True,False,False,False,False,True,False,False,True,False,False,False,False,False,False,False,False,True,False,0
32,10,3,1,30720,5.0,12,0,9.0,4,5,1,3,3.0,3.0,2.0,1,3,6.633939603503919,2,False,False,True,False,False,True,False,False,True,False,False,False,True,False,False,True,False,False,False,False,False,False,False,False,True,False,0
53,14,2,5,35170,2.0,12,1,13.0,1,7,4,5,2.0,3.0,1.0,2,3,10.893168103448277,2,False,False,True,False,False,True,False,True,False,False,False,False,True,False,False,False,False,False,True,False,False,False,False,False,True,False,0
42,1,3,1,106850,4.0,11,3,4.0,2,1,0,0,3.0,2.0,3.0,3,3,6.595753472222223,2,False,False,True,False,True,False,False,True,False,False,False,False,True,False,False,False,False,False,True,False,False,False,False,False,True,False,0
48,3,3,1,54150,7.0,11,1,27.0,1,15,4,8,3.0,3.0,3.0,3,3,6.501231884057971,1,False,False,True,False,False,True,False,False,False,True,False,False,False,True,False,False,False,False,False,True,False,False,False,False,False,True,0
52,7,1,2,47740,2.0,18,1,11.0,2,8,7,7,3.0,2.0,2.0,3,3,7.9055276615527665,1,False,False,True,False,True,False,False,True,False,False,False,False,True,False,False,False,False,False,False,False,True,False,False,False,True,False,1
29,1,2,2,42400,1.0,14,0,10.0,2,10,0,9,1.0,2.0,2.0,2,3,10.704748513946043,2,False,False,True,False,True,False,False,False,False,True,False,False,False,True,False,False,False,False,False,False,False,False,True,True,False,False,0
39,10,3,2,26840,4.0,12,0,7.0,2,5,1,0,4.0,2.0,3.0,3,3,6.773751788268957,2,False,False,True,False,False,True,False,False,True,False,False,False,True,False,False,False,False,False,False,True,False,False,False,False,True,False,0
50,9,3,2,23220,7.0,25,1,4.0,0,2,2,2,4.0,2.0,3.0,4,4,7.386711943220754,0,False,False,True,False,False,True,False,True,False,False,False,False,False,True,False,False,False,False,False,False,True,False,False,False,True,False,0
45,2,3,1,50980,3.0,14,1,8.0,4,2,0,2,1.0,4.0,2.0,3,3,6.778304843304844,2,False,False,True,False,True,False,False,False,False,True,False,False,True,False,False,False,False,False,False,False,False,True,False,False,True,False,0
38,9,4,1,43120,0.0,12,1,10.0,2,9,1,8,2.0,4.0,2.0,2,3,7.198367149758454,2,False,False,True,False,True,False,False,True,False,False,False,False,False,True,False,False,False,False,False,False,False,True,False,False,False,True,0
53,9,3,3,48090,2.0,18,0,19.0,2,2,2,2,4.0,4.0,3.0,3,3,6.276725403817916,2,False,False,True,False,True,False,False,True,False,False,False,False,True,False,False,False,True,False,False,False,False,False,False,False,False,True,0
26,2,2,3,53040,0.0,20,1,5.0,2,4,1,1,1.0,4.0,3.0,3,4,6.279298611111112,0,False,False,True,False,True,False,False,False,False,False,True,False,False,True,False,False,True,False,False,False,False,False,False,False,False,True,0
31,8,4,3,25520,2.0,18,0,9.0,2,3,2,2,1.0,1.0,3.0,3,3,7.490906619385343,2,False,True,False,False,False,True,False,False,False,False,True,False,True,False,False,False,False,False,True,False,False,False,False,False,True,False,0
26,17,3,2,57690,1.0,19,0,5.0,4,5,4,3,3.0,2.0,2.0,2,3,7.685123587570622,2,False,False,True,False,False,True,False,False,False,True,False,False,True,False,False,False,False,True,False,False,False,False,False,False,True,False,0
52,5,4,1,29110,2.0,17,2,26.0,3,9,7,8,4.0,4.0,3.0,3,3,7.022838114754098,1,False,False,True,False,True,False,False,False,False,False,True,False,False,True,False,False,True,False,False,False,False,False,False,False,True,False,0
37,13,3,1,119040,1.0,12,1,6.0,4,6,1,3,3.0,4.0,2.0,3,3,6.484710351377018,2,False,True,False,False,True,False,False,True,False,False,False,False,False,True,False,False,True,False,False,False,False,False,False,True,False,False,0
43,2,4,1,24220,1.0,11,1,14.0,2,14,6,11,3.0,3.0,3.0,3,3,7.632412764003673,1,False,False,True,False,True,False,False,True,False,False,False,False,True,False,False,False,False,False,False,False,True,False,False,False,True,False,0
31,9,1,1,189470,2.0,12,2,9.0,2,3,1,2,2.0,1.0,1.0,2,3,6.68345188284519,2,False,False,True,False,True,False,False,False,False,True,False,False,True,False,False,False,False,False,False,False,False,False,True,True,False,False,1
18,1,4,1,23350,1.0,14,2,0.0,3,0,0,0,3.0,3.0,3.0,2,3,6.770954785954785,2,False,False,True,False,True,False,False,True,False,False,False,False,False,True,False,False,False,False,False,False,False,True,False,False,False,True,1
26,8,3,2,157870,1.0,12,2,8.0,5,8,7,4,4.0,4.0,3.0,3,3,10.260264282501126,2,False,False,True,False,True,False,False,False,False,True,False,False,False,True,False,False,False,True,False,False,False,False,False,False,False,True,1
24,28,3,1,118490,1.0,16,1,5.0,3,4,3,2,4.0,3.0,3.0,3,3,6.552236286919832,2,False,False,True,False,False,True,False,True,False,False,False,False,True,False,True,False,False,False,False,False,False,False,False,True,False,False,0
45,9,2,1,95250,9.0,19,0,22.0,3,20,11,8,1.0,4.0,3.0,3,3,6.252302098235575,1,True,False,False,False,True,False,False,False,False,True,False,False,True,False,False,False,False,False,False,False,False,True,False,False,True,False,0
35,4,4,1,180410,3.0,20,1,15.0,3,7,1,7,3.0,1.0,3.0,2,4,8.498400423728814,0,False,False,True,False,False,True,False,False,True,False,False,False,False,True,False,False,True,False,False,False,False,False,False,False,True,False,0
38,24,2,1,23260,8.0,14,0,19.0,3,1,0,0,2.0,4.0,3.0,4,3,8.40627304964539,2,False,False,True,False,True,False,False,False,False,False,True,False,True,False,False,False,True,False,False,False,False,False,False,False,False,True,0
37,13,4,3,35640,5.0,11,0,10.0,1,5,0,0,3.0,4.0,3.0,1,3,7.408802600472813,2,False,True,False,False,True,False,False,True,False,False,False,False,True,False,False,True,False,False,False,False,False,False,False,False,True,False,0
51,16,3,3,94390,2.0,15,3,29.0,0,20,4,17,1.0,3.0,2.0,3,3,6.110529770276606,1,False,False,True,False,False,True,False,False,False,True,False,False,False,True,False,False,False,False,False,False,True,False,False,False,True,False,0
35,8,1,3,53460,0.0,14,0,6.0,3,5,0,3,2.0,3.0,4.0,2,3,7.410872849837284,2,False,False,True,False,True,False,False,False,False,False,False,True,True,False,False,False,False,False,True,False,False,False,False,False,True,False,0
34,13,4,3,74910,0.0,14,1,4.0,3,3,0,2,3.0,1.0,3.0,2,3,8.918751157407407,2,False,False,True,False,False,True,False,False,False,True,False,False,False,True,False,False,False,False,False,False,False,False,True,False,False,True,0
46,10,3,2,153790,1.0,12,0,24.0,1,24,15,7,2.0,1.0,3.0,1,3,6.85781746031746,1,False,False,True,False,True,False,False,False,False,False,False,True,True,False,False,False,True,False,False,False,False,False,False,True,False,False,0
58,9,2,4,59570,4.0,14,1,7.0,2,1,0,0,4.0,3.0,3.0,1,3,7.52389231824417,2,False,False,True,False,False,True,False,False,False,True,False,False,True,False,False,False,False,False,False,False,False,True,False,False,False,True,1
34,8,1,3,25850,3.0,12,0,9.0,5,4,0,1,4.0,4.0,2.0,3,3,9.213606557377048,2,False,False,True,False,True,False,False,True,False,False,False,False,True,False,False,False,True,False,False,False,False,False,False,False,True,False,0
19,2,2,3,98240,1.0,18,0,1.0,2,1,0,0,1.0,2.0,4.0,3,3,8.388885357815443,2,True,False,False,False,False,True,False,False,False,False,True,False,False,True,True,False,False,False,False,False,False,False,False,False,False,True,1
45,1,4,1,170480,4.0,15,0,10.0,3,8,5,7,3.0,3.0,4.0,2,3,7.173255462575547,1,True,False,False,False,False,True,False,False,False,False,False,True,False,True,False,False,False,False,False,False,True,False,False,False,True,False,0
50,17,3,1,42980,1.0,20,1,31.0,6,31,14,7,1.0,1.0,3.0,3,4,6.632049768518518,1,True,False,False,False,True,False,False,False,False,True,False,False,True,False,False,False,True,False,False,False,False,False,False,True,False,False,0
29,3,4,3,39780,1.0,11,0,7.0,0,7,1,7,4.0,2.0,3.0,3,3,8.387526183970857,2,False,False,True,False,True,False,False,True,False,False,False,False,False,True,False,False,False,False,False,False,False,True,False,True,False,False,0
45,17,2,2,79910,0.0,13,2,21.0,2,20,4,10,3.0,4.0,3.0,2,3,8.409649062642888,1,False,False,True,False,True,False,False,False,False,True,False,False,False,True,False,False,True,False,False,False,False,False,False,False,True,False,0
28,1,3,2,17060,7.0,12,0,8.0,3,0,0,0,3.0,1.0,2.0,3,3,7.60069262493935,2,False,True,False,False,False,True,False,False,True,False,False,False,False,True,False,False,True,False,False,False,False,False,False,False,False,True,1
47,23,4,2,62740,7.0,14,2,17.0,0,6,1,2,1.0,4.0,2.0,3,3,7.817304189435337,2,False,False,True,False,True,False,False,True,False,False,False,False,True,False,False,False,False,False,False,False,False,True,False,False,True,False,0
55,9,3,2,119160,4.0,15,1,35.0,3,10,1,4,3.0,2.0,3.0,2,3,8.175601469237833,1,False,False,True,False,False,True,False,False,True,False,False,False,False,True,False,False,True,False,False,False,False,False,False,False,True,False,0
36,25,3,2,55050,4.0,21,2,13.0,3,8,7,2,4.0,2.0,2.0,3,4,7.406964798850575,0,False,True,False,False,False,True,False,False,True,False,False,False,True,False,False,False,False,False,False,True,False,False,False,False,False,True,0
55,7,3,3,50930,2.0,16,1,31.0,3,7,0,0,2.0,4.0,4.0,3,3,7.483309489747258,2,False,False,True,False,True,False,False,True,False,False,False,False,True,False,False,False,False,False,False,False,True,False,False,True,False,False,0
30,9,3,1,90710,0.0,19,1,12.0,2,11,5,7,4.0,2.0,3.0,2,3,9.18669976359338,1,False,False,True,False,False,True,False,False,True,False,False,False,True,False,False,False,False,False,False,False,True,False,False,False,True,False,0
23,2,3,1,76370,2.0,11,1,5.0,3,3,0,2,1.0,1.0,4.0,3,3,7.071160673121254,2,False,False,True,False,True,False,False,True,False,False,False,False,False,True,True,False,False,False,False,False,False,False,False,False,True,False,0
27,24,3,4,31720,1.0,20,1,9.0,1,9,1,7,4.0,3.0,3.0,3,4,6.806234161793373,0,False,True,False,False,False,True,False,True,False,False,False,False,False,True,True,False,False,False,False,False,False,False,False,False,False,True,0
35,2,1,3,106090,1.0,22,0,10.0,3,10,0,7,4.0,4.0,1.0,3,4,10.380476190476193,0,False,False,True,False,True,False,False,True,False,False,False,False,False,True,True,False,False,False,False,False,False,False,False,False,True,False,0
34,2,2,1,64100,1.0,13,1,1.0,5,1,0,0,3.0,3.0,3.0,2,3,9.19380871725384,2,False,False,True,False,True,False,False,True,False,False,False,False,False,True,False,False,False,False,False,False,False,False,True,False,True,False,0
43,3,4,1,24080,1.0,12,1,25.0,3,25,4,12,3.0,4.0,4.0,3,3,8.702949172576831,1,False,True,False,False,True,False,False,True,False,False,False,False,False,True,False,False,False,False,False,False,False,True,False,False,True,False,0
54,5,3,2,24780,6.0,11,0,13.0,0,9,7,0,3.0,3.0,3.0,3,3,7.571803797468354,1,False,False,True,False,True,False,False,False,False,True,False,False,True,False,False,False,False,False,True,False,False,False,False,False,True,False,0
58,24,3,2,43170,7.0,17,0,40.0,2,31,13,8,4.0,2.0,3.0,3,3,8.926272749042145,1,False,False,True,False,True,False,False,False,False,False,True,False,True,False,False,False,False,False,False,False,True,False,False,False,False,True,1
31,28,4,2,25930,0.0,21,0,4.0,2,3,1,2,3.0,1.0,3.0,3,4,8.187664565826331,0,True,False,False,False,True,False,False,False,False,True,False,False,False,True,False,False,False,False,False,False,True,False,False,False,False,True,1
39,10,3,2,26840,4.0,12,0,7.0,2,5,1,0,4.0,2.0,3.0,3,3,6.776572855750487,2,False,False,True,False,False,True,False,False,True,False,False,False,True,False,False,False,False,False,False,True,False,False,False,False,True,False,0
38,22,2,1,137340,0.0,13,0,3.0,3,2,1,2,2.0,2.0,3.0,4,3,6.987524717514124,2,False,False,True,False,False,True,False,False,False,True,False,False,False,True,False,False,False,False,False,False,False,True,False,False,True,False,0
31,1,3,1,168560,3.0,12,1,9.0,3,3,1,0,1.0,2.0,3.0,3,3,7.301046647913737,2,False,False,True,False,True,False,False,False,False,True,False,False,False,True,False,False,True,False,False,False,False,False,False,False,False,True,0
59,1,3,1,166060,7.0,11,0,28.0,6,21,7,9,1.0,1.0,2.0,3,3,6.903471064814815,1,False,False,True,False,True,False,False,False,False,False,False,True,False,True,False,False,True,False,False,False,False,False,False,False,False,True,0
26,29,4,1,63890,0.0,22,0,8.0,2,7,0,7,3.0,1.0,3.0,2,4,6.806834733893558,0,False,False,True,False,True,False,False,True,False,False,False,False,False,True,False,False,False,False,False,False,True,False,False,False,False,True,0
52,5,4,4,14200,1.0,13,1,33.0,2,32,6,9,1.0,4.0,3.0,4,3,6.017824074074074,1,False,False,True,False,True,False,False,False,False,True,False,False,True,False,False,True,False,False,False,False,False,False,False,False,True,False,1
40,22,1,1,56660,1.0,14,1,18.0,2,18,14,12,1.0,3.0,3.0,3,3,7.586946859903381,1,False,False,True,False,True,False,False,True,False,False,False,False,False,True,False,False,True,False,False,False,False,False,False,False,True,False,0
40,10,4,1,93620,2.0,11,1,8.0,6,2,2,2,3.0,3.0,3.0,3,3,6.211907956685499,2,False,False,True,False,False,True,False,True,False,False,False,False,False,True,False,False,False,False,False,False,True,False,False,False,False,True,0
30,1,4,1,53010,1.0,16,1,10.0,3,10,1,8,4.0,3.0,3.0,3,3,6.09725321395776,2,False,False,True,False,True,False,False,False,False,False,False,True,True,False,False,False,False,False,False,False,True,False,False,False,False,True,0
39,12,1,1,99910,1.0,16,1,8.0,3,8,0,7,3.0,3.0,3.0,3,3,7.061997245179064,2,False,True,False,False,True,False,False,False,False,True,False,False,False,True,False,False,False,False,False,False,True,False,False,False,True,False,0
31,21,3,2,99800,1.0,12,0,6.0,1,6,0,1,3.0,1.0,2.0,3,3,8.591818287037036,2,False,False,True,False,True,False,False,True,False,False,False,False,False,True,False,False,True,False,False,False,False,False,False,False,True,False,0
40,9,3,1,45230,5.0,16,1,5.0,5,0,0,0,2.0,2.0,3.0,4,3,6.791671583087512,2,False,True,False,False,False,True,False,False,False,True,False,False,False,True,False,False,False,False,True,False,False,False,False,False,True,False,0
43,1,3,2,29320,5.0,24,0,22.0,3,17,1,9,4.0,4.0,3.0,3,4,9.317622549019609,0,False,False,True,False,False,True,False,False,True,False,False,False,True,False,False,False,False,False,True,False,False,False,False,False,True,False,0
40,1,4,2,69320,1.0,13,0,5.0,5,5,1,2,4.0,1.0,3.0,3,3,6.462534425451092,2,False,False,True,False,True,False,False,True,False,False,False,False,False,True,False,False,True,False,False,False,False,False,False,False,True,False,0
33,23,4,4,39830,4.0,12,0,9.0,3,3,1,2,4.0,4.0,3.0,3,3,6.412309251311397,2,False,False,True,False,False,True,False,False,True,False,False,False,True,False,False,False,False,False,False,False,False,True,False,True,False,False,0
31,16,4,3,42440,9.0,13,0,8.0,3,3,0,2,4.0,2.0,3.0,3,3,6.730294540229885,2,False,False,True,False,True,False,False,True,False,False,False,False,False,True,False,True,False,False,False,False,False,False,False,False,False,True,0
48,2,4,1,45910,9.0,16,0,23.0,6,1,0,0,1.0,3.0,3.0,1,3,9.29572198275862,2,False,False,True,False,True,False,False,False,False,False,False,True,True,False,False,False,False,False,False,False,False,True,False,False,False,True,1
53,1,2,1,39890,1.0,13,0,5.0,2,4,1,3,4.0,1.0,3.0,3,3,6.116384220354808,2,False,False,True,False,False,True,False,True,False,False,False,False,False,True,False,False,False,True,False,False,False,False,False,True,False,False,0
53,9,3,1,39200,6.0,16,1,22.0,3,17,15,2,3.0,3.0,4.0,3,3,6.523184113865931,1,False,False,True,False,True,False,False,False,False,False,False,True,False,True,False,False,False,True,False,False,False,False,False,True,False,False,0
33,1,3,2,140260,1.0,12,0,1.0,4,1,0,0,2.0,3.0,2.0,3,3,6.171750478927202,2,True,False,False,False,True,False,False,True,False,False,False,False,False,True,False,False,False,False,False,False,True,False,False,True,False,False,0
55,11,3,2,83810,4.0,15,1,23.0,3,19,9,11,4.0,3.0,3.0,3,3,6.600917397660819,1,False,False,True,False,False,True,False,False,False,False,False,True,False,True,False,False,False,False,True,False,False,False,False,False,True,False,0
29,3,4,2,55930,1.0,13,1,1.0,3,1,0,0,4.0,1.0,3.0,3,3,6.292075958702065,2,False,False,True,False,True,False,False,False,False,False,True,False,True,False,False,False,False,False,False,False,False,False,True,True,False,False,0
37,1,3,2,41270,2.0,13,1,15.0,2,5,0,2,1.0,4.0,3.0,3,3,11.019594467885607,2,True,False,False,False,True,False,False,False,False,True,False,False,False,True,False,False,False,False,False,False,False,True,False,True,False,False,0
33,1,2,1,62140,1.0,19,2,14.0,3,13,3,8,1.0,3.0,3.0,3,3,7.778514292300599,1,False,True,False,False,True,False,False,True,False,False,False,False,True,False,False,False,False,False,False,False,False,True,False,False,False,True,1
48,2,1,2,23700,2.0,11,0,27.0,3,5,2,1,1.0,4.0,2.0,3,3,6.210528752436647,2,True,False,False,False,False,True,False,True,False,False,False,False,False,True,False,False,False,False,False,False,False,True,False,False,False,True,0
32,5,4,5,50030,0.0,13,0,10.0,5,9,1,6,4.0,2.0,2.0,3,3,6.61519212962963,2,False,False,True,False,True,False,False,False,False,False,False,True,False,True,False,False,False,False,False,False,True,False,False,True,False,False,0
33,2,2,2,34790,3.0,12,0,5.0,3,3,0,2,2.0,4.0,3.0,3,3,7.516345598845599,2,False,False,True,False,True,False,False,False,False,False,False,True,False,True,False,False,True,False,False,False,False,False,False,False,False,True,0
34,7,3,1,56170,8.0,25,1,9.0,3,5,0,4,1.0,4.0,2.0,3,4,9.08493879472693,0,True,False,False,False,True,False,False,True,False,False,False,False,False,True,False,False,False,False,False,False,False,False,True,False,False,True,1
39,4,3,2,98520,0.0,12,1,21.0,5,20,11,10,2.0,1.0,3.0,2,3,6.100789894833105,1,False,False,True,False,True,False,False,True,False,False,False,False,False,True,False,False,False,False,False,False,False,True,False,False,False,True,0
36,13,3,3,25170,2.0,14,0,12.0,3,4,1,3,3.0,2.0,1.0,3,3,7.322567722681359,2,False,False,True,False,True,False,False,False,False,False,False,True,True,False,True,False,False,False,False,False,False,False,False,False,True,False,0
41,18,4,5,53470,1.0,24,1,4.0,1,4,0,2,2.0,2.0,2.0,3,4,10.054291962174942,0,False,False,True,False,True,False,False,True,False,False,False,False,False,True,False,False,True,False,False,False,False,False,False,False,False,True,1
35,10,5,4,134580,1.0,11,0,17.0,3,17,11,8,2.0,4.0,3.0,3,3,6.678400095374344,1,False,False,True,False,True,False,False,False,False,True,False,False,True,False,False,False,True,False,False,False,False,False,False,False,False,True,0
60,16,3,4,23390,4.0,20,0,22.0,4,18,13,11,3.0,1.0,4.0,3,4,7.217978595478596,1,False,True,False,False,True,False,False,True,False,False,False,False,True,False,False,False,True,False,False,False,False,False,False,False,True,False,0
29,13,2,1,52200,1.0,17,0,1.0,3,1,1,0,4.0,4.0,2.0,2,3,8.599234594856865,2,False,True,False,False,True,False,False,True,False,False,False,False,True,False,False,False,True,False,False,False,False,False,False,False,False,True,1
29,4,3,5,36910,1.0,13,0,2.0,3,2,2,2,2.0,2.0,3.0,3,3,6.80957787481805,2,False,False,True,False,False,True,False,False,True,False,False,False,False,True,False,False,False,False,False,False,True,False,False,False,False,True,1
36,2,4,1,27250,9.0,21,1,18.0,4,16,5,12,3.0,2.0,3.0,2,4,10.608310841205578,0,False,False,True,False,True,False,False,False,False,True,False,False,False,True,True,False,False,False,False,False,False,False,False,False,False,True,0
28,1,3,4,67810,0.0,15,1,10.0,2,9,1,7,4.0,2.0,2.0,3,3,6.904346549192364,2,False,False,True,True,False,False,True,False,False,False,False,False,True,False,False,False,True,False,False,False,False,False,False,True,False,False,0
48,2,4,1,45910,9.0,16,0,23.0,6,1,0,0,1.0,3.0,3.0,1,3,9.344940898345154,2,False,False,True,False,True,False,False,False,False,False,False,True,True,False,False,False,False,False,False,False,False,True,False,False,False,True,1
49,25,2,2,43450,4.0,15,0,29.0,3,26,1,7,1.0,2.0,2.0,2,3,7.004710743801653,1,False,False,True,False,True,False,False,True,False,False,False,False,True,False,False,False,False,False,False,False,False,True,False,False,True,False,0
60,16,3,4,23390,4.0,20,0,22.0,4,18,13,11,3.0,1.0,4.0,3,4,7.198991898148148,1,False,True,False,False,True,False,False,True,False,False,False,False,True,False,False,False,True,False,False,False,False,False,False,False,True,False,0
28,2,3,1,55770,0.0,19,0,5.0,3,4,0,2,4.0,3.0,2.0,3,3,10.374410628019325,2,False,True,False,False,True,False,False,False,False,False,True,False,True,False,False,False,False,True,False,False,False,False,False,False,False,True,0
22,8,3,3,108510,1.0,16,1,1.0,2,1,0,0,4.0,4.0,2.0,4,3,9.987742486338798,2,True,False,False,False,True,False,False,True,False,False,False,False,True,False,False,False,False,False,False,False,False,True,False,True,False,False,0
27,18,2,1,65160,1.0,19,1,7.0,4,7,0,7,4.0,3.0,3.0,3,3,6.198006607929515,2,False,True,False,False,True,False,False,False,False,True,False,False,True,False,False,False,True,False,False,False,False,False,False,False,False,True,0
44,21,4,2,62720,1.0,19,1,10.0,3,10,0,5,1.0,4.0,3.0,3,3,6.000892687559354,2,False,False,True,False,True,False,False,True,False,False,False,False,True,False,False,False,True,False,False,False,False,False,False,False,True,False,1
42,2,2,1,21330,3.0,13,2,14.0,2,1,0,0,1.0,4.0,3.0,3,3,6.077879515317786,2,False,False,True,False,False,True,False,False,False,True,False,False,True,False,False,False,True,False,False,False,False,False,False,False,False,True,0
28,7,3,1,89660,1.0,16,1,3.0,3,3,2,2,3.0,4.0,3.0,2,3,7.694691225560324,2,True,False,False,False,True,False,False,True,False,False,False,False,False,True,False,False,False,False,False,False,False,True,False,True,False,False,0
21,9,3,4,178750,1.0,12,0,3.0,5,3,1,2,1.0,2.0,3.0,2,3,8.080786052009456,2,False,True,False,False,True,False,False,False,False,True,False,False,True,False,False,False,False,False,True,False,False,False,False,False,False,True,1
55,1,4,1,67990,3.0,11,0,12.0,2,10,0,8,2.0,4.0,3.0,3,3,9.410524425287356,1,False,False,True,False,True,False,False,False,False,False,True,False,True,False,False,False,False,False,False,False,True,False,False,False,True,False,0
54,1,3,2,22970,6.0,18,2,29.0,2,20,12,7,4.0,4.0,2.0,2,3,6.210766806722689,1,False,False,True,False,False,True,False,False,False,True,False,False,True,False,False,False,False,True,False,False,False,False,False,False,False,True,0
31,24,1,1,38940,1.0,12,0,10.0,3,10,1,8,3.0,1.0,3.0,4,3,7.301323529411765,2,False,False,True,False,False,True,False,False,True,False,False,False,True,False,False,False,False,False,False,False,False,True,False,False,False,True,0
34,2,3,1,103120,1.0,12,0,6.0,2,6,1,3,3.0,1.0,3.0,3,3,6.92431697931698,2,False,False,True,False,False,True,False,False,True,False,False,False,False,True,False,False,False,False,False,False,False,False,True,False,False,True,0
38,25,1,1,78470,3.0,14,1,9.0,3,7,1,7,4.0,4.0,1.0,4,3,7.292095204178538,2,False,False,True,True,False,False,True,False,False,False,False,False,True,False,False,False,False,False,True,False,False,False,False,False,True,False,0
40,28,3,2,54680,0.0,12,0,22.0,6,21,3,9,1.0,3.0,3.0,4,3,7.01772427140255,1,False,False,True,False,True,False,False,False,False,True,False,False,False,True,False,False,True,False,False,False,False,False,False,True,False,False,0
32,10,3,1,102660,1.0,11,0,2.0,3,2,2,2,3.0,2.0,3.0,3,3,7.289922267946959,2,False,True,False,False,False,True,False,True,False,False,False,False,True,False,False,False,False,False,False,False,False,True,False,False,True,False,0
45,2,3,1,66440,1.0,12,0,9.0,3,9,0,8,4.0,1.0,3.0,4,3,8.706717171717171,2,True,False,False,False,False,True,False,False,False,True,False,False,True,False,False,False,False,False,False,False,False,True,False,False,True,False,0
29,29,4,2,21270,0.0,11,1,10.0,3,9,0,8,4.0,3.0,3.0,2,3,10.701363127240144,2,False,False,True,False,False,True,False,True,False,False,False,False,False,True,False,False,True,False,False,False,False,False,False,False,False,True,0
26,15,2,2,26130,6.0,19,1,6.0,2,4,1,2,4.0,1.0,2.0,3,3,6.157829936923824,2,False,False,True,False,True,False,False,True,False,False,False,False,False,True,False,False,True,False,False,False,False,False,False,False,False,True,1
29,10,3,1,24040,1.0,17,0,10.0,3,10,1,5,2.0,1.0,3.0,2,3,8.108851383028599,2,False,False,True,False,True,False,False,True,False,False,False,False,False,True,False,False,False,False,False,False,False,False,True,False,False,True,0
32,2,3,2,27060,1.0,21,1,13.0,4,13,4,8,4.0,3.0,2.0,3,4,6.953546918767507,0,False,False,True,False,False,True,False,False,True,False,False,False,False,True,False,False,True,False,False,False,False,False,False,False,True,False,0
28,6,4,1,52530,1.0,15,0,3.0,2,3,0,2,3.0,3.0,3.0,3,3,10.68474223163842,2,False,True,False,False,False,True,False,True,False,False,False,False,False,True,False,False,False,True,False,False,False,False,False,True,False,False,0
31,20,1,3,99070,0.0,13,1,6.0,3,5,0,3,3.0,4.0,3.0,2,3,9.100579297245964,2,False,False,True,False,True,False,False,False,False,False,False,True,True,False,False,False,False,False,False,False,True,False,False,False,True,False,0
57,2,2,4,63060,3.0,12,1,32.0,3,1,0,0,1.0,4.0,2.0,3,3,6.336791027429103,2,False,False,True,False,True,False,False,True,False,False,False,False,False,True,False,False,False,False,False,False,True,False,False,True,False,False,0
49,6,1,3,29960,2.0,18,1,17.0,2,9,0,8,4.0,2.0,2.0,2,3,6.3958886534839925,1,False,True,False,False,True,False,False,False,False,True,False,False,False,True,True,False,False,False,False,False,False,False,False,False,True,False,0
24,10,2,1,23560,0.0,13,0,2.0,5,1,0,0,3.0,1.0,3.0,3,3,6.11248611111111,2,False,False,True,False,False,True,False,False,True,False,False,False,False,True,False,False,False,False,True,False,False,False,False,True,False,False,0
39,8,5,2,188240,6.0,19,1,10.0,4,3,1,2,1.0,3.0,3.0,3,3,6.295510603964961,2,True,False,False,False,True,False,False,False,False,True,False,False,True,False,False,False,False,False,False,False,False,False,True,False,True,False,0
43,1,3,1,52650,4.0,11,1,12.0,4,5,2,2,4.0,4.0,2.0,3,3,7.623434012615236,2,False,True,False,False,True,False,False,False,False,True,False,False,False,True,False,False,True,False,False,False,False,False,False,False,True,False,0
55,27,3,2,48590,1.0,24,1,34.0,3,33,15,0,4.0,2.0,3.0,4,4,9.585816854990584,1,True,False,False,False,True,False,False,True,False,False,False,False,True,False,False,False,False,True,False,False,False,False,False,True,False,False,0
40,1,4,2,192320,2.0,14,1,11.0,3,1,0,0,1.0,2.0,2.0,3,3,6.112561327561327,2,False,False,True,False,True,False,False,False,False,True,False,False,False,True,False,False,False,False,False,False,True,False,False,True,False,False,0
22,17,2,3,97050,1.0,18,2,4.0,3,4,1,3,2.0,3.0,2.0,2,3,8.875546372819102,2,True,False,False,False,False,True,False,False,True,False,False,False,False,True,False,False,False,False,False,False,False,True,False,False,True,False,0
34,5,3,2,137440,0.0,20,1,3.0,3,2,1,0,4.0,3.0,2.0,3,4,6.181501377410467,0,False,True,False,False,True,False,False,False,False,True,False,False,False,True,False,False,False,False,False,False,True,False,False,True,False,False,1
30,7,3,2,14830,5.0,13,0,12.0,3,0,0,0,3.0,4.0,2.0,3,3,9.377876417233558,2,False,False,True,False,True,False,False,False,False,False,False,True,False,True,False,False,False,False,False,True,False,False,False,False,False,True,0
35,4,3,2,74030,1.0,12,1,10.0,4,10,6,8,2.0,3.0,2.0,3,3,6.391757741347906,1,False,False,True,False,False,True,False,False,False,True,False,False,True,False,False,False,True,False,False,False,False,False,False,False,True,False,0
46,18,1,1,59800,4.0,11,1,28.0,2,7,4,3,1.0,4.0,4.0,3,3,6.68452657004831,1,False,False,True,False,True,False,False,False,False,True,False,False,False,True,False,False,False,False,True,False,False,False,False,True,False,False,1
44,20,3,1,45560,2.0,13,0,6.0,4,0,0,0,4.0,3.0,3.0,3,3,6.196875603864733,2,True,False,False,False,True,False,False,True,False,False,False,False,False,True,False,False,False,False,False,False,False,False,True,False,False,True,0
26,3,2,4,24360,1.0,24,0,3.0,2,3,0,2,1.0,4.0,1.0,4,4,6.269028384279476,0,False,False,True,False,True,False,False,False,False,True,False,False,True,False,True,False,False,False,False,False,False,False,False,True,False,False,0
30,10,4,2,55620,5.0,13,0,8.0,3,5,0,4,4.0,1.0,3.0,2,3,8.48314309056956,2,False,False,True,False,True,False,False,True,False,False,False,False,True,False,False,False,False,False,False,False,True,False,False,False,False,True,1
56,10,4,2,42580,2.0,16,0,5.0,2,3,1,0,1.0,1.0,4.0,3,3,6.623406369731801,2,False,False,True,False,True,False,False,False,False,False,True,False,False,True,False,False,False,False,False,False,False,False,True,False,True,False,0
45,19,4,3,34410,2.0,13,1,5.0,5,1,0,0,1.0,1.0,3.0,3,3,7.57411306042885,2,False,True,False,False,True,False,False,True,False,False,False,False,False,True,False,False,False,False,False,True,False,False,False,False,True,False,1
28,1,1,2,63470,1.0,15,1,4.0,2,4,2,2,1.0,3.0,2.0,3,3,6.665248419150859,2,False,False,True,True,False,False,True,False,False,False,False,False,False,True,False,False,False,False,False,False,True,False,False,True,False,False,0
43,8,3,1,36000,1.0,23,0,7.0,2,7,7,7,1.0,4.0,3.0,3,4,6.983569915254237,0,False,True,False,False,False,True,False,False,False,True,False,False,False,True,False,False,False,False,False,True,False,False,False,False,True,False,0
41,20,4,2,102090,1.0,13,1,23.0,2,22,15,8,2.0,3.0,3.0,3,3,5.962092430858807,1,False,False,True,False,False,True,False,False,True,False,False,False,False,True,False,False,False,False,False,False,False,True,False,False,True,False,1
44,3,4,2,47070,1.0,17,0,26.0,4,25,14,13,3.0,1.0,2.0,1,3,7.808195035460993,1,False,False,True,False,True,False,False,True,False,False,False,False,False,True,False,False,False,False,False,False,True,False,False,True,False,False,0
32,3,2,3,53630,1.0,13,0,6.0,4,6,4,1,3.0,2.0,3.0,3,3,6.99242600679282,2,False,False,True,False,True,False,False,False,False,False,False,True,False,True,False,False,False,False,True,False,False,False,False,False,False,True,0
37,7,4,4,71430,2.0,21,0,8.0,6,1,0,0,4.0,4.0,3.0,2,4,10.582439909297053,0,False,False,True,False,True,False,False,True,False,False,False,False,False,True,False,False,False,False,False,False,False,True,False,True,False,False,0
52,2,1,1,99800,3.0,11,1,18.0,2,10,6,9,4.0,1.0,3.0,3,3,9.078804644808743,1,False,False,True,False,False,True,False,False,False,True,False,False,False,True,False,False,True,False,False,False,False,False,False,True,False,False,0
34,28,4,5,103250,1.0,11,1,9.0,3,9,7,2,3.0,4.0,3.0,2,3,6.109448051948051,2,False,True,False,False,False,True,False,False,True,False,False,False,False,True,False,False,False,False,True,False,False,False,False,True,False,False,0
34,2,2,2,65860,9.0,18,1,9.0,3,2,2,1,2.0,4.0,2.0,3,3,6.1076279391424615,2,False,False,True,False,True,False,False,True,False,False,False,False,False,True,False,False,False,False,False,False,True,False,False,False,True,False,0
34,9,2,1,32800,5.0,13,0,7.0,3,5,0,2,4.0,2.0,2.0,3,3,6.132323959762231,2,False,False,True,False,True,False,False,False,False,True,False,False,False,True,False,False,False,False,False,False,False,True,False,False,True,False,0
26,8,3,2,157870,1.0,12,2,8.0,5,8,7,4,4.0,4.0,3.0,3,3,10.273392687559353,2,False,False,True,False,True,False,False,False,False,True,False,False,False,True,False,False,False,True,False,False,False,False,False,False,False,True,1
24,15,3,2,54880,1.0,22,1,6.0,6,6,1,3,1.0,4.0,3.0,3,4,8.66787419651056,0,False,True,False,False,True,False,False,True,False,False,False,False,False,True,False,False,False,False,False,False,True,False,False,False,False,True,0
42,7,3,2,182650,9.0,12,1,18.0,4,13,5,7,3.0,1.0,4.0,3,3,7.383247126436782,1,False,False,True,False,True,False,False,False,False,False,False,True,True,False,False,False,False,False,False,False,False,True,False,False,True,False,0
32,5,3,1,34770,1.0,11,0,14.0,2,14,9,8,4.0,4.0,2.0,4,3,7.797340579710145,1,False,False,True,False,True,False,False,False,False,True,False,False,False,True,True,False,False,False,False,False,False,False,False,False,True,False,1
55,27,3,2,48590,1.0,24,1,34.0,3,33,15,0,4.0,2.0,3.0,4,4,9.622883101851851,1,True,False,False,False,True,False,False,True,False,False,False,False,True,False,False,False,False,True,False,False,False,False,False,True,False,False,0
40,17,4,1,35780,2.0,14,1,20.0,2,5,0,2,3.0,3.0,3.0,3,3,7.484193853427897,2,False,False,True,False,True,False,False,True,False,False,False,False,False,True,False,False,False,True,False,False,False,False,False,False,True,False,0
46,1,2,2,97140,1.0,22,0,9.0,0,9,4,7,3.0,4.0,3.0,3,4,6.169058981889378,0,False,False,True,False,False,True,False,False,False,True,False,False,True,False,False,False,False,False,False,False,True,False,False,False,False,True,1
29,17,4,1,65820,1.0,19,1,6.0,3,6,1,0,3.0,4.0,3.0,3,3,8.799048288795126,2,False,False,True,False,False,True,False,False,False,True,False,False,False,True,False,False,True,False,False,False,False,False,False,True,False,False,0
30,1,2,1,25060,8.0,22,0,4.0,3,2,2,2,4.0,3.0,2.0,3,4,6.120525097465888,0,False,False,True,False,False,True,False,False,False,False,False,True,False,True,False,False,True,False,False,False,False,False,False,False,True,False,0
26,11,3,2,22670,1.0,19,3,7.0,2,7,0,7,3.0,1.0,3.0,2,3,7.643866989396035,2,False,True,False,False,False,True,False,False,True,False,False,False,False,True,True,False,False,False,False,False,False,False,False,False,False,True,0
42,8,2,1,106480,3.0,13,1,20.0,1,1,0,0,1.0,1.0,3.0,3,3,9.52881179138322,2,False,True,False,True,False,False,False,False,False,True,False,False,False,True,False,False,False,False,False,False,False,True,False,False,True,False,0
30,25,4,1,53800,7.0,21,1,4.0,0,2,2,2,4.0,3.0,4.0,3,4,10.400979840600096,0,True,False,False,False,False,True,False,False,False,False,True,False,False,True,True,False,False,False,False,False,False,False,False,False,True,False,0
37,2,4,2,52380,1.0,15,1,10.0,5,10,0,7,2.0,4.0,3.0,3,3,10.134707175925929,2,False,True,False,False,False,True,False,True,False,False,False,False,False,True,False,False,True,False,False,False,False,False,False,True,False,False,0
42,10,3,2,28370,2.0,13,1,19.0,0,5,0,2,1.0,3.0,3.0,2,3,6.824301001821493,2,False,True,False,False,False,True,False,False,True,False,False,False,True,False,True,False,False,False,False,False,False,False,False,True,False,False,0
39,2,4,4,138720,9.0,12,3,12.0,3,8,3,6,3.0,2.0,1.0,2,3,6.308489810771469,2,False,False,True,False,False,True,False,False,True,False,False,False,True,False,True,False,False,False,False,False,False,False,False,False,True,False,0
51,1,3,1,20730,3.0,14,1,23.0,4,13,12,8,1.0,1.0,2.0,3,3,7.503041125541125,1,False,True,False,False,True,False,False,True,False,False,False,False,True,False,False,False,False,False,False,False,False,True,False,False,False,True,0
27,11,2,1,43930,1.0,18,1,8.0,2,8,0,7,2.0,2.0,3.0,2,3,6.110617283950618,2,False,False,True,False,True,False,False,False,False,True,False,False,False,True,False,False,False,True,False,False,False,False,False,False,True,False,0
32,10,3,1,102660,1.0,11,0,2.0,3,2,2,2,3.0,2.0,3.0,3,3,7.303264760576476,2,False,True,False,False,False,True,False,True,False,False,False,False,True,False,False,False,False,False,False,False,False,True,False,False,True,False,0
38,2,4,1,20140,3.0,17,1,8.0,5,0,0,0,3.0,1.0,2.0,4,3,6.794996423462089,2,False,False,True,True,False,False,False,False,False,True,False,False,False,True,False,True,False,False,False,False,False,False,False,False,False,True,0
20,2,2,2,63970,1.0,17,1,1.0,3,1,0,0,4.0,1.0,3.0,3,3,8.318101053639847,2,False,False,True,False,True,False,False,True,False,False,False,False,True,False,False,False,False,False,False,False,True,False,False,False,False,True,1
45,2,3,2,83960,3.0,15,2,25.0,3,23,14,4,3.0,3.0,2.0,2,3,6.309411404796868,1,True,False,False,False,False,True,False,True,False,False,False,False,True,False,False,False,False,False,True,False,False,False,False,False,True,False,0
51,1,4,1,40330,2.0,14,0,15.0,2,2,2,2,1.0,3.0,3.0,3,3,6.720105485232067,2,False,False,True,False,True,False,False,True,False,False,False,False,True,False,False,False,False,True,False,False,False,False,False,False,True,False,0
37,19,2,2,27030,2.0,14,0,19.0,2,10,4,7,3.0,2.0,2.0,3,3,6.068434119960669,1,False,False,True,False,True,False,False,False,False,False,False,True,False,True,False,False,False,False,False,False,False,True,False,True,False,False,0
41,6,4,1,28210,1.0,17,0,10.0,3,10,8,7,4.0,3.0,3.0,3,3,6.995156175488793,1,False,False,True,False,False,True,False,False,True,False,False,False,False,True,False,False,False,False,False,False,True,False,False,False,False,True,0
59,4,2,2,165950,6.0,21,1,25.0,2,9,5,4,4.0,4.0,2.0,3,4,6.592285137701804,0,False,False,True,False,True,False,False,True,False,False,False,False,False,True,False,False,False,False,False,False,True,False,False,False,False,True,0
44,21,4,2,62720,1.0,19,1,10.0,3,10,0,5,1.0,4.0,3.0,3,3,5.981031411157994,2,False,False,True,False,True,False,False,True,False,False,False,False,True,False,False,False,True,False,False,False,False,False,False,False,True,False,1
18,2,4,3,109650,1.0,18,0,0.0,5,0,0,0,3.0,3.0,3.0,4,3,7.010858690640848,2,True,False,False,False,True,False,False,False,False,True,False,False,False,True,False,False,True,False,False,False,False,False,False,False,False,True,1
42,17,1,3,99980,5.0,24,2,24.0,3,22,4,14,1.0,3.0,2.0,2,4,7.37828154425612,0,False,False,True,False,True,False,False,True,False,False,False,False,False,True,False,False,False,False,False,False,True,False,False,False,True,False,0
32,2,3,5,30380,1.0,11,0,10.0,5,10,0,8,4.0,4.0,2.0,1,3,7.8991654795821455,2,False,False,True,False,True,False,False,True,False,False,False,False,False,True,False,False,False,False,False,False,True,False,False,False,False,True,0
48,16,3,1,97240,3.0,13,0,12.0,2,2,2,2,2.0,2.0,3.0,4,3,7.0984033816425125,2,False,False,True,False,True,False,False,False,False,False,False,True,False,True,False,False,False,False,False,False,False,True,False,False,True,False,0
24,2,1,2,34070,0.0,13,1,6.0,4,5,1,2,2.0,3.0,3.0,3,3,6.488012371615313,2,False,False,True,False,True,False,False,True,False,False,False,False,False,True,False,False,True,False,False,False,False,False,False,False,True,False,0
35,12,2,2,28090,4.0,23,1,10.0,2,8,0,0,4.0,3.0,3.0,1,4,8.908956868260665,0,False,False,True,False,True,False,False,False,False,True,False,False,True,False,False,False,False,False,False,False,False,False,True,False,True,False,0
34,2,1,1,134990,4.0,23,2,11.0,2,7,0,7,4.0,1.0,2.0,4,4,7.895517952450266,0,False,True,False,False,True,False,False,True,False,False,False,False,False,True,False,False,False,False,True,False,False,False,False,False,True,False,1
44,9,3,3,68610,4.0,12,0,8.0,2,2,2,2,3.0,4.0,3.0,2,3,8.52645922746781,2,False,False,True,False,True,False,False,False,False,False,False,True,True,False,True,False,False,False,False,False,False,False,False,True,False,False,0
27,13,2,4,195370,0.0,12,0,5.0,5,4,1,1,3.0,4.0,3.0,3,3,6.835637115839244,2,False,True,False,False,True,False,False,True,False,False,False,False,True,False,False,False,False,False,False,False,True,False,False,False,True,False,0
35,1,3,2,22750,5.0,13,0,10.0,2,6,1,2,2.0,2.0,3.0,4,3,6.117416187739464,2,False,True,False,False,True,False,False,False,False,False,True,False,False,True,False,False,False,False,False,True,False,False,False,False,False,True,0
35,16,4,2,95260,1.0,15,0,5.0,2,5,0,3,1.0,3.0,3.0,2,3,6.311730945821855,2,False,False,True,False,True,False,False,False,False,True,False,False,False,True,False,True,False,False,False,False,False,False,False,False,False,True,0
44,2,2,1,40110,4.0,14,1,26.0,2,2,0,1,4.0,4.0,4.0,3,3,8.654981325863679,2,False,False,True,False,True,False,False,True,False,False,False,False,False,True,False,False,True,False,False,False,False,False,False,False,True,False,0
30,20,4,2,46610,1.0,11,0,12.0,3,12,1,7,4.0,2.0,2.0,2,3,6.082886122637159,2,False,False,True,True,False,False,False,True,False,False,False,False,False,True,False,False,False,False,False,False,True,False,False,False,True,False,0
26,11,4,2,92780,0.0,20,0,5.0,3,4,0,0,4.0,3.0,3.0,3,4,7.500675267317527,0,False,False,True,False,True,False,False,False,False,True,False,False,False,True,False,False,False,True,False,False,False,False,False,False,False,True,0
22,16,5,1,29910,1.0,19,2,2.0,3,2,1,2,1.0,2.0,3.0,2,3,6.258094035594035,2,False,False,True,False,True,False,False,False,False,False,True,False,False,True,False,False,False,False,False,False,True,False,False,False,True,False,0
26,2,2,3,53040,0.0,20,1,5.0,2,4,1,1,1.0,4.0,3.0,3,4,6.323119288119289,0,False,False,True,False,True,False,False,False,False,False,True,False,False,True,False,False,True,False,False,False,False,False,False,False,False,True,0
51,1,3,1,20730,3.0,14,1,23.0,4,13,12,8,1.0,1.0,2.0,3,3,7.474746326905417,1,False,True,False,False,True,False,False,True,False,False,False,False,True,False,False,False,False,False,False,False,False,True,False,False,False,True,0
23,2,3,3,18780,1.0,13,1,1.0,2,1,0,1,4.0,3.0,3.0,3,3,7.476028368794326,2,False,False,True,False,False,True,False,False,False,True,False,False,False,True,False,False,True,False,False,False,False,False,False,False,True,False,0
32,2,3,2,57470,1.0,13,0,8.0,0,8,0,7,3.0,2.0,3.0,3,3,7.729661636945587,2,False,False,True,False,True,False,False,False,False,True,False,False,False,True,False,False,False,False,False,False,True,False,False,False,True,False,0
34,1,1,2,24760,1.0,19,0,6.0,2,6,1,3,2.0,3.0,2.0,3,3,7.086201716738198,2,False,False,True,False,False,True,False,False,True,False,False,False,True,False,False,False,True,False,False,False,False,False,False,False,True,False,0
40,1,4,1,48690,4.0,12,0,14.0,2,11,11,1,1.0,4.0,3.0,3,3,7.923936741363212,1,False,False,True,False,False,True,False,False,True,False,False,False,False,True,False,False,False,False,False,False,False,True,False,False,True,False,0
31,8,4,4,147320,0.0,12,0,10.0,3,9,1,7,2.0,1.0,3.0,3,3,7.26115721040189,2,True,False,False,False,True,False,False,True,False,False,False,False,True,False,False,False,False,False,False,False,False,True,False,False,False,True,0
40,2,2,1,25390,4.0,12,1,7.0,3,4,0,2,3.0,1.0,2.0,3,3,6.599432367149759,2,False,False,True,False,True,False,False,False,False,True,False,False,False,True,False,False,False,False,False,True,False,False,False,False,True,False,0
37,14,4,3,65770,1.0,13,0,14.0,1,14,3,11,4.0,4.0,2.0,1,3,6.77259789525208,1,False,False,True,False,True,False,False,True,False,False,False,False,False,True,False,False,False,False,False,False,True,False,False,False,True,False,0
40,1,3,2,37800,7.0,12,0,7.0,2,5,1,3,2.0,2.0,4.0,1,3,7.291101449275362,2,False,False,True,False,True,False,False,False,False,True,False,False,True,False,False,False,False,False,False,False,True,False,False,True,False,False,0
34,1,2,2,176650,0.0,11,0,6.0,5,5,1,2,4.0,4.0,3.0,2,3,9.900068860877685,2,False,False,True,False,True,False,False,False,False,True,False,False,True,False,True,False,False,False,False,False,False,False,False,False,True,False,0
60,16,3,4,23390,4.0,20,0,22.0,4,18,13,11,3.0,1.0,4.0,3,4,7.205101566324034,1,False,True,False,False,True,False,False,True,False,False,False,False,True,False,False,False,True,False,False,False,False,False,False,False,True,False,0
28,21,4,1,25000,1.0,16,2,6.0,3,5,0,4,2.0,4.0,3.0,3,3,6.343983918128655,2,False,False,True,False,True,False,False,True,False,False,False,False,True,False,True,False,False,False,False,False,False,False,False,True,False,False,0
39,1,1,1,42840,4.0,17,1,12.0,0,1,0,0,4.0,3.0,2.0,3,3,10.006788416075649,2,False,False,True,False,True,False,False,False,False,True,False,False,True,False,False,False,True,False,False,False,False,False,False,False,True,False,1
26,2,1,3,65780,0.0,15,2,6.0,3,5,1,4,4.0,2.0,3.0,2,3,8.706473922902495,2,False,False,True,True,False,False,False,False,False,False,False,True,True,False,False,False,False,False,False,False,False,True,False,False,True,False,1
47,25,4,2,148520,3.0,19,3,27.0,3,5,1,0,4.0,3.0,3.0,2,3,6.021607487922705,2,False,False,True,False,True,False,False,False,False,True,False,False,False,True,False,False,False,False,False,False,True,False,False,False,True,False,0
36,16,4,1,67350,8.0,25,2,16.0,3,13,3,7,4.0,2.0,4.0,2,4,7.5909802571166205,0,False,False,True,False,True,False,False,True,False,False,False,False,False,True,True,False,False,False,False,False,False,False,False,False,False,True,0
29,16,3,1,22100,8.0,11,1,11.0,4,7,1,6,4.0,3.0,3.0,3,3,8.041272583559168,2,False,False,True,False,True,False,False,False,False,True,False,False,True,False,False,False,False,False,True,False,False,False,False,True,False,False,0
45,3,1,1,35400,1.0,13,0,24.0,6,24,9,11,1.0,1.0,3.0,3,3,7.290649678604224,1,False,True,False,False,True,False,False,False,False,True,False,False,True,False,False,False,False,False,False,False,False,True,False,True,False,False,0
32,18,3,2,63770,1.0,12,2,14.0,3,14,5,7,3.0,4.0,3.0,3,3,7.898323877068559,1,False,False,True,False,True,False,False,True,False,False,False,False,False,True,False,False,False,True,False,False,False,False,False,False,True,False,0
53,2,1,5,31620,4.0,15,0,26.0,4,14,4,8,3.0,3.0,2.0,3,3,7.481158625730994,1,False,False,True,False,False,True,False,True,False,False,False,False,False,True,False,True,False,False,False,False,False,False,False,True,False,False,0
46,8,3,4,40710,3.0,13,0,28.0,5,7,7,7,3.0,2.0,2.0,3,3,10.815976890756302,1,False,False,True,False,True,False,False,True,False,False,False,False,True,False,False,False,False,False,False,True,False,False,False,False,True,False,0
31,10,3,1,53040,1.0,17,0,2.0,3,2,2,2,3.0,3.0,2.0,4,3,7.127894420394421,2,False,True,False,False,False,True,False,False,False,False,False,True,True,False,False,False,False,False,False,True,False,False,False,False,True,False,1
40,1,3,1,39310,8.0,19,0,3.0,2,1,0,0,4.0,2.0,3.0,2,3,8.097030092592593,2,False,True,False,False,False,True,False,False,True,False,False,False,False,True,False,False,False,False,False,False,True,False,False,True,False,False,0
33,9,2,4,29090,2.0,11,0,10.0,2,5,1,3,3.0,1.0,3.0,2,3,6.563536727103673,2,False,True,False,False,False,True,False,False,True,False,False,False,False,True,False,True,False,False,False,False,False,False,False,False,True,False,0
35,1,4,2,81200,0.0,13,0,10.0,2,9,0,0,4.0,4.0,3.0,2,3,7.175936438622027,2,False,False,True,False,True,False,False,False,False,False,True,False,True,False,False,False,False,False,False,True,False,False,False,False,True,False,0
26,4,3,2,24040,1.0,12,0,1.0,6,1,0,1,1.0,3.0,2.0,3,3,7.6933150434385,2,False,False,True,False,False,True,False,False,True,False,False,False,False,True,False,False,False,True,False,False,False,False,False,False,False,True,1
41,13,4,1,109200,0.0,15,1,21.0,3,20,0,10,1.0,2.0,3.0,4,3,7.812496468926554,1,False,False,True,False,True,False,False,True,False,False,False,False,True,False,True,False,False,False,False,False,False,False,False,False,True,False,0
33,3,4,3,16110,0.0,14,0,10.0,2,9,8,1,2.0,4.0,3.0,2,3,9.09485935302391,2,False,False,True,False,False,True,False,False,False,True,False,False,False,True,True,False,False,False,False,False,False,False,False,False,True,False,0
19,4,3,1,76440,1.0,15,2,1.0,2,1,0,0,1.0,4.0,4.0,3,3,7.906068376068376,2,False,False,True,False,True,False,False,False,False,True,False,False,False,True,False,False,False,False,False,False,False,True,False,False,False,True,1
29,9,3,1,111030,1.0,12,0,10.0,5,10,0,9,2.0,1.0,2.0,2,3,6.206890838206628,2,False,False,True,False,False,True,False,True,False,False,False,False,False,True,False,False,True,False,False,False,False,False,False,False,False,True,0
26,2,1,2,59930,0.0,12,0,8.0,3,7,1,0,3.0,3.0,2.0,3,3,9.190491803278686,2,False,True,False,False,True,False,False,True,False,False,False,False,True,False,False,False,True,False,False,False,False,False,False,True,False,False,1
26,5,4,2,46820,1.0,11,1,6.0,3,5,1,3,1.0,1.0,3.0,1,3,7.517420634920635,2,False,False,True,False,True,False,False,False,False,True,False,False,True,False,False,False,False,False,False,False,False,True,False,False,True,False,0
35,14,1,2,79880,1.0,18,0,4.0,3,4,1,1,3.0,4.0,3.0,3,3,6.89609943977591,2,False,False,True,True,False,False,False,True,False,False,False,False,False,True,False,False,False,False,False,False,True,False,False,False,True,False,0
36,5,2,1,47170,1.0,19,1,12.0,3,11,0,7,3.0,2.0,2.0,3,3,6.095977496483824,2,False,True,False,False,False,True,False,False,True,False,False,False,True,False,False,False,True,False,False,False,False,False,False,False,True,False,0
45,2,1,4,44040,0.0,23,0,9.0,2,8,3,7,4.0,2.0,4.0,3,4,7.426807992202729,0,False,False,True,False,True,False,False,False,False,True,False,False,True,False,False,False,False,False,False,False,False,True,False,False,True,False,0
55,20,3,2,47790,0.0,14,1,4.0,6,3,1,2,4.0,3.0,3.0,3,3,10.667377589453862,2,False,False,True,False,False,True,False,False,True,False,False,False,False,True,False,False,False,False,False,False,True,False,False,False,True,False,0
45,24,2,2,54760,4.0,13,1,9.0,3,5,0,3,3.0,1.0,4.0,3,3,8.1273556998557,2,False,False,True,False,True,False,False,False,False,True,False,False,False,True,False,False,False,False,False,False,False,True,False,True,False,False,0
37,9,1,3,44400,2.0,11,1,18.0,3,1,0,1,3.0,2.0,2.0,2,3,9.865617283950616,2,False,False,True,False,False,True,False,False,True,False,False,False,False,True,False,False,False,False,False,False,False,True,False,False,False,True,0
47,8,4,2,23660,3.0,17,0,11.0,5,5,1,2,3.0,3.0,2.0,2,3,10.884125781625782,2,False,False,True,False,True,False,False,False,False,True,False,False,True,False,False,False,False,False,False,False,False,False,True,False,True,False,0
24,1,3,5,28970,1.0,18,3,5.0,4,5,0,3,4.0,3.0,4.0,3,3,10.002121007647323,2,False,False,True,False,True,False,False,True,False,False,False,False,True,False,False,False,False,True,False,False,False,False,False,True,False,False,0
42,2,4,2,45390,4.0,17,1,8.0,5,0,0,0,4.0,3.0,3.0,3,3,6.612405876951332,2,False,False,True,False,False,True,False,False,False,True,False,False,True,False,False,False,False,False,False,True,False,False,False,False,False,True,0
40,10,1,1,65240,0.0,13,1,9.0,2,8,7,1,1.0,1.0,4.0,4,3,6.295314167879671,2,False,False,True,False,False,True,False,True,False,False,False,False,True,False,False,False,False,False,True,False,False,False,False,False,True,False,0
45,1,3,2,125040,1.0,12,1,15.0,2,15,4,12,2.0,3.0,3.0,3,3,6.009245511887433,1,True,False,False,False,True,False,False,False,False,True,False,False,True,False,False,True,False,False,False,False,False,False,False,False,True,False,0
24,28,3,1,118490,1.0,16,1,5.0,3,4,3,2,4.0,3.0,3.0,3,3,6.585990860990861,2,False,False,True,False,False,True,False,True,False,False,False,False,True,False,True,False,False,False,False,False,False,False,False,True,False,False,0
54,9,4,2,20930,3.0,19,0,36.0,2,10,0,9,4.0,4.0,3.0,3,3,7.6952370689655165,1,False,False,True,False,True,False,False,True,False,False,False,False,False,True,False,False,False,False,False,False,False,True,False,False,True,False,0
37,2,3,1,40010,6.0,11,1,17.0,2,1,0,0,1.0,3.0,3.0,3,3,7.111666666666666,2,False,True,False,False,False,True,False,False,True,False,False,False,False,True,False,False,True,False,False,False,False,False,False,True,False,False,1
50,9,3,2,23220,7.0,25,1,4.0,0,2,2,2,4.0,2.0,3.0,4,4,7.406968918257464,0,False,False,True,False,False,True,False,True,False,False,False,False,False,True,False,False,False,False,False,False,True,False,False,False,True,False,0
40,1,3,2,37800,7.0,12,0,7.0,2,5,1,3,2.0,2.0,4.0,1,3,7.32233574879227,2,False,False,True,False,True,False,False,False,False,True,False,False,True,False,False,False,False,False,False,False,True,False,False,True,False,False,0
40,4,3,2,94340,1.0,13,1,9.0,3,9,8,8,3.0,4.0,3.0,2,3,5.99870138888889,1,False,False,True,False,False,True,False,False,False,True,False,False,False,True,False,False,False,False,False,False,False,True,False,False,False,True,0
25,11,3,1,23110,1.0,11,1,5.0,2,5,0,3,3.0,1.0,3.0,3,3,10.396100517890773,2,False,False,True,False,False,True,False,True,False,False,False,False,True,False,False,False,True,False,False,False,False,False,False,False,True,False,0
27,2,3,1,23670,2.0,12,1,5.0,2,5,0,4,4.0,2.0,3.0,3,3,6.189450379867046,2,False,False,True,False,False,True,False,True,False,False,False,False,False,True,False,False,False,False,False,False,False,True,False,True,False,False,0
40,2,3,1,27180,2.0,14,1,9.0,4,9,4,7,1.0,4.0,3.0,2,3,7.400905695611578,2,False,False,True,False,True,False,False,True,False,False,False,False,False,True,False,False,False,False,True,False,False,False,False,True,False,False,0
56,2,1,2,26440,4.0,11,1,37.0,2,6,0,2,4.0,4.0,2.0,3,3,6.303037974683544,1,False,False,True,True,False,False,False,False,False,True,False,False,False,True,False,False,False,False,False,False,False,True,False,False,False,True,0
29,29,3,1,23070,1.0,13,1,7.0,0,7,0,7,2.0,1.0,2.0,3,3,10.477788647342996,2,False,False,True,False,True,False,False,False,False,True,False,False,True,False,False,False,False,False,False,False,True,False,False,False,True,False,1
31,2,4,3,21410,4.0,20,0,12.0,2,7,7,7,2.0,3.0,2.0,3,4,8.390953856749311,0,False,False,True,False,True,False,False,False,False,False,False,True,True,False,False,False,False,False,False,False,False,True,False,False,True,False,1
40,3,3,2,45770,5.0,11,1,15.0,3,12,11,8,2.0,3.0,3.0,2,3,6.479356113435612,1,False,False,True,False,True,False,False,True,False,False,False,False,False,True,False,False,False,False,False,False,False,True,False,True,False,False,0
45,2,3,1,66440,1.0,12,0,9.0,3,9,0,8,4.0,1.0,3.0,4,3,8.691242030965393,2,True,False,False,False,False,True,False,False,False,True,False,False,True,False,False,False,False,False,False,False,False,True,False,False,True,False,0
24,27,2,1,104220,1.0,17,1,6.0,0,5,1,4,1.0,2.0,3.0,2,3,10.635645458736745,2,False,False,True,False,True,False,False,False,False,True,False,False,False,True,False,False,False,False,False,False,True,False,False,False,False,True,1
31,9,4,1,46840,1.0,16,1,2.0,4,2,2,2,4.0,2.0,2.0,3,3,6.607998817966903,2,False,True,False,False,True,False,False,False,False,True,False,False,False,True,False,False,False,False,False,False,False,True,False,True,False,False,0
56,4,3,4,25870,4.0,12,0,19.0,2,2,2,2,3.0,1.0,3.0,2,3,8.283279826958104,2,False,False,True,False,True,False,False,True,False,False,False,False,False,True,False,False,False,True,False,False,False,False,False,True,False,False,0
27,26,4,1,46470,3.0,17,0,8.0,3,6,0,0,4.0,4.0,3.0,4,3,7.425011622501161,2,False,True,False,False,True,False,False,False,False,True,False,False,True,False,False,False,False,False,False,True,False,False,False,False,False,True,0
46,18,1,1,59800,4.0,11,1,28.0,2,7,4,3,1.0,4.0,4.0,3,3,6.667140522875817,1,False,False,True,False,True,False,False,False,False,True,False,False,False,True,False,False,False,False,True,False,False,False,False,True,False,False,1
39,6,3,1,28510,9.0,15,0,9.0,2,5,0,3,3.0,2.0,2.0,3,3,6.212142203932327,2,True,False,False,False,True,False,False,True,False,False,False,False,False,True,False,False,True,False,False,False,False,False,False,False,False,True,0
34,24,3,4,27420,0.0,11,1,13.0,2,12,2,11,1.0,2.0,3.0,3,3,6.094871615312792,1,False,False,True,False,False,True,False,False,True,False,False,False,False,True,False,False,False,False,False,False,True,False,False,False,False,True,0
49,21,1,1,40110,1.0,18,2,31.0,2,31,0,9,4.0,3.0,3.0,1,3,10.781685108344858,1,False,False,True,False,False,True,False,True,False,False,False,False,False,True,False,False,False,False,False,False,False,True,False,True,False,False,0
24,2,1,2,34070,0.0,13,1,6.0,4,5,1,2,2.0,3.0,3.0,3,3,6.515091390091391,2,False,False,True,False,True,False,False,True,False,False,False,False,False,True,False,False,True,False,False,False,False,False,False,False,True,False,0
42,18,2,1,23980,0.0,14,1,10.0,2,9,7,8,4.0,1.0,3.0,2,3,9.495627572016462,1,False,False,True,False,False,True,False,False,False,True,False,False,False,True,False,False,True,False,False,False,False,False,False,True,False,False,0
38,19,3,2,64740,2.0,13,2,20.0,3,4,0,3,2.0,4.0,2.0,1,3,9.485377585377586,2,False,False,True,False,True,False,False,False,False,True,False,False,True,False,False,False,False,False,True,False,False,False,False,False,True,False,0
27,2,4,1,37080,1.0,16,2,6.0,2,6,4,4,4.0,4.0,3.0,3,3,10.314973708276176,2,False,False,True,False,True,False,False,True,False,False,False,False,False,True,False,True,False,False,False,False,False,False,False,False,True,False,0
28,2,4,1,93550,0.0,11,0,6.0,4,5,0,4,1.0,2.0,1.0,3,3,7.493436474449132,2,False,False,True,False,False,True,False,False,True,False,False,False,False,True,False,False,False,False,False,False,False,True,False,False,True,False,0
52,2,1,2,117130,2.0,14,0,24.0,2,5,0,2,4.0,3.0,2.0,3,3,9.105581340834505,2,False,True,False,False,True,False,False,True,False,False,False,False,False,True,False,False,False,False,False,False,False,True,False,False,True,False,0
41,5,3,1,121690,1.0,19,0,5.0,2,5,0,4,3.0,1.0,3.0,3,3,6.261173872617388,2,False,False,True,False,True,False,False,False,False,True,False,False,False,True,False,False,False,False,False,False,False,False,True,True,False,False,0
32,12,5,1,95470,1.0,13,1,10.0,3,10,5,3,2.0,2.0,3.0,2,3,6.814644208037826,2,False,True,False,False,True,False,False,False,False,True,False,False,False,True,False,False,False,False,False,False,True,False,False,False,True,False,0
43,6,2,1,20280,4.0,20,1,7.0,2,5,2,2,4.0,3.0,4.0,2,4,8.022017797017797,0,True,False,False,False,True,False,False,False,False,True,False,False,False,True,True,False,False,False,False,False,False,False,False,True,False,False,0
29,10,3,1,24040,1.0,17,0,10.0,3,10,1,5,2.0,1.0,3.0,2,3,8.066179971988797,2,False,False,True,False,True,False,False,True,False,False,False,False,False,True,False,False,False,False,False,False,False,False,True,False,False,True,0
40,2,4,4,75960,9.0,11,0,20.0,0,18,2,13,2.0,3.0,2.0,1,3,6.733001867413632,1,False,True,False,False,True,False,False,False,False,True,False,False,False,True,False,True,False,False,False,False,False,False,False,False,False,True,0
36,1,3,2,166270,3.0,12,0,10.0,5,7,1,7,4.0,3.0,3.0,2,3,6.722831018518519,2,False,False,True,False,False,True,False,False,True,False,False,False,False,True,False,False,False,False,False,False,False,True,False,False,True,False,0
34,26,3,1,190380,6.0,13,0,13.0,3,11,5,9,4.0,1.0,3.0,2,3,6.393331056466303,1,False,False,True,False,True,False,False,False,False,False,True,False,True,False,False,False,False,False,False,False,False,True,False,False,True,False,0
36,1,3,3,34520,2.0,13,3,18.0,4,11,0,9,1.0,4.0,3.0,4,3,7.195747584541063,1,True,False,False,False,True,False,False,False,False,True,False,False,False,True,False,False,False,False,False,False,False,False,True,False,False,True,0
40,23,3,1,45020,8.0,12,2,15.0,0,7,3,7,3.0,4.0,4.0,2,3,10.387393857271908,1,False,False,True,False,True,False,False,False,False,True,False,False,True,False,False,False,True,False,False,False,False,False,False,False,True,False,0
37,2,3,1,40010,6.0,11,1,17.0,2,1,0,0,1.0,3.0,3.0,3,3,7.120705868205868,2,False,True,False,False,False,True,False,False,True,False,False,False,False,True,False,False,True,False,False,False,False,False,False,True,False,False,1
31,16,3,3,22790,3.0,12,1,8.0,3,6,0,2,4.0,4.0,3.0,3,3,10.097124463519313,2,False,False,True,False,True,False,False,True,False,False,False,False,True,False,False,False,False,False,False,False,False,True,False,False,True,False,0
40,26,4,1,34820,0.0,18,1,21.0,2,20,1,12,3.0,3.0,3.0,2,3,6.001353864734299,1,False,False,True,False,False,True,False,False,True,False,False,False,True,False,False,False,False,False,False,False,False,True,False,False,True,False,0
46,1,4,3,99570,4.0,20,0,13.0,1,10,0,3,3.0,4.0,2.0,3,4,9.79296449976948,0,False,False,True,False,True,False,False,False,False,False,False,True,True,False,False,False,False,False,False,False,False,True,False,True,False,False,0
24,6,2,2,20070,1.0,12,0,1.0,2,1,0,0,4.0,3.0,3.0,2,3,6.410934557438795,2,False,False,True,False,False,True,False,False,False,True,False,False,True,False,False,False,False,True,False,False,False,False,False,False,True,False,1
29,2,4,2,20960,0.0,22,0,6.0,2,5,0,2,1.0,1.0,2.0,4,4,7.750866858237549,0,False,False,True,False,True,False,False,False,False,False,True,False,False,True,False,False,True,False,False,False,False,False,False,False,True,False,0
43,6,2,1,20280,4.0,20,1,7.0,2,5,2,2,4.0,4.0,4.0,2,4,8.013822362278244,0,True,False,False,False,True,False,False,False,False,True,False,False,False,True,True,False,False,False,False,False,False,False,False,True,False,False,0
19,15,3,2,160640,1.0,15,1,1.0,3,1,0,0,4.0,2.0,4.0,3,3,10.603697033898303,2,False,False,True,False,True,False,False,True,False,False,False,False,False,True,False,False,False,False,False,False,True,False,False,False,False,True,1
36,25,1,2,31170,6.0,21,1,7.0,2,3,0,1,2.0,2.0,3.0,4,4,6.7485386989553655,0,False,False,True,True,False,False,True,False,False,False,False,False,False,True,False,False,False,False,False,False,True,False,False,True,False,False,0
35,10,5,4,134580,1.0,11,0,17.0,3,17,11,8,2.0,4.0,3.0,3,3,6.655866150961088,1,False,False,True,False,True,False,False,False,False,True,False,False,True,False,False,False,True,False,False,False,False,False,False,False,False,True,0
20,1,3,1,47770,1.0,18,1,2.0,3,2,0,2,4.0,1.0,3.0,3,3,7.703551175656985,2,False,False,True,False,True,False,False,True,False,False,False,False,False,True,False,False,False,False,False,False,False,False,True,False,False,True,0
34,13,4,1,23410,1.0,20,2,8.0,3,8,0,6,3.0,3.0,3.0,2,4,8.410260270774977,0,False,False,True,False,True,False,False,True,False,False,False,False,True,False,False,False,True,False,False,False,False,False,False,True,False,False,0
42,7,4,2,57140,5.0,11,0,10.0,2,0,0,0,2.0,1.0,2.0,3,3,6.597798220298221,2,False,False,True,False,True,False,False,False,False,False,True,False,True,False,False,False,True,False,False,False,False,False,False,False,True,False,0
29,5,3,2,75530,1.0,19,0,5.0,3,5,0,4,4.0,1.0,1.0,3,3,6.116676499508358,2,False,False,True,False,True,False,False,False,False,True,False,False,False,True,False,False,False,False,False,False,False,False,True,False,False,True,0
31,3,2,3,42850,1.0,21,1,1.0,2,1,1,0,3.0,2.0,3.0,1,4,6.300332125603865,0,False,False,True,False,True,False,False,False,False,True,False,False,True,False,False,False,False,False,False,False,False,True,False,False,False,True,0
29,3,3,2,48050,3.0,16,1,9.0,2,7,1,7,4.0,4.0,2.0,3,3,6.871036727103672,2,False,False,True,False,True,False,False,False,False,False,False,True,True,False,True,False,False,False,False,False,False,False,False,True,False,False,0
31,2,5,2,27280,8.0,11,0,7.0,3,4,0,2,3.0,4.0,3.0,4,3,10.362566807313645,2,False,False,True,False,False,True,False,True,False,False,False,False,False,True,False,False,False,False,False,False,False,False,True,False,True,False,0
38,11,2,1,198450,7.0,11,1,7.0,3,0,0,0,4.0,3.0,2.0,3,3,7.387090220385675,2,False,False,True,False,True,False,False,True,False,False,False,False,False,True,False,False,False,False,False,False,False,True,False,False,True,False,0
58,1,4,2,10090,7.0,13,2,31.0,3,10,5,9,3.0,1.0,2.0,4,3,8.488845153664304,1,False,False,True,False,False,True,False,False,False,False,False,True,False,True,False,False,False,False,False,False,False,True,False,False,True,False,1
26,4,4,3,47890,7.0,20,1,5.0,2,2,0,0,3.0,4.0,2.0,3,4,10.192182870370369,0,False,False,True,False,True,False,False,True,False,False,False,False,True,False,False,False,False,False,False,False,False,True,False,False,True,False,0
33,8,2,2,161840,0.0,13,1,10.0,2,9,0,8,4.0,3.0,3.0,4,3,11.025822087269455,2,False,False,True,False,True,False,False,True,False,False,False,False,True,False,False,False,False,False,False,False,True,False,False,True,False,False,0
22,3,3,1,132690,1.0,25,1,2.0,2,2,2,2,3.0,4.0,3.0,3,4,7.703482552800734,0,False,False,True,False,True,False,False,False,False,True,False,False,False,True,False,False,True,False,False,False,False,False,False,False,True,False,0
42,8,2,1,106480,3.0,13,1,20.0,1,1,0,0,1.0,1.0,3.0,3,3,9.488813457854407,2,False,True,False,True,False,False,False,False,False,True,False,False,False,True,False,False,False,False,False,False,False,True,False,False,True,False,0
37,1,3,2,53460,4.0,11,0,7.0,2,5,0,1,3.0,4.0,4.0,3,3,6.705174636661979,2,False,False,True,False,True,False,False,True,False,False,False,False,False,True,True,False,False,False,False,False,False,False,False,False,True,False,0
27,3,3,1,66940,1.0,13,1,6.0,2,6,1,4,3.0,4.0,2.0,2,3,6.325555555555556,2,False,False,True,False,False,True,False,True,False,False,False,False,False,True,False,False,False,True,False,False,False,False,False,False,False,True,0
29,5,5,1,105020,3.0,12,0,11.0,4,3,1,2,4.0,1.0,3.0,2,3,7.120189933523267,2,False,False,True,False,True,False,False,True,False,False,False,False,True,False,False,False,False,False,False,False,False,True,False,False,False,True,0
49,2,4,1,42270,4.0,18,0,17.0,3,2,2,2,4.0,1.0,2.0,2,3,9.711996151996152,2,False,False,True,False,True,False,False,False,False,True,False,False,False,True,False,False,True,False,False,False,False,False,False,True,False,False,0
35,1,3,3,167920,3.0,12,1,16.0,3,13,4,8,4.0,2.0,3.0,4,3,7.104999999999999,1,False,False,True,False,True,False,False,True,False,False,False,False,False,True,True,False,False,False,False,False,False,False,False,False,True,False,0
34,20,3,3,57440,3.0,19,1,7.0,4,0,0,0,2.0,1.0,3.0,2,3,6.180956399437412,2,False,False,True,False,True,False,False,False,False,True,False,False,True,False,False,False,True,False,False,False,False,False,False,True,False,False,0
27,5,4,4,44000,9.0,17,1,6.0,3,2,2,2,1.0,2.0,3.0,2,3,6.415852741387676,2,False,False,True,False,False,True,False,False,False,True,False,False,True,False,False,False,False,False,True,False,False,False,False,False,True,False,0
34,28,3,1,56770,9.0,20,1,6.0,3,3,1,2,3.0,3.0,3.0,3,4,6.872604308390024,0,True,False,False,False,True,False,False,False,False,True,False,False,False,True,False,False,True,False,False,False,False,False,False,False,True,False,0
32,24,3,4,37300,1.0,25,1,8.0,4,8,6,3,3.0,1.0,4.0,3,4,7.884835434173669,0,False,False,True,False,True,False,False,True,False,False,False,False,False,True,False,False,True,False,False,False,False,False,False,False,True,False,0
33,14,3,1,108200,5.0,12,0,11.0,2,9,1,7,4.0,2.0,2.0,3,3,6.700411479944675,2,True,False,False,False,True,False,False,False,False,False,True,False,False,True,False,False,False,False,False,False,True,False,False,True,False,False,0
33,1,2,1,62140,1.0,19,2,14.0,3,13,3,8,1.0,3.0,3.0,3,3,7.795180737506065,1,False,True,False,False,True,False,False,True,False,False,False,False,True,False,False,False,False,False,False,False,False,True,False,False,False,True,1
36,5,3,3,54050,4.0,14,0,10.0,2,8,7,7,3.0,2.0,3.0,3,3,6.182887517146776,1,False,False,True,False,False,True,False,False,False,False,False,True,False,True,False,False,False,False,False,False,False,True,False,False,False,True,0
51,2,1,1,39070,5.0,13,0,16.0,2,10,4,7,2.0,2.0,1.0,3,3,6.716984978540772,1,False,False,True,False,True,False,False,False,False,True,False,False,True,False,False,False,False,False,True,False,False,False,False,False,True,False,0
30,9,3,2,39360,0.0,11,1,6.0,3,5,1,2,2.0,4.0,3.0,3,3,6.389748677248678,2,False,False,True,False,False,True,False,False,False,True,False,False,False,True,False,False,False,False,False,False,True,False,False,False,False,True,0
35,10,1,1,57650,1.0,14,1,1.0,2,1,0,0,3.0,4.0,3.0,3,3,6.188770339377033,2,False,False,True,False,True,False,False,False,False,True,False,False,False,True,False,False,False,False,False,False,True,False,False,True,False,False,0
42,1,4,2,31620,2.0,17,2,24.0,1,20,13,9,4.0,4.0,1.0,3,3,8.106577635327636,1,False,True,False,True,False,False,False,False,False,False,False,True,False,True,False,False,False,False,True,False,False,False,False,False,True,False,0
38,11,1,2,24300,7.0,13,2,17.0,2,13,1,9,2.0,4.0,3.0,4,3,8.799516203703702,1,True,False,False,False,False,True,False,False,True,False,False,False,False,True,False,False,True,False,False,False,False,False,False,True,False,False,0
39,3,4,2,26100,7.0,12,0,9.0,2,4,2,2,3.0,3.0,3.0,2,3,6.890665708812261,2,False,False,True,False,False,True,False,False,True,False,False,False,True,False,False,False,True,False,False,False,False,False,False,False,False,True,0
37,22,3,2,174440,1.0,14,0,8.0,4,8,7,7,2.0,2.0,1.0,3,3,7.942092352092352,1,False,False,True,False,True,False,False,True,False,False,False,False,True,False,True,False,False,False,False,False,False,False,False,False,True,False,0
38,9,4,1,43120,0.0,12,1,10.0,2,9,1,8,2.0,4.0,2.0,2,3,7.165214592274678,2,False,False,True,False,True,False,False,True,False,False,False,False,False,True,False,False,False,False,False,False,False,True,False,False,False,True,0
39,29,1,1,54600,6.0,13,2,21.0,3,19,15,2,3.0,2.0,3.0,3,3,8.390134335154826,1,False,False,True,False,False,True,False,False,True,False,False,False,True,False,False,False,True,False,False,False,False,False,False,True,False,False,0
23,2,3,1,76370,2.0,11,1,5.0,3,3,0,2,1.0,1.0,4.0,3,3,7.08994064577398,2,False,False,True,False,True,False,False,True,False,False,False,False,False,True,True,False,False,False,False,False,False,False,False,False,True,False,0
31,2,4,1,29090,9.0,14,2,10.0,2,5,0,1,3.0,4.0,2.0,3,3,6.711708214624881,2,False,False,True,False,True,False,False,True,False,False,False,False,True,False,False,False,False,False,False,False,False,True,False,True,False,False,0
35,16,3,2,23940,1.0,16,1,9.0,3,9,1,7,3.0,4.0,3.0,3,3,10.486130705394192,2,False,False,True,False,True,False,False,False,False,True,False,False,True,False,True,False,False,False,False,False,False,False,False,False,False,True,0
30,10,4,2,55620,5.0,13,0,8.0,3,5,0,4,4.0,1.0,3.0,2,3,8.493341678588461,2,False,False,True,False,True,False,False,True,False,False,False,False,True,False,False,False,False,False,False,False,True,False,False,False,False,True,1
27,2,4,2,33460,1.0,21,1,9.0,2,9,0,8,3.0,4.0,3.0,2,4,10.48479406130268,0,False,False,True,False,False,True,False,False,False,True,False,False,False,True,False,False,False,True,False,False,False,False,False,True,False,False,0
31,25,5,2,180610,1.0,14,1,10.0,2,10,8,7,4.0,1.0,3.0,3,3,6.93400070621469,1,False,True,False,False,True,False,False,False,False,False,False,True,True,False,False,True,False,False,False,False,False,False,False,False,True,False,0
49,1,4,3,69490,1.0,14,1,10.0,2,9,1,4,3.0,1.0,2.0,3,3,7.313988095238096,2,False,False,True,False,True,False,False,True,False,False,False,False,False,True,True,False,False,False,False,False,False,False,False,False,True,False,0
36,28,1,2,48980,4.0,13,1,12.0,3,7,0,7,1.0,4.0,3.0,3,3,6.825506822612087,2,True,False,False,False,False,True,False,True,False,False,False,False,False,True,False,False,False,False,False,False,True,False,False,True,False,False,0
37,19,2,2,27030,2.0,14,0,19.0,2,10,4,7,3.0,2.0,2.0,3,3,6.111245126705653,1,False,False,True,False,True,False,False,False,False,False,False,True,False,True,False,False,False,False,False,False,False,True,False,True,False,False,0
35,13,3,3,20420,0.0,16,0,6.0,2,5,1,4,1.0,4.0,4.0,3,3,8.168764124293785,2,False,True,False,False,True,False,False,True,False,False,False,False,False,True,False,False,False,False,False,False,False,True,False,False,False,True,0
53,9,3,1,20890,5.0,16,0,28.0,2,2,2,2,1.0,4.0,3.0,2,3,6.412745821042281,2,False,False,True,False,True,False,False,True,False,False,False,False,False,True,False,False,False,False,False,False,False,False,True,False,True,False,0
24,2,5,2,187220,0.0,22,1,6.0,3,5,3,4,1.0,4.0,2.0,3,4,7.561153381642512,0,True,False,False,False,True,False,False,False,False,False,False,True,False,True,True,False,False,False,False,False,False,False,False,False,True,False,0
24,1,3,1,34070,1.0,15,2,6.0,2,6,1,4,2.0,4.0,3.0,2,3,9.029714187327825,2,False,False,True,False,False,True,False,False,True,False,False,False,True,False,False,False,False,False,False,False,False,True,False,False,True,False,0
27,10,4,3,194190,7.0,14,1,5.0,2,3,0,2,2.0,3.0,3.0,1,3,7.206112263715998,2,False,False,True,False,False,True,False,True,False,False,False,False,False,True,False,False,False,False,False,False,False,True,False,False,True,False,0
50,3,3,2,42940,2.0,20,0,32.0,2,30,12,13,2.0,3.0,3.0,2,4,9.398416099773245,1,False,True,False,False,True,False,False,False,False,False,True,False,False,True,False,False,False,False,False,False,True,False,False,False,True,False,0
42,23,3,3,26420,0.0,13,1,21.0,3,20,0,9,3.0,1.0,3.0,3,3,6.075256680731364,1,False,False,True,False,False,True,False,False,True,False,False,False,True,False,False,False,False,False,False,False,True,False,False,False,True,False,0
44,26,2,2,76390,1.0,14,0,8.0,6,8,7,1,2.0,1.0,3.0,3,3,9.774024872152488,2,False,False,True,False,True,False,False,True,False,False,False,False,False,True,False,False,False,False,True,False,False,False,False,False,True,False,0
42,7,4,3,22260,0.0,12,1,4.0,3,3,1,0,3.0,3.0,3.0,2,3,8.775288238028823,2,False,False,True,False,False,True,False,False,False,True,False,False,False,True,False,False,False,False,False,False,True,False,False,True,False,False,0
44,29,4,2,19510,4.0,22,3,10.0,4,2,0,2,1.0,3.0,4.0,4,4,6.7042970272904485,0,False,False,True,False,False,True,False,False,True,False,False,False,False,True,False,False,False,False,False,False,False,True,False,False,False,True,0
37,4,3,4,160320,1.0,13,0,7.0,2,7,0,7,1.0,3.0,4.0,3,3,7.374041727316836,2,False,False,True,False,False,True,False,False,True,False,False,False,False,True,False,True,False,False,False,False,False,False,False,True,False,False,0
44,24,5,1,25660,9.0,11,1,10.0,3,5,2,3,4.0,2.0,2.0,3,3,6.318081125058113,2,False,False,True,False,False,True,False,False,False,True,False,False,True,False,False,False,False,False,False,False,False,True,False,False,False,True,0
44,20,3,1,45560,2.0,13,0,6.0,4,0,0,0,4.0,3.0,3.0,3,3,6.1978668091168085,2,True,False,False,False,True,False,False,True,False,False,False,False,False,True,False,False,False,False,False,False,False,False,True,False,False,True,0
33,8,5,2,82240,6.0,19,0,14.0,3,10,7,6,4.0,1.0,3.0,3,3,7.992180316091955,1,False,False,True,False,True,False,False,False,False,True,False,False,False,True,False,False,True,False,False,False,False,False,False,False,True,False,0
35,5,4,3,16750,1.0,16,0,3.0,6,3,0,2,1.0,4.0,2.0,2,3,7.802330765639589,2,False,False,True,False,True,False,False,False,False,True,False,False,False,True,False,False,False,True,False,False,False,False,False,False,True,False,0
34,14,2,1,22350,2.0,14,1,9.0,2,5,1,0,3.0,4.0,3.0,3,3,8.122622655122655,2,False,False,True,False,False,True,False,False,False,False,False,True,True,False,False,False,False,False,False,False,False,True,False,False,True,False,0
38,29,3,1,37220,5.0,14,0,6.0,0,3,1,2,4.0,4.0,3.0,3,3,9.70982456140351,2,False,False,True,False,True,False,False,True,False,False,False,False,True,False,False,False,False,False,True,False,False,False,False,False,False,True,0
27,1,3,1,20580,1.0,14,1,1.0,5,1,0,0,2.0,3.0,3.0,3,3,7.680679916317991,2,False,False,True,False,True,False,False,False,False,True,False,False,False,True,False,False,False,False,False,False,True,False,False,False,False,True,0
47,27,3,1,54410,9.0,22,1,28.0,6,22,11,13,4.0,3.0,2.0,2,4,8.299020531400966,1,False,True,False,False,True,False,False,True,False,False,False,False,False,True,False,False,False,False,False,False,True,False,False,True,False,False,0
30,18,3,4,22960,1.0,18,1,10.0,2,10,3,0,4.0,4.0,2.0,3,3,9.193685666185663,2,False,False,True,False,False,True,False,True,False,False,False,False,False,True,False,True,False,False,False,False,False,False,False,False,True,False,0
43,2,2,1,32110,4.0,13,0,18.0,2,3,1,2,2.0,3.0,3.0,4,3,7.978614703065134,2,False,True,False,False,False,True,False,True,False,False,False,False,False,True,False,False,False,False,False,False,False,True,False,False,False,True,0
40,27,2,3,102740,4.0,18,0,12.0,3,5,0,3,3.0,4.0,3.0,3,3,6.611040528233152,2,False,False,True,False,False,True,False,False,False,True,False,False,True,False,False,False,False,False,False,False,False,True,False,True,False,False,0
45,19,4,1,71190,4.0,15,0,9.0,2,5,0,3,3.0,3.0,4.0,3,3,7.786297453703704,2,False,False,True,False,True,False,False,False,False,True,False,False,False,True,False,False,False,False,False,False,False,False,True,False,True,False,0
22,1,3,4,129360,1.0,11,2,4.0,3,4,2,2,4.0,2.0,2.0,3,3,8.494217391304348,2,False,False,True,False,True,False,False,True,False,False,False,False,True,False,True,False,False,False,False,False,False,False,False,True,False,False,0
34,10,4,2,74120,1.0,24,0,14.0,4,14,4,11,3.0,4.0,4.0,3,4,7.911889604196471,0,False,False,True,False,True,False,False,False,False,False,True,False,True,False,False,False,True,False,False,False,False,False,False,False,False,True,0
27,18,2,1,65160,1.0,19,1,7.0,4,7,0,7,4.0,3.0,3.0,3,3,6.196217494089835,2,False,True,False,False,True,False,False,False,False,True,False,False,True,False,False,False,True,False,False,False,False,False,False,False,False,True,0
24,1,5,1,81890,1.0,14,1,1.0,3,1,0,0,3.0,2.0,3.0,3,3,6.815337713231904,2,True,False,False,False,False,True,False,False,True,False,False,False,True,False,False,False,False,False,True,False,False,False,False,True,False,False,0
56,1,2,2,52280,2.0,11,0,18.0,4,5,0,3,1.0,3.0,3.0,3,3,6.912598950882213,2,False,True,False,False,True,False,False,True,False,False,False,False,True,False,False,False,False,False,True,False,False,False,False,False,True,False,0
50,3,3,2,42940,2.0,20,0,32.0,2,30,12,13,2.0,3.0,3.0,2,4,9.425232053040697,1,False,True,False,False,True,False,False,False,False,False,True,False,False,True,False,False,False,False,False,False,True,False,False,False,True,False,0
34,12,2,2,88650,1.0,11,1,1.0,0,1,1,0,2.0,2.0,3.0,3,3,7.68913912835249,2,False,False,True,False,True,False,False,False,False,False,False,True,False,True,False,True,False,False,False,False,False,False,False,True,False,False,0
28,1,2,3,44770,1.0,15,0,3.0,6,3,1,2,3.0,1.0,3.0,3,3,7.552442028985506,2,False,False,True,False,False,True,False,True,False,False,False,False,False,True,False,False,False,True,False,False,False,False,False,False,True,False,0
33,10,3,1,43020,2.0,13,0,11.0,3,0,0,0,1.0,1.0,2.0,1,3,8.306316526610644,2,False,False,True,False,True,False,False,True,False,False,False,False,False,True,False,False,False,False,False,False,False,True,False,False,False,True,1
38,1,4,2,36690,2.0,19,0,10.0,2,8,7,7,1.0,3.0,3.0,3,3,6.505002286236854,1,False,True,False,False,True,False,False,False,False,False,True,False,False,True,False,False,False,False,False,False,True,False,False,False,True,False,0
40,10,1,1,65240,0.0,13,1,9.0,2,8,7,1,1.0,1.0,4.0,4,3,6.323114997713763,2,False,False,True,False,False,True,False,True,False,False,False,False,True,False,False,False,False,False,True,False,False,False,False,False,True,False,0
38,2,4,2,23680,6.0,11,1,17.0,3,15,4,12,1.0,1.0,3.0,3,3,10.821924119241192,1,False,True,False,False,False,True,False,True,False,False,False,False,True,False,False,False,False,False,False,False,True,False,False,False,False,True,0
31,1,3,1,168560,3.0,12,1,9.0,3,3,1,0,1.0,2.0,4.0,3,3,7.293228260869566,2,False,False,True,False,True,False,False,False,False,True,False,False,False,True,False,False,True,False,False,False,False,False,False,False,False,True,0
29,3,4,3,39780,1.0,11,0,7.0,0,7,1,7,4.0,2.0,3.0,3,3,8.375703309692671,2,False,False,True,False,True,False,False,True,False,False,False,False,False,True,False,False,False,False,False,False,False,True,False,True,False,False,0
59,4,4,1,27600,8.0,11,0,7.0,3,2,2,2,2.0,3.0,2.0,4,3,6.698972222222222,2,False,False,True,False,True,False,False,False,False,False,False,True,False,True,True,False,False,False,False,False,False,False,False,False,True,False,0
37,7,2,1,20110,5.0,13,0,16.0,4,5,0,4,4.0,1.0,3.0,4,3,8.703231884057972,2,False,False,True,False,True,False,False,False,False,True,False,False,False,True,False,False,False,False,True,False,False,False,False,False,True,False,0
27,13,4,1,44010,5.0,13,0,6.0,4,2,2,0,3.0,1.0,3.0,2,3,6.517461519961519,2,False,True,False,False,True,False,False,False,False,True,False,False,False,True,False,False,False,True,False,False,False,False,False,False,True,False,0
36,28,3,2,24320,4.0,22,0,7.0,4,1,0,0,4.0,4.0,3.0,1,4,7.292827339787921,0,True,False,False,True,False,False,True,False,False,False,False,False,False,True,False,False,True,False,False,False,False,False,False,False,False,True,0
37,24,2,4,42570,4.0,15,0,9.0,2,1,0,0,4.0,3.0,3.0,3,3,6.102939623507805,2,False,False,True,False,False,True,False,True,False,False,False,False,True,False,False,False,True,False,False,False,False,False,False,True,False,False,0
29,1,3,2,66670,9.0,12,1,6.0,6,3,1,2,4.0,4.0,3.0,4,3,7.788609977324264,2,False,False,True,False,True,False,False,True,False,False,False,False,True,False,False,False,False,False,False,True,False,False,False,False,False,True,0
33,8,2,4,29040,4.0,13,0,5.0,2,2,2,2,1.0,2.0,3.0,3,3,10.199945799457996,2,False,False,True,False,True,False,False,True,False,False,False,False,False,True,False,False,False,False,True,False,False,False,False,False,False,True,1
22,16,2,2,35790,1.0,19,3,1.0,3,1,0,0,4.0,2.0,3.0,3,3,10.50865587695133,2,False,False,True,False,True,False,False,True,False,False,False,False,True,False,False,False,True,False,False,False,False,False,False,False,False,True,1
35,3,4,2,32940,0.0,11,0,6.0,2,5,0,3,1.0,2.0,3.0,3,3,7.498361581920903,2,False,False,True,True,False,False,True,False,False,False,False,False,False,True,False,False,False,True,False,False,False,False,False,False,True,False,0
41,6,4,1,28210,1.0,17,0,10.0,3,10,8,7,4.0,3.0,3.0,3,3,6.988722943722944,1,False,False,True,False,False,True,False,False,True,False,False,False,False,True,False,False,False,False,False,False,True,False,False,False,False,True,0
20,17,4,1,22930,1.0,13,2,1.0,3,1,0,0,4.0,2.0,4.0,1,3,7.145572989307299,2,False,False,True,False,True,False,False,False,False,True,False,False,True,False,False,False,False,False,False,False,False,False,True,False,False,True,0
39,18,2,2,28360,0.0,20,0,6.0,3,5,0,3,3.0,1.0,3.0,2,4,7.708774104683196,0,False,False,True,False,True,False,False,True,False,False,False,False,False,True,False,False,True,False,False,False,False,False,False,False,False,True,1
50,6,3,1,23420,1.0,12,1,32.0,2,32,13,9,3.0,4.0,3.0,2,3,9.990187943262413,1,False,True,False,False,True,False,False,False,False,True,False,False,False,True,False,False,False,True,False,False,False,False,False,False,False,True,0
19,10,2,2,41870,0.0,22,1,1.0,4,0,0,0,3.0,1.0,4.0,3,4,7.487804735114861,0,False,True,False,False,True,False,False,True,False,False,False,False,False,True,True,False,False,False,False,False,False,False,False,False,False,True,1
29,15,4,1,49680,1.0,19,3,11.0,4,11,4,1,2.0,4.0,3.0,3,3,6.316933940242763,2,False,True,False,False,False,True,False,False,False,True,False,False,True,False,False,False,False,False,False,False,False,True,False,False,True,False,0
40,27,2,3,102740,4.0,18,0,12.0,3,5,0,3,3.0,4.0,3.0,3,3,6.591388888888889,2,False,False,True,False,False,True,False,False,False,True,False,False,True,False,False,False,False,False,False,False,False,True,False,True,False,False,0
32,12,5,1,95470,1.0,13,1,10.0,3,10,5,3,2.0,2.0,3.0,2,3,6.819206516643225,2,False,True,False,False,True,False,False,False,False,True,False,False,False,True,False,False,False,False,False,False,True,False,False,False,True,False,0
43,4,3,2,34190,3.0,11,1,10.0,5,8,4,7,4.0,3.0,3.0,3,3,9.141189458689457,1,False,True,False,False,False,True,False,False,False,True,False,False,True,False,True,False,False,False,False,False,False,False,False,True,False,False,0
39,22,3,1,129650,0.0,19,1,20.0,2,19,11,8,3.0,3.0,3.0,3,3,7.388473419540229,1,False,True,False,False,True,False,False,False,False,True,False,False,True,False,False,False,False,False,True,False,False,False,False,False,False,True,0
31,1,3,4,28670,0.0,24,0,3.0,5,2,2,2,3.0,2.0,3.0,3,4,10.802310386473431,0,False,False,True,False,True,False,False,True,False,False,False,False,False,True,False,True,False,False,False,False,False,False,False,False,False,True,0
42,20,2,2,72950,1.0,15,0,10.0,3,9,7,8,2.0,2.0,2.0,3,3,7.614132241215574,1,False,False,True,False,True,False,False,False,False,True,False,False,False,True,False,False,False,False,False,False,False,False,True,False,True,False,0
24,10,2,1,23560,0.0,13,0,2.0,5,1,0,0,3.0,1.0,3.0,3,3,6.096182277318642,2,False,False,True,False,False,True,False,False,True,False,False,False,False,True,False,False,False,False,True,False,False,False,False,True,False,False,0
24,6,2,2,40870,0.0,20,3,4.0,1,3,0,2,1.0,3.0,2.0,3,4,7.780240271917487,0,False,False,True,False,False,True,False,False,True,False,False,False,False,True,False,False,False,False,False,False,True,False,False,False,True,False,0
39,1,3,2,67550,7.0,14,1,21.0,2,18,11,5,1.0,4.0,3.0,3,3,7.2104051431344,1,False,True,False,False,False,True,False,False,True,False,False,False,False,True,True,False,False,False,False,False,False,False,False,True,False,False,1
53,24,3,4,133200,3.0,11,0,11.0,2,4,1,2,2.0,4.0,3.0,3,3,8.002307692307692,2,False,False,True,False,True,False,False,True,False,False,False,False,False,True,False,False,False,False,False,True,False,False,False,False,True,False,0
33,9,3,2,46490,0.0,12,0,4.0,2,3,0,2,4.0,2.0,3.0,2,3,8.008199152542373,2,False,True,False,False,False,True,False,False,False,True,False,False,True,False,False,False,False,False,False,False,True,False,False,False,True,False,0
50,19,4,3,31950,2.0,11,0,5.0,4,3,0,2,3.0,3.0,2.0,2,3,6.77911814653081,2,False,False,True,False,False,True,False,False,True,False,False,False,False,True,False,False,False,False,False,False,False,True,False,False,True,False,0
22,2,1,1,193310,1.0,12,1,1.0,2,0,0,0,2.0,4.0,3.0,3,3,6.3118393719806765,2,False,False,True,False,True,False,False,True,False,False,False,False,False,True,False,False,False,False,False,False,False,False,True,False,False,True,0
55,2,3,1,27810,8.0,13,1,19.0,2,5,0,4,2.0,4.0,4.0,3,3,6.234294962335217,2,False,False,True,False,True,False,False,True,False,False,False,False,True,False,False,True,False,False,False,False,False,False,False,False,True,False,0
42,23,3,3,26420,0.0,13,1,21.0,3,20,0,9,3.0,1.0,3.0,3,3,6.14515716374269,1,False,False,True,False,False,True,False,False,True,False,False,False,True,False,False,False,False,False,False,False,True,False,False,False,True,False,0
39,2,4,2,43810,2.0,15,2,11.0,1,1,0,0,1.0,1.0,4.0,2,3,9.369612268518518,2,True,False,False,False,True,False,False,False,False,True,False,False,False,True,False,False,False,False,True,False,False,False,False,False,False,True,1
42,2,4,2,45390,4.0,17,1,8.0,5,0,0,0,4.0,3.0,3.0,3,3,6.596468764902242,2,False,False,True,False,False,True,False,False,False,True,False,False,True,False,False,False,False,False,False,True,False,False,False,False,False,True,0
28,2,4,1,93550,0.0,11,0,6.0,4,5,0,4,1.0,2.0,1.0,3,3,7.515389123300516,2,False,False,True,False,False,True,False,False,True,False,False,False,False,True,False,False,False,False,False,False,False,True,False,False,True,False,0
42,11,3,1,178560,3.0,18,0,10.0,2,6,3,3,3.0,3.0,2.0,3,3,6.490872011251758,2,True,False,False,False,True,False,False,False,False,True,False,False,False,True,False,False,False,True,False,False,False,False,False,False,True,False,0
49,11,4,2,35060,3.0,11,1,28.0,4,5,4,3,2.0,4.0,3.0,2,3,6.284957446808511,1,False,True,False,False,False,True,False,True,False,False,False,False,False,True,False,False,False,False,False,False,True,False,False,False,True,False,0
49,6,1,3,29960,2.0,18,1,17.0,2,9,0,8,4.0,2.0,2.0,2,3,6.417208333333334,1,False,True,False,False,True,False,False,False,False,True,False,False,False,True,True,False,False,False,False,False,False,False,False,False,True,False,0
33,1,1,1,42560,1.0,13,3,5.0,1,5,0,2,4.0,2.0,3.0,3,3,7.201067821067821,2,False,False,True,False,True,False,False,True,False,False,False,False,False,True,False,False,False,False,False,False,True,False,False,False,False,True,0
46,1,4,3,99570,4.0,20,0,13.0,1,10,0,3,3.0,4.0,2.0,3,4,9.799356661856663,0,False,False,True,False,True,False,False,False,False,False,False,True,True,False,False,False,False,False,False,False,False,True,False,True,False,False,0
32,6,3,1,36600,3.0,11,2,10.0,0,4,0,2,4.0,3.0,1.0,2,3,7.647353556485355,2,False,False,True,False,True,False,False,False,False,False,False,True,False,True,False,False,False,False,False,False,True,False,False,False,True,False,0
43,1,3,1,73790,7.0,13,2,21.0,3,16,6,14,1.0,3.0,3.0,2,3,6.280660442600277,1,False,False,True,False,True,False,False,True,False,False,False,False,False,True,False,False,False,False,True,False,False,False,False,False,True,False,0
24,2,5,2,187220,0.0,22,1,6.0,3,5,3,4,1.0,4.0,2.0,3,4,7.586379184861717,0,True,False,False,False,True,False,False,False,False,False,False,True,False,True,True,False,False,False,False,False,False,False,False,False,True,False,0
38,2,3,1,27780,2.0,13,0,8.0,5,3,1,2,2.0,2.0,4.0,2,3,7.245010775862067,2,False,False,True,False,True,False,False,True,False,False,False,False,True,False,False,False,False,False,True,False,False,False,False,False,False,True,0
32,12,2,1,20610,1.0,15,1,1.0,2,1,0,0,4.0,1.0,3.0,2,3,8.00071530758226,2,False,False,True,True,False,False,True,False,False,False,False,False,True,False,False,False,False,False,False,False,False,False,True,False,False,True,0
28,6,3,2,23510,1.0,16,0,6.0,4,6,3,3,4.0,1.0,3.0,3,3,7.196454031465092,2,False,False,True,False,True,False,False,False,False,False,False,True,False,True,False,False,False,False,False,False,True,False,False,False,True,False,0
30,26,3,2,44200,9.0,11,0,9.0,3,7,0,2,1.0,3.0,3.0,3,3,7.069740663900414,2,False,False,True,False,False,True,False,False,True,False,False,False,True,False,False,False,False,True,False,False,False,False,False,False,False,True,0
47,2,3,5,50210,2.0,17,0,20.0,3,7,1,7,4.0,1.0,3.0,3,3,6.676836219336219,2,False,False,True,False,True,False,False,False,False,True,False,False,True,False,False,False,False,False,False,False,False,True,False,False,False,True,0
46,4,1,1,67120,6.0,21,1,26.0,3,3,0,1,1.0,3.0,1.0,2,4,6.805152662993573,0,False,False,True,False,False,True,False,False,False,False,False,True,False,True,False,False,True,False,False,False,False,False,False,False,True,False,0
40,1,4,2,50710,8.0,17,1,8.0,3,1,0,0,1.0,4.0,2.0,2,3,6.184851394604481,2,False,False,True,False,True,False,False,False,False,True,False,False,False,True,False,False,False,False,False,True,False,False,False,False,True,False,0
51,6,2,1,131160,1.0,11,0,1.0,6,1,0,0,3.0,4.0,3.0,3,3,7.409417024320457,2,False,False,True,False,False,True,False,True,False,False,False,False,True,False,True,False,False,False,False,False,False,False,False,False,True,False,0
40,17,4,1,35780,2.0,14,1,20.0,2,5,0,2,3.0,3.0,3.0,3,3,7.508661616161616,2,False,False,True,False,True,False,False,True,False,False,False,False,False,True,False,False,False,True,False,False,False,False,False,False,True,False,0
55,26,2,2,27890,3.0,13,1,17.0,2,8,6,7,3.0,2.0,3.0,2,3,8.596978723404256,1,False,True,False,False,True,False,False,True,False,False,False,False,True,False,False,False,False,False,False,False,False,True,False,False,True,False,0
43,10,5,2,26830,4.0,11,0,21.0,3,1,0,0,2.0,4.0,2.0,3,3,8.685696202531647,2,False,False,True,False,True,False,False,False,False,False,False,True,True,False,False,False,False,False,False,False,False,True,False,True,False,False,0
48,1,1,2,74060,6.0,14,2,25.0,2,1,0,0,4.0,4.0,4.0,3,3,6.18902658045977,2,False,False,True,False,False,True,False,False,True,False,False,False,False,True,False,False,False,False,True,False,False,False,False,False,False,True,0
56,10,4,2,40780,8.0,24,1,14.0,3,10,9,8,4.0,3.0,1.0,3,4,6.802081018518519,0,False,False,True,False,False,True,False,False,False,False,True,False,False,True,False,False,False,False,False,False,False,True,False,False,True,False,1
25,16,4,2,198590,3.0,19,0,6.0,3,3,2,2,1.0,1.0,3.0,2,3,7.192815217391304,2,False,False,True,False,False,True,False,True,False,False,False,False,False,True,False,False,False,False,False,False,True,False,False,False,True,False,1
34,28,3,2,176500,1.0,19,1,15.0,6,15,4,13,2.0,4.0,4.0,1,3,7.971089569160997,1,False,False,True,False,False,True,False,True,False,False,False,False,True,False,False,False,False,False,False,False,True,False,False,False,True,False,0
33,7,3,2,112450,0.0,21,0,8.0,3,7,0,7,3.0,2.0,4.0,3,4,6.676623663412366,0,True,False,False,False,False,True,False,True,False,False,False,False,False,True,False,False,False,False,False,False,False,True,False,False,True,False,0
41,1,3,4,191410,3.0,12,1,12.0,2,6,3,3,4.0,4.0,2.0,3,3,10.66936308693631,2,False,True,False,False,True,False,False,True,False,False,False,False,False,True,False,False,False,False,False,False,False,True,False,True,False,False,0
46,4,1,5,29110,5.0,13,0,28.0,3,2,1,2,1.0,3.0,2.0,3,3,6.196189083820663,2,False,True,False,False,True,False,False,False,False,True,False,False,False,True,False,True,False,False,False,False,False,False,False,False,True,False,0
47,8,4,2,23660,3.0,17,0,11.0,5,5,1,2,3.0,3.0,2.0,2,3,10.865613668061366,2,False,False,True,False,True,False,False,False,False,True,False,False,True,False,False,False,False,False,False,False,False,False,True,False,True,False,0
31,7,4,1,65000,6.0,23,1,7.0,5,2,2,2,2.0,4.0,1.0,3,4,10.278979963570128,0,False,True,False,False,True,False,False,True,False,False,False,False,False,True,False,False,True,False,False,False,False,False,False,False,True,False,1
46,20,3,3,40350,4.0,14,1,14.0,2,9,0,8,1.0,4.0,3.0,3,3,9.277514124293786,2,False,True,False,False,True,False,False,False,False,False,False,True,False,True,False,False,False,False,False,False,False,True,False,False,False,True,0
56,4,3,4,25870,4.0,12,0,19.0,2,2,2,2,3.0,1.0,3.0,2,3,8.299431330472103,2,False,False,True,False,True,False,False,True,False,False,False,False,False,True,False,False,False,True,False,False,False,False,False,True,False,False,0
43,1,1,1,46780,5.0,25,1,8.0,0,6,0,2,4.0,2.0,3.0,4,4,6.996113465160075,0,False,False,True,False,True,False,False,False,False,False,True,False,False,True,False,False,False,True,False,False,False,False,False,True,False,False,0
42,10,4,2,61510,1.0,13,1,20.0,3,20,3,7,4.0,3.0,3.0,3,3,6.595412494039104,1,True,False,False,False,True,False,False,True,False,False,False,False,True,False,False,False,False,False,False,False,True,False,False,False,False,True,0
46,6,4,3,21740,3.0,11,1,23.0,3,12,4,9,1.0,3.0,3.0,3,3,6.393413225172075,1,False,False,True,False,True,False,False,False,False,True,False,False,False,True,False,False,False,False,False,False,False,True,False,False,True,False,0
37,1,5,2,62610,1.0,12,0,10.0,1,10,0,9,1.0,2.0,3.0,3,3,8.275650860065086,2,True,False,False,False,True,False,False,False,False,True,False,False,True,False,False,False,False,False,False,False,True,False,False,False,False,True,0
43,11,2,3,168350,3.0,17,1,25.0,3,8,0,7,3.0,4.0,3.0,3,3,6.567780182780182,1,False,False,True,False,True,False,False,True,False,False,False,False,False,True,False,False,True,False,False,False,False,False,False,False,True,False,0
29,1,3,2,66670,9.0,12,1,6.0,6,3,1,2,4.0,4.0,3.0,4,3,7.785495620101429,2,False,False,True,False,True,False,False,True,False,False,False,False,True,False,False,False,False,False,False,True,False,False,False,False,False,True,0
42,8,2,5,40140,8.0,13,1,24.0,3,1,0,1,4.0,4.0,3.0,3,3,5.996898719707361,2,False,False,True,False,True,False,False,True,False,False,False,False,True,False,False,False,False,True,False,False,False,False,False,False,False,True,0
36,28,1,1,33770,0.0,12,2,16.0,2,15,10,11,4.0,4.0,3.0,3,3,7.075151406771579,1,False,False,True,False,True,False,False,True,False,False,False,False,False,True,False,False,True,False,False,False,False,False,False,False,True,False,0
24,5,4,1,178610,1.0,11,2,4.0,5,4,1,2,2.0,3.0,2.0,1,3,6.875998155832181,2,False,False,True,False,True,False,False,False,False,False,True,False,False,True,False,False,False,False,True,False,False,False,False,False,False,True,0
20,1,3,5,61620,1.0,12,3,1.0,2,1,1,1,4.0,3.0,3.0,2,3,8.610434532042415,2,False,False,True,False,True,False,False,True,False,False,False,False,False,True,False,False,False,False,False,False,False,False,True,False,False,True,1
34,24,3,4,27420,0.0,11,1,13.0,2,12,2,11,1.0,2.0,3.0,3,3,6.142811342592593,1,False,False,True,False,False,True,False,False,True,False,False,False,False,True,False,False,False,False,False,False,True,False,False,False,False,True,0
42,21,2,1,22010,4.0,12,1,16.0,3,1,0,0,2.0,4.0,3.0,4,3,7.204237640724425,2,False,False,True,False,False,True,False,True,False,False,False,False,True,False,True,False,False,False,False,False,False,False,False,False,False,True,0
30,15,3,2,23800,4.0,18,3,9.0,2,5,1,4,3.0,4.0,1.0,2,3,7.88355984740105,2,True,False,False,False,True,False,False,False,False,True,False,False,True,False,False,False,False,False,False,False,False,True,False,False,True,False,0
32,8,1,2,46270,8.0,17,1,8.0,2,1,0,0,4.0,4.0,3.0,2,3,7.298776400367309,2,False,False,True,False,True,False,False,False,False,True,False,False,True,False,False,False,False,False,False,False,True,False,False,False,False,True,0
30,2,3,1,48500,0.0,12,1,4.0,4,3,1,2,4.0,2.0,3.0,3,3,6.498657796451914,2,False,False,True,False,True,False,False,True,False,False,False,False,False,True,False,False,False,False,False,False,False,True,False,False,False,True,0
56,3,2,3,26910,6.0,16,1,36.0,6,7,7,7,4.0,2.0,3.0,3,3,7.995408022130015,1,False,False,True,False,False,True,False,False,False,True,False,False,True,False,False,False,False,False,True,False,False,False,False,False,False,True,0
55,16,3,4,43190,4.0,11,0,12.0,3,9,7,3,3.0,4.0,2.0,4,3,6.389931693989071,1,False,False,True,True,False,False,False,False,False,False,False,True,False,True,False,False,False,False,True,False,False,False,False,False,False,True,1
38,10,3,4,181720,6.0,12,2,6.0,5,1,0,1,4.0,3.0,1.0,3,3,10.898861678004534,2,False,False,True,False,False,True,False,False,False,True,False,False,False,True,False,False,True,False,False,False,False,False,False,False,True,False,0
34,2,3,1,103120,1.0,12,0,6.0,2,6,1,3,3.0,1.0,3.0,3,3,6.855058782849239,2,False,False,True,False,False,True,False,False,True,False,False,False,False,True,False,False,False,False,False,False,False,False,True,False,False,True,0
40,28,3,2,54680,0.0,12,0,22.0,6,21,3,9,1.0,3.0,3.0,4,3,7.036408382066277,1,False,False,True,False,True,False,False,False,False,True,False,False,False,True,False,False,True,False,False,False,False,False,False,True,False,False,0
40,11,3,2,70050,1.0,20,2,21.0,2,20,9,9,4.0,3.0,3.0,3,4,6.206365348399246,1,False,False,True,False,True,False,False,True,False,False,False,False,True,False,False,False,False,False,False,False,False,True,False,False,True,False,0
35,2,3,1,25320,1.0,13,0,1.0,2,1,0,0,1.0,1.0,3.0,1,3,9.684859913793105,2,False,False,True,False,True,False,False,False,False,True,False,False,True,False,False,False,False,False,False,False,True,False,False,True,False,False,1
57,2,1,3,61620,0.0,14,0,13.0,5,12,2,8,2.0,3.0,2.0,2,3,7.554500000000002,1,False,False,True,False,False,True,False,True,False,False,False,False,False,True,False,False,False,False,False,False,True,False,False,False,True,False,0
39,2,4,4,138720,9.0,12,3,12.0,3,8,3,6,3.0,2.0,1.0,2,3,6.29586214845551,2,False,False,True,False,False,True,False,False,True,False,False,False,True,False,True,False,False,False,False,False,False,False,False,False,True,False,0
38,16,3,5,147560,0.0,20,1,8.0,3,7,0,5,4.0,4.0,3.0,2,4,6.811202107279694,0,False,False,True,False,True,False,False,True,False,False,False,False,False,True,False,False,False,False,False,False,True,False,False,False,False,True,0
21,1,5,2,28630,1.0,14,0,3.0,2,3,2,2,1.0,4.0,2.0,1,3,7.978398692810457,2,True,False,False,False,True,False,False,True,False,False,False,False,True,False,False,False,False,True,False,False,False,False,False,False,False,True,0
41,1,1,3,25150,0.0,18,0,23.0,2,22,13,5,3.0,3.0,4.0,2,3,10.323418715846996,1,False,False,True,False,True,False,False,False,False,False,False,True,False,True,False,False,True,False,False,False,False,False,False,True,False,False,0
29,19,4,3,17900,5.0,16,1,6.0,4,2,1,1,3.0,2.0,4.0,2,3,6.651255274261604,2,False,False,True,False,True,False,False,True,False,False,False,False,False,True,False,False,False,False,False,False,True,False,False,False,True,False,1
29,2,4,1,26790,2.0,15,0,10.0,2,3,0,2,4.0,4.0,3.0,2,3,6.099508003766479,2,False,False,True,False,True,False,False,False,False,True,False,False,False,True,False,False,True,False,False,False,False,False,False,True,False,False,0
25,6,2,1,27680,0.0,22,1,5.0,0,4,1,1,3.0,4.0,3.0,3,4,8.015267489711935,0,False,False,True,False,True,False,False,False,False,True,False,False,True,False,False,False,True,False,False,False,False,False,False,False,False,True,0
45,1,4,1,170480,4.0,15,0,10.0,3,8,5,7,3.0,3.0,4.0,2,3,7.203180076628352,1,True,False,False,False,False,True,False,False,False,False,False,True,False,True,False,False,False,False,False,False,True,False,False,False,True,False,0
56,2,4,1,20420,7.0,12,0,30.0,6,10,1,1,3.0,4.0,2.0,3,3,7.119548898071625,1,False,False,True,False,True,False,False,False,False,True,False,False,False,True,False,False,False,True,False,False,False,False,False,False,True,False,0
38,7,4,1,66530,7.0,20,1,10.0,2,1,0,0,4.0,2.0,3.0,3,4,7.378476430976431,0,False,False,True,False,True,False,False,False,False,True,False,False,False,True,False,False,False,False,False,False,False,True,False,False,False,True,0
27,27,3,2,22930,0.0,18,0,5.0,0,4,0,2,3.0,1.0,3.0,3,3,6.483074151557415,2,False,False,True,False,False,True,False,True,False,False,False,False,False,True,False,False,False,False,False,False,True,False,False,True,False,False,1
36,8,4,4,103880,0.0,14,0,4.0,2,3,1,2,4.0,3.0,3.0,3,3,8.007373842592592,2,True,False,False,False,True,False,False,True,False,False,False,False,False,True,False,False,True,False,False,False,False,False,False,False,True,False,0
32,2,3,2,27060,1.0,21,1,13.0,4,13,4,8,4.0,3.0,2.0,3,4,6.989849587578846,0,False,False,True,False,False,True,False,False,True,False,False,False,False,True,False,False,True,False,False,False,False,False,False,False,True,False,0
42,2,4,1,29770,4.0,15,3,8.0,3,2,2,0,2.0,3.0,3.0,2,3,7.799356725146198,2,False,True,False,False,True,False,False,False,False,True,False,False,True,False,False,False,False,False,False,False,True,False,False,False,True,False,0
38,1,3,3,96190,4.0,13,1,10.0,2,1,0,0,3.0,3.0,4.0,3,3,9.792004629629629,2,False,False,True,False,True,False,False,False,False,True,False,False,True,False,False,False,False,True,False,False,False,False,False,False,False,True,0
50,19,4,2,53770,4.0,14,1,16.0,3,2,2,1,3.0,4.0,3.0,4,3,7.110352564102565,2,False,True,False,False,True,False,False,True,False,False,False,False,False,True,False,False,False,False,False,False,False,True,False,False,False,True,0
52,2,1,1,99800,2.0,11,1,18.0,2,10,6,9,4.0,1.0,3.0,3,3,9.075687613843352,1,False,False,True,False,False,True,False,False,False,True,False,False,False,True,False,False,True,False,False,False,False,False,False,True,False,False,0
38,9,2,3,23720,4.0,12,0,20.0,3,1,0,0,1.0,1.0,2.0,2,3,7.242158931082983,2,False,False,True,False,True,False,False,False,False,False,False,True,False,True,False,False,False,False,False,False,False,False,True,False,False,True,0
21,20,2,4,53370,1.0,14,1,2.0,2,2,2,2,1.0,3.0,1.0,3,3,7.613900511390051,2,False,True,False,False,True,False,False,False,False,True,False,False,True,False,False,False,False,False,False,False,True,False,False,False,False,True,1
30,8,4,1,191440,0.0,11,0,4.0,3,3,1,2,2.0,2.0,3.0,3,3,7.586698542805101,2,False,True,False,False,True,False,False,False,False,True,False,False,False,True,False,False,False,False,False,False,False,True,False,False,False,True,1
29,1,4,3,27160,0.0,18,0,8.0,2,7,1,1,4.0,2.0,2.0,1,3,7.10237188697318,2,False,True,False,False,True,False,False,False,False,True,False,False,False,True,False,False,False,False,False,False,True,False,False,True,False,False,0
38,2,3,1,27780,2.0,13,0,8.0,5,3,1,2,2.0,2.0,4.0,2,3,7.214350321395775,2,False,False,True,False,True,False,False,True,False,False,False,False,True,False,False,False,False,False,True,False,False,False,False,False,False,True,0
41,3,3,1,72600,1.0,16,0,22.0,2,22,2,10,4.0,3.0,3.0,3,3,6.219918785310735,1,False,False,True,False,True,False,False,False,False,True,False,False,False,True,False,False,False,False,True,False,False,False,False,False,True,False,0
23,20,4,1,53990,1.0,23,0,4.0,2,4,0,2,3.0,4.0,2.0,2,4,7.066395804518211,0,False,False,True,False,True,False,False,True,False,False,False,False,False,True,False,False,False,False,True,False,False,False,False,True,False,False,0
41,19,1,2,58280,1.0,13,0,21.0,0,21,5,10,2.0,3.0,3.0,3,3,6.287888176638177,1,True,False,False,False,True,False,False,True,False,False,False,False,False,True,False,False,False,False,False,False,True,False,False,True,False,False,0
34,28,3,1,56770,9.0,20,1,6.0,3,3,1,2,3.0,3.0,3.0,3,4,6.85219621749409,0,True,False,False,False,True,False,False,False,False,True,False,False,False,True,False,False,True,False,False,False,False,False,False,False,True,False,0
35,9,3,4,98240,0.0,19,0,4.0,2,3,2,2,3.0,3.0,3.0,3,3,10.486299475441106,2,False,False,True,False,True,False,False,True,False,False,False,False,False,True,True,False,False,False,False,False,False,False,False,False,True,False,0
52,2,4,1,46140,2.0,16,1,16.0,3,9,0,0,1.0,4.0,2.0,3,3,6.804641393442623,2,True,False,False,False,True,False,False,False,False,False,True,False,False,True,False,False,False,True,False,False,False,False,False,True,False,False,0
33,9,1,1,76420,2.0,20,1,8.0,2,2,2,2,1.0,1.0,1.0,2,4,7.097097622313672,0,False,False,True,False,True,False,False,False,False,True,False,False,False,True,True,False,False,False,False,False,False,False,False,False,True,False,0
33,18,2,2,63850,1.0,13,0,7.0,6,6,1,2,3.0,4.0,3.0,2,3,9.514089068825912,2,True,False,False,False,True,False,False,False,False,True,False,False,True,False,True,False,False,False,False,False,False,False,False,True,False,False,0
36,24,3,2,61200,0.0,19,0,10.0,2,9,3,4,1.0,4.0,3.0,3,3,7.830423338185346,2,False,False,True,False,True,False,False,True,False,False,False,False,True,False,False,False,True,False,False,False,False,False,False,False,True,False,0
59,12,2,2,47230,9.0,14,0,30.0,0,3,2,2,3.0,4.0,3.0,3,3,7.192599290780142,1,True,False,False,False,True,False,False,True,False,False,False,False,False,True,False,False,False,False,False,False,False,True,False,False,True,False,0
43,1,4,3,76550,9.0,12,1,6.0,3,1,0,0,3.0,3.0,3.0,3,3,8.40061391223156,2,False,True,False,False,True,False,False,False,False,False,True,False,False,True,False,False,False,False,False,False,False,True,False,False,True,False,1
55,26,2,2,27890,3.0,13,1,17.0,2,8,6,7,3.0,2.0,3.0,2,3,8.587631458619114,1,False,True,False,False,True,False,False,True,False,False,False,False,True,False,False,False,False,False,False,False,False,True,False,False,True,False,0
47,2,3,2,99810,1.0,21,1,3.0,3,3,1,2,4.0,4.0,2.0,3,4,8.485591889357712,0,False,False,True,False,True,False,False,True,False,False,False,False,False,True,False,False,False,False,True,False,False,False,False,False,False,True,0
25,1,1,1,109320,1.0,11,1,1.0,3,1,1,0,3.0,4.0,3.0,3,3,9.166382797270954,2,False,True,False,False,True,False,False,True,False,False,False,False,False,True,False,False,False,False,True,False,False,False,False,False,False,True,1
31,14,2,1,167560,1.0,11,2,6.0,5,5,0,3,2.0,3.0,4.0,3,3,7.198543735224587,2,False,False,True,False,True,False,False,True,False,False,False,False,False,True,False,False,False,False,False,False,False,True,False,False,True,False,0
25,5,1,4,139730,1.0,14,0,7.0,3,7,0,7,4.0,3.0,3.0,2,3,6.065146638054364,2,False,True,False,False,False,True,False,False,True,False,False,False,False,True,False,False,False,False,True,False,False,False,False,True,False,False,0
44,2,2,1,34520,4.0,11,1,14.0,2,10,0,2,1.0,4.0,3.0,2,3,8.593498563218391,2,False,True,False,False,False,True,False,False,True,False,False,False,False,True,False,False,True,False,False,False,False,False,False,False,True,False,0
52,1,1,2,50060,3.0,16,1,31.0,2,9,0,0,3.0,4.0,3.0,3,3,7.627005910165486,2,False,True,False,False,True,False,False,True,False,False,False,False,False,True,False,False,True,False,False,False,False,False,False,False,True,False,0
60,8,2,5,53290,8.0,20,0,10.0,3,2,2,2,1.0,1.0,3.0,4,4,6.60321497584541,0,False,False,True,False,True,False,False,True,False,False,False,False,True,False,False,False,True,False,False,False,False,False,False,False,False,True,0
33,10,2,2,34200,1.0,14,0,8.0,3,8,3,0,4.0,3.0,3.0,3,3,9.4826066572902,2,False,True,False,False,True,False,False,False,False,True,False,False,False,True,False,False,False,False,False,False,True,False,False,False,True,False,0
46,9,2,2,57310,8.0,17,0,6.0,2,2,2,2,2.0,2.0,3.0,3,3,6.691906090190609,2,True,False,False,False,True,False,False,True,False,False,False,False,False,True,False,False,False,False,True,False,False,False,False,False,False,True,0
34,13,4,3,74910,0.0,14,1,4.0,3,3,0,2,3.0,1.0,3.0,2,3,8.909026019690575,2,False,False,True,False,False,True,False,False,False,True,False,False,False,True,False,False,False,False,False,False,False,False,True,False,False,True,0
28,2,3,1,55770,0.0,19,0,5.0,3,4,0,2,4.0,3.0,2.0,3,3,10.42061614083219,2,False,True,False,False,True,False,False,False,False,False,True,False,True,False,False,False,False,True,False,False,False,False,False,False,False,True,0
35,1,3,1,108550,3.0,13,1,17.0,2,8,1,6,3.0,3.0,4.0,3,3,7.007824675324675,2,False,False,True,False,True,False,False,False,False,True,False,False,False,True,False,False,False,False,False,True,False,False,False,False,False,True,0
33,10,3,2,27000,0.0,14,3,5.0,2,4,0,3,4.0,1.0,3.0,3,3,7.28843487394958,2,False,True,False,True,False,False,False,False,False,True,False,False,True,False,False,False,False,False,False,False,False,True,False,False,True,False,0
31,9,4,1,46840,1.0,16,1,2.0,4,2,2,2,4.0,2.0,2.0,3,3,6.5930073461891645,2,False,True,False,False,True,False,False,False,False,True,False,False,False,True,False,False,False,False,False,False,False,True,False,True,False,False,0
37,6,1,1,46390,2.0,12,2,12.0,3,5,1,3,3.0,4.0,3.0,3,3,6.221693007662837,2,False,False,True,False,False,True,False,False,False,False,False,True,False,True,False,False,True,False,False,False,False,False,False,False,False,True,0
49,2,4,1,42270,4.0,18,0,17.0,3,2,2,2,4.0,1.0,2.0,2,3,9.698152664859984,2,False,False,True,False,True,False,False,False,False,True,False,False,False,True,False,False,True,False,False,False,False,False,False,True,False,False,0
35,25,1,1,54100,0.0,18,0,6.0,4,5,0,4,2.0,1.0,1.0,3,3,6.594681026365348,2,False,False,True,False,True,False,False,False,False,True,False,False,False,True,False,False,False,False,False,False,False,True,False,False,True,False,0
45,1,4,1,29420,1.0,22,1,21.0,4,21,8,6,4.0,2.0,3.0,3,4,6.575021186440678,1,False,False,True,False,True,False,False,True,False,False,False,False,False,True,False,False,False,False,False,True,False,False,False,False,False,True,0
42,11,3,1,178560,3.0,18,0,10.0,2,6,3,3,3.0,3.0,2.0,3,3,6.489173640167364,2,True,False,False,False,True,False,False,False,False,True,False,False,False,True,False,False,False,True,False,False,False,False,False,False,True,False,0
27,2,3,5,45410,1.0,14,2,9.0,4,9,5,8,2.0,3.0,3.0,4,3,7.055443262411347,2,False,False,True,False,False,True,False,True,False,False,False,False,True,False,False,False,False,False,False,False,True,False,False,False,True,False,0
31,24,1,3,44400,1.0,13,1,4.0,2,4,3,2,4.0,1.0,3.0,3,3,7.138725694444445,2,False,False,True,False,True,False,False,False,False,True,False,False,False,True,False,False,True,False,False,False,False,False,False,False,True,False,0
31,9,4,1,46840,1.0,16,1,2.0,4,2,2,2,4.0,2.0,2.0,3,3,6.586388888888888,2,False,True,False,False,True,False,False,False,False,True,False,False,False,True,False,False,False,False,False,False,False,True,False,True,False,False,0
41,12,3,2,195660,6.0,16,0,5.0,2,1,0,0,1.0,1.0,1.0,4,3,7.201252314814814,2,True,False,False,False,True,False,False,True,False,False,False,False,False,True,False,False,False,False,False,False,False,False,True,True,False,False,1
44,29,4,2,19510,4.0,22,3,10.0,4,2,0,2,1.0,3.0,4.0,4,4,6.698729024943311,0,False,False,True,False,False,True,False,False,True,False,False,False,False,True,False,False,False,False,False,False,False,True,False,False,False,True,0
32,4,4,2,188440,1.0,19,0,10.0,3,10,4,7,1.0,4.0,3.0,1,3,7.783390070921986,2,False,True,False,False,False,True,False,True,False,False,False,False,False,True,False,False,False,False,False,False,False,True,False,False,True,False,0
32,1,3,2,27430,1.0,19,1,1.0,2,1,0,0,4.0,2.0,3.0,3,3,7.502065118397086,2,False,False,True,False,False,True,False,True,False,False,False,False,False,True,False,False,False,False,False,False,True,False,False,False,False,True,1
30,14,3,5,27950,3.0,13,0,9.0,4,4,1,3,3.0,2.0,3.0,3,3,6.506272638277044,2,False,False,True,False,True,False,False,False,False,False,False,True,False,True,False,False,False,False,False,True,False,False,False,False,True,False,0
36,2,4,1,79180,2.0,12,2,8.0,3,6,0,1,2.0,4.0,3.0,2,3,6.518061415846226,2,False,False,True,True,False,False,False,False,False,False,False,True,False,True,False,False,False,False,False,False,False,True,False,False,False,True,0
22,7,3,2,37850,5.0,13,2,4.0,2,2,1,2,3.0,3.0,3.0,3,3,6.430002384358607,2,False,True,False,False,True,False,False,False,False,True,False,False,True,False,False,False,True,False,False,False,False,False,False,False,False,True,1
31,2,4,3,21410,4.0,20,0,12.0,2,7,7,7,2.0,3.0,2.0,3,4,8.396202908917502,0,False,False,True,False,True,False,False,False,False,False,False,True,True,False,False,False,False,False,False,False,False,True,False,False,True,False,1
49,11,4,2,35060,3.0,11,1,28.0,4,5,4,3,2.0,4.0,3.0,2,3,6.336143790849673,1,False,True,False,False,False,True,False,True,False,False,False,False,False,True,False,False,False,False,False,False,True,False,False,False,True,False,0
30,8,3,1,21430,1.0,17,1,1.0,2,1,0,0,3.0,3.0,2.0,3,3,6.1728382147838206,2,True,False,False,False,True,False,False,True,False,False,False,False,False,True,False,False,False,False,True,False,False,False,False,True,False,False,0
36,21,3,2,23290,3.0,15,0,9.0,2,3,0,2,1.0,1.0,3.0,3,3,9.216660756501184,2,False,True,False,False,False,True,False,True,False,False,False,False,False,True,False,True,False,False,False,False,False,False,False,False,True,False,0
23,13,3,5,42210,1.0,11,1,5.0,4,4,0,2,2.0,1.0,4.0,3,3,7.805959699453552,2,False,False,True,False,False,True,False,False,True,False,False,False,False,True,False,False,False,False,False,False,False,True,False,False,True,False,0
51,23,3,2,192720,9.0,20,0,18.0,2,10,2,7,1.0,3.0,4.0,3,4,8.685112064854554,0,False,False,True,False,False,True,False,False,False,True,False,False,True,False,False,False,False,False,False,False,True,False,False,False,True,False,1
42,10,3,2,66510,0.0,20,0,10.0,5,9,4,2,3.0,2.0,3.0,2,4,6.92253032508491,0,False,False,True,False,True,False,False,False,False,False,False,True,False,True,False,False,True,False,False,False,False,False,False,False,True,False,0
30,2,4,1,20960,7.0,11,3,10.0,2,8,1,7,3.0,3.0,3.0,3,3,9.497514124293785,2,True,False,False,False,True,False,False,False,False,False,True,False,False,True,False,False,False,False,False,False,True,False,False,False,False,True,0
23,23,1,2,173280,1.0,17,1,2.0,2,2,0,2,1.0,3.0,3.0,1,3,8.017960676726108,2,False,False,True,False,True,False,False,True,False,False,False,False,True,False,False,False,False,False,False,False,True,False,False,False,False,True,0
24,6,2,2,40870,0.0,20,3,4.0,1,3,0,2,1.0,3.0,2.0,3,4,7.805606694560669,0,False,False,True,False,False,True,False,False,True,False,False,False,False,True,False,False,False,False,False,False,True,False,False,False,True,False,0
51,8,4,5,24500,0.0,12,1,11.0,2,10,1,0,3.0,4.0,1.0,3,3,10.108070175438598,2,False,False,True,False,True,False,False,True,False,False,False,False,True,False,False,False,False,False,False,False,False,False,True,False,False,True,0
32,26,3,2,88230,6.0,13,2,10.0,3,0,0,0,1.0,2.0,3.0,3,3,6.987964580300824,2,False,False,True,False,True,False,False,False,False,True,False,False,True,False,False,False,False,False,False,True,False,False,False,False,False,True,1
21,2,3,2,137570,1.0,12,1,0.0,3,0,0,0,3.0,4.0,3.0,3,3,5.980667388167388,2,False,False,True,False,False,True,False,True,False,False,False,False,False,True,False,False,False,False,True,False,False,False,False,False,False,True,0
30,10,3,1,22070,6.0,14,0,6.0,4,4,1,2,3.0,4.0,2.0,3,3,6.71769806763285,2,False,True,False,False,True,False,False,True,False,False,False,False,True,False,False,True,False,False,False,False,False,False,False,True,False,False,1
35,2,3,3,23210,9.0,12,1,15.0,0,13,6,0,4.0,1.0,3.0,3,3,5.966612268518518,2,False,False,True,False,True,False,False,True,False,False,False,False,False,True,True,False,False,False,False,False,False,False,False,False,True,False,1
24,6,3,3,10520,1.0,13,0,5.0,3,5,0,4,3.0,3.0,3.0,3,3,6.718498817966903,2,False,False,True,False,True,False,False,True,False,False,False,False,False,True,False,False,False,False,False,False,False,True,False,False,True,False,0
43,7,2,2,65000,8.0,23,0,10.0,3,1,0,0,3.0,1.0,2.0,3,4,7.217327264239029,0,False,False,True,False,True,False,False,True,False,False,False,False,True,False,False,False,False,True,False,False,False,False,False,False,True,False,0
30,7,2,1,34480,1.0,11,0,10.0,3,10,1,4,3.0,3.0,3.0,3,3,7.68925080682342,2,False,False,True,False,True,False,False,True,False,False,False,False,True,False,False,False,False,False,True,False,False,False,False,False,True,False,0
38,5,3,1,154270,3.0,16,1,18.0,2,1,0,0,3.0,3.0,3.0,3,3,6.01613425925926,2,False,False,True,False,True,False,False,True,False,False,False,False,True,False,False,False,False,False,False,False,True,False,False,False,True,False,0
29,8,2,1,28530,4.0,14,1,4.0,5,2,2,0,1.0,1.0,3.0,2,3,8.695968221307728,2,False,False,True,False,True,False,False,False,False,True,False,False,False,True,False,False,False,True,False,False,False,False,False,True,False,False,1
36,1,3,2,35050,1.0,12,2,10.0,2,10,1,8,1.0,4.0,2.0,2,3,6.290197885939037,2,False,False,True,False,False,True,False,False,True,False,False,False,False,True,False,False,False,False,False,False,True,False,False,False,False,True,0
39,1,4,1,196650,1.0,22,1,21.0,6,21,11,10,3.0,1.0,3.0,3,4,10.986099773242628,1,False,False,True,False,False,True,False,True,False,False,False,False,False,True,False,False,False,False,False,False,False,True,False,False,True,False,0
40,11,2,4,52950,7.0,18,0,15.0,4,12,2,11,3.0,4.0,2.0,3,3,6.209419934640523,1,False,False,True,False,True,False,False,False,False,False,False,True,False,True,False,False,True,False,False,False,False,False,False,False,True,False,0
35,6,4,2,94190,1.0,24,1,6.0,5,6,1,1,3.0,1.0,2.0,2,4,6.903253968253968,0,False,False,True,False,False,True,False,False,False,True,False,False,True,False,False,False,False,True,False,False,False,False,False,False,False,True,0
35,2,3,5,24960,4.0,17,3,9.0,3,3,0,2,1.0,4.0,3.0,3,3,7.893947056030389,2,False,False,True,False,True,False,False,True,False,False,False,False,True,False,False,False,False,False,False,False,False,True,False,False,False,True,0
46,20,3,3,40350,4.0,14,1,14.0,2,9,0,8,1.0,4.0,3.0,3,3,9.31843010018215,2,False,True,False,False,True,False,False,False,False,False,False,True,False,True,False,False,False,False,False,False,False,True,False,False,False,True,0
33,10,3,1,43020,2.0,13,0,11.0,3,0,0,0,1.0,1.0,2.0,1,3,8.278268762183236,2,False,False,True,False,True,False,False,True,False,False,False,False,False,True,False,False,False,False,False,False,False,True,False,False,False,True,1
35,2,3,1,25320,1.0,13,0,1.0,2,1,0,0,1.0,1.0,3.0,1,3,9.681411443494776,2,False,False,True,False,True,False,False,False,False,True,False,False,True,False,False,False,False,False,False,False,True,False,False,True,False,False,1
36,2,3,2,27200,4.0,14,1,8.0,3,5,0,4,3.0,2.0,3.0,3,3,6.620693226120858,2,False,False,True,False,True,False,False,True,False,False,False,False,False,True,True,False,False,False,False,False,False,False,False,False,True,False,0
34,25,5,1,41940,0.0,17,2,12.0,3,11,5,7,2.0,3.0,3.0,3,3,10.494251676245211,1,False,False,True,False,False,True,False,False,True,False,False,False,True,False,False,False,False,False,False,False,True,False,False,False,True,False,0
39,7,3,1,196580,4.0,13,1,17.0,3,15,5,9,4.0,3.0,4.0,4,3,7.905141770401107,1,False,False,True,False,True,False,False,True,False,False,False,False,True,False,False,False,False,False,False,False,True,False,False,False,True,False,0
51,21,4,2,182000,0.0,17,0,8.0,3,7,7,7,2.0,3.0,3.0,3,3,7.017285781544256,1,False,True,False,False,False,True,False,False,False,True,False,False,False,True,False,False,False,False,False,False,True,False,False,False,False,True,0
21,3,2,1,42130,1.0,12,3,3.0,3,3,1,0,4.0,3.0,4.0,2,3,6.6049799905838045,2,False,False,True,False,True,False,False,True,False,False,False,False,False,True,False,False,True,False,False,False,False,False,False,False,False,True,0
25,16,4,2,198590,3.0,19,0,6.0,3,3,2,2,1.0,1.0,3.0,2,3,7.221421706516644,2,False,False,True,False,False,True,False,True,False,False,False,False,False,True,False,False,False,False,False,False,True,False,False,False,True,False,1
31,2,2,2,39750,1.0,15,1,5.0,3,5,4,3,1.0,3.0,2.0,3,3,6.289178436911488,2,False,False,True,False,True,False,False,False,False,True,False,False,False,True,False,False,True,False,False,False,False,False,False,True,False,False,0
28,19,4,2,32040,6.0,16,1,5.0,4,2,2,1,3.0,3.0,2.0,2,3,6.219219122556033,2,False,False,True,False,True,False,False,False,False,True,False,False,True,False,False,False,False,False,False,False,False,True,False,False,False,True,1
47,25,4,2,148520,3.0,19,3,27.0,3,5,1,0,4.0,3.0,3.0,2,3,6.03974173553719,2,False,False,True,False,True,False,False,False,False,True,False,False,False,True,False,False,False,False,False,False,True,False,False,False,True,False,0
31,21,3,2,99800,1.0,12,0,6.0,1,6,0,1,3.0,1.0,2.0,3,3,8.616800281293951,2,False,False,True,False,True,False,False,True,False,False,False,False,False,True,False,False,True,False,False,False,False,False,False,False,True,False,0
24,3,4,1,45080,0.0,11,1,3.0,5,2,2,1,1.0,4.0,3.0,3,3,5.98645112955279,2,False,True,False,False,False,True,False,False,True,False,False,False,False,True,False,False,False,False,False,False,False,True,False,False,True,False,0
43,7,4,4,24390,0.0,15,0,9.0,2,8,1,7,3.0,4.0,3.0,3,3,7.724989711934156,2,False,True,False,False,True,False,False,False,False,True,False,False,False,True,False,False,False,False,False,False,True,False,False,False,False,True,0
31,1,3,3,20440,0.0,21,0,10.0,2,9,7,8,2.0,4.0,3.0,3,4,7.236498792270532,0,False,False,True,False,True,False,False,True,False,False,False,False,False,True,False,False,True,False,False,False,False,False,False,False,True,False,0
36,25,1,4,170070,9.0,12,1,6.0,2,1,0,0,2.0,1.0,4.0,2,3,9.11446905766526,2,False,False,True,False,True,False,False,True,False,False,False,False,True,False,False,False,False,False,False,False,False,True,False,False,True,False,0
45,19,3,3,36810,3.0,17,1,22.0,2,0,0,0,3.0,2.0,3.0,3,3,5.978748241912799,2,False,True,False,False,True,False,False,False,False,True,False,False,False,True,False,False,True,False,False,False,False,False,False,False,False,True,0
19,1,3,5,152020,1.0,18,3,1.0,2,1,0,0,2.0,2.0,3.0,2,3,6.412936507936507,2,False,False,True,False,True,False,False,False,False,False,True,False,True,False,False,False,False,False,True,False,False,False,False,False,False,True,0
29,26,1,1,22180,1.0,24,1,10.0,1,10,0,8,3.0,4.0,3.0,3,4,7.507206521739132,0,False,False,True,False,True,False,False,True,False,False,False,False,False,True,False,False,True,False,False,False,False,False,False,False,True,False,0
40,2,4,1,65450,4.0,15,0,22.0,2,1,0,0,2.0,2.0,2.0,3,3,9.49672198172198,2,True,False,False,False,True,False,False,True,False,False,False,False,False,True,False,True,False,False,False,False,False,False,False,False,False,True,1
34,2,3,4,46950,1.0,16,1,14.0,2,14,2,1,1.0,4.0,2.0,3,3,6.024793447293448,2,False,False,True,False,False,True,False,False,True,False,False,False,False,True,True,False,False,False,False,False,False,False,False,False,False,True,0
31,10,4,3,21870,1.0,15,1,13.0,2,13,3,12,2.0,1.0,1.0,2,3,6.1033751229105215,1,False,False,True,False,True,False,False,True,False,False,False,False,False,True,False,False,False,False,False,False,False,True,False,False,True,False,0
45,21,1,3,22890,4.0,13,0,9.0,3,3,0,2,1.0,3.0,3.0,2,3,8.004546533713201,2,False,True,False,False,False,True,False,False,True,False,False,False,False,True,False,False,False,False,False,False,True,False,False,False,True,False,0
27,2,3,1,39040,1.0,15,0,7.0,2,7,0,7,4.0,4.0,3.0,3,3,7.891162551440329,2,False,False,True,False,False,True,False,True,False,False,False,False,True,False,False,False,False,True,False,False,False,False,False,False,False,True,0
29,3,3,3,59160,6.0,12,0,5.0,2,3,0,2,2.0,3.0,3.0,3,3,9.394445592286502,2,False,False,True,False,False,True,False,False,True,False,False,False,False,True,False,False,True,False,False,False,False,False,False,True,False,False,1
31,1,4,4,190680,0.0,12,0,10.0,1,9,8,5,4.0,4.0,1.0,3,3,8.329586339586339,1,False,False,True,False,True,False,False,True,False,False,False,False,False,True,False,False,False,False,False,True,False,False,False,False,True,False,0
45,21,1,3,22890,4.0,13,0,9.0,3,3,0,2,1.0,3.0,3.0,2,3,8.010291179337232,2,False,True,False,False,False,True,False,False,True,False,False,False,False,True,False,False,False,False,False,False,True,False,False,False,True,False,0
36,8,4,4,103880,0.0,14,0,4.0,2,3,1,2,4.0,3.0,3.0,3,3,7.954062932226832,2,True,False,False,False,True,False,False,True,False,False,False,False,False,True,False,False,True,False,False,False,False,False,False,False,True,False,0
31,15,2,2,49600,1.0,15,0,10.0,3,10,6,7,4.0,3.0,2.0,2,3,10.903695116487452,1,False,False,True,False,True,False,False,True,False,False,False,False,False,True,False,False,False,False,False,False,False,True,False,False,True,False,1
33,9,3,2,28990,1.0,17,0,15.0,3,15,5,7,2.0,3.0,3.0,2,3,10.619531321444905,1,False,False,True,False,True,False,False,False,False,True,False,False,True,False,False,False,False,False,True,False,False,False,False,False,True,False,0
34,13,4,1,23410,1.0,20,2,8.0,3,8,0,6,3.0,3.0,3.0,2,4,8.38059541062802,0,False,False,True,False,True,False,False,True,False,False,False,False,True,False,False,False,True,False,False,False,False,False,False,True,False,False,0
34,9,2,2,48760,2.0,21,1,14.0,3,11,5,8,3.0,1.0,3.0,3,4,7.862405002405002,0,False,False,True,False,False,True,False,False,False,True,False,False,False,True,True,False,False,False,False,False,False,False,False,False,False,True,0
29,4,3,2,35390,1.0,18,0,6.0,2,6,1,5,3.0,4.0,3.0,2,3,7.292814357567445,2,False,False,True,False,False,True,False,False,False,False,True,False,True,False,False,True,False,False,False,False,False,False,False,False,False,True,0
44,5,1,3,52280,1.0,13,0,6.0,2,5,1,3,4.0,2.0,2.0,4,3,6.917345545977012,2,False,False,True,False,True,False,False,False,False,False,True,False,False,True,False,False,False,False,False,False,True,False,False,False,False,True,0
27,20,4,2,34850,9.0,17,2,4.0,2,2,2,2,3.0,2.0,3.0,3,3,7.098894604481024,2,False,False,True,False,True,False,False,False,False,False,True,False,False,True,False,False,False,False,True,False,False,False,False,False,True,False,0
45,9,2,1,95250,9.0,19,0,22.0,3,20,11,8,1.0,4.0,3.0,3,3,6.208377871542429,1,True,False,False,False,True,False,False,False,False,True,False,False,True,False,False,False,False,False,False,False,False,True,False,False,True,False,0
37,24,2,4,42570,4.0,15,0,9.0,2,1,0,0,4.0,3.0,3.0,3,3,6.080773979107312,2,False,False,True,False,False,True,False,True,False,False,False,False,True,False,False,False,True,False,False,False,False,False,False,True,False,False,0
39,29,1,1,54600,6.0,13,2,21.0,3,19,15,2,3.0,2.0,3.0,3,3,8.409169082125604,1,False,False,True,False,False,True,False,False,True,False,False,False,True,False,False,False,True,False,False,False,False,False,False,True,False,False,0
46,2,3,1,34200,3.0,13,2,22.0,3,2,2,1,2.0,1.0,2.0,1,3,8.047628472222222,2,False,False,True,False,False,True,False,True,False,False,False,False,True,False,False,False,False,False,False,False,True,False,False,False,False,True,0
36,2,3,2,27200,4.0,14,1,8.0,3,5,0,4,3.0,2.0,3.0,3,3,6.590180375180374,2,False,False,True,False,True,False,False,True,False,False,False,False,False,True,True,False,False,False,False,False,False,False,False,False,True,False,0
35,4,3,2,74030,1.0,12,1,10.0,4,10,6,8,2.0,3.0,2.0,3,3,6.404425120772947,1,False,False,True,False,False,True,False,False,False,True,False,False,True,False,False,False,True,False,False,False,False,False,False,False,True,False,0
30,2,1,1,104450,3.0,18,1,10.0,3,7,1,7,3.0,3.0,3.0,3,3,6.788280367231639,2,False,False,True,False,True,False,False,False,False,True,False,False,False,True,False,False,False,False,False,False,False,False,True,False,True,False,0
26,14,3,2,75100,0.0,18,3,7.0,3,6,0,4,3.0,3.0,3.0,3,3,6.99935763888889,2,False,True,False,False,False,True,False,True,False,False,False,False,False,True,False,False,False,True,False,False,False,False,False,False,False,True,1
49,21,1,1,40110,1.0,18,2,31.0,2,31,0,9,4.0,3.0,3.0,1,3,10.81094466936572,1,False,False,True,False,False,True,False,True,False,False,False,False,False,True,False,False,False,False,False,False,False,True,False,True,False,False,0
19,5,2,1,53320,1.0,23,1,0.0,2,0,0,0,4.0,3.0,2.0,3,4,9.363881915388191,0,False,False,True,False,True,False,False,True,False,False,False,False,False,True,False,False,False,True,False,False,False,False,False,False,False,True,1
35,29,3,2,78230,1.0,13,1,15.0,3,14,2,9,3.0,3.0,3.0,3,3,6.240396995708154,1,True,False,False,False,True,False,False,False,False,True,False,False,True,False,False,False,False,False,False,False,False,True,False,False,True,False,0
56,20,4,3,53210,9.0,14,0,36.0,1,7,7,7,3.0,1.0,2.0,3,3,7.386081178160919,1,False,True,False,False,True,False,False,True,False,False,False,False,True,False,False,False,False,False,False,False,False,True,False,False,True,False,0
35,4,4,1,180410,3.0,20,1,15.0,3,7,1,7,3.0,1.0,3.0,2,4,8.48795238095238,0,False,False,True,False,False,True,False,False,True,False,False,False,False,True,False,False,True,False,False,False,False,False,False,False,True,False,0
30,1,4,1,53010,1.0,16,1,10.0,3,10,1,8,4.0,3.0,3.0,3,3,6.116035665294925,2,False,False,True,False,True,False,False,False,False,False,False,True,True,False,False,False,False,False,False,False,True,False,False,False,False,True,0
22,1,3,4,129360,1.0,11,2,4.0,3,4,2,2,4.0,2.0,2.0,3,3,8.528221064814817,2,False,False,True,False,True,False,False,True,False,False,False,False,True,False,True,False,False,False,False,False,False,False,False,True,False,False,0
45,19,3,3,36810,3.0,17,1,22.0,2,0,0,0,3.0,2.0,3.0,3,3,6.02348317196865,2,False,True,False,False,True,False,False,False,False,True,False,False,False,True,False,False,True,False,False,False,False,False,False,False,False,True,0
53,2,4,2,116910,4.0,20,0,35.0,2,9,8,8,4.0,2.0,2.0,3,4,6.909737654320987,1,False,False,True,False,True,False,False,False,False,False,False,True,False,True,False,False,False,True,False,False,False,False,False,False,False,True,0
19,5,2,1,53320,1.0,23,1,0.0,2,0,0,0,4.0,3.0,2.0,3,4,9.407780082987552,0,False,False,True,False,True,False,False,True,False,False,False,False,False,True,False,False,False,True,False,False,False,False,False,False,False,True,1
29,4,2,2,65400,1.0,22,0,10.0,2,10,1,2,2.0,4.0,2.0,1,4,10.8985589569161,0,False,False,True,False,False,True,False,False,False,False,True,False,True,False,True,False,False,False,False,False,False,False,False,False,True,False,0
29,29,3,1,23070,1.0,13,1,7.0,0,7,0,7,2.0,1.0,2.0,3,3,10.49205736224029,2,False,False,True,False,True,False,False,False,False,True,False,False,True,False,False,False,False,False,False,False,True,False,False,False,True,False,1
50,2,2,1,36880,0.0,11,0,19.0,3,18,0,13,4.0,3.0,3.0,2,3,6.484585106382978,1,True,False,False,True,False,False,False,True,False,False,False,False,False,True,False,False,True,False,False,False,False,False,False,False,True,False,0
44,26,3,5,47590,2.0,21,0,9.0,2,4,1,3,4.0,4.0,4.0,3,4,8.532774319963115,0,False,False,True,True,False,False,False,True,False,False,False,False,False,True,True,False,False,False,False,False,False,False,False,False,True,False,0
40,8,1,5,35440,3.0,18,3,15.0,3,11,5,10,2.0,2.0,3.0,2,3,6.187881218038122,1,False,False,True,False,True,False,False,False,False,True,False,False,True,False,False,False,False,False,False,False,True,False,False,False,True,False,0
27,13,4,1,44010,5.0,13,0,6.0,4,2,2,0,3.0,1.0,3.0,2,3,6.521139005113901,2,False,True,False,False,True,False,False,False,False,True,False,False,False,True,False,False,False,True,False,False,False,False,False,False,True,False,0
39,8,5,2,188240,6.0,19,1,10.0,4,3,1,2,1.0,3.0,3.0,3,3,6.294956521739131,2,True,False,False,False,True,False,False,False,False,True,False,False,True,False,False,False,False,False,False,False,False,False,True,False,True,False,0
48,16,3,1,97240,3.0,13,0,12.0,2,2,2,2,2.0,2.0,3.0,4,3,7.108345463367297,2,False,False,True,False,True,False,False,False,False,False,False,True,False,True,False,False,False,False,False,False,False,True,False,False,True,False,0
43,5,3,2,96990,8.0,19,1,18.0,3,8,0,1,3.0,1.0,3.0,3,3,7.083995633187772,2,False,True,False,False,True,False,False,False,False,True,False,False,True,False,False,False,True,False,False,False,False,False,False,False,True,False,0
45,14,3,1,54730,4.0,13,0,17.0,3,0,0,0,4.0,1.0,4.0,1,3,8.942251334303736,2,False,False,True,True,False,False,True,False,False,False,False,False,True,False,False,False,False,False,False,False,False,True,False,False,True,False,0
33,1,3,2,140260,1.0,12,0,1.0,4,1,0,0,2.0,3.0,2.0,3,3,6.203211805555556,2,True,False,False,False,True,False,False,True,False,False,False,False,False,True,False,False,False,False,False,False,True,False,False,True,False,False,0
32,3,4,2,97150,1.0,15,1,10.0,1,10,0,9,2.0,2.0,3.0,2,3,7.5021654846335695,2,False,False,True,False,False,True,False,True,False,False,False,False,False,True,False,False,False,False,True,False,False,False,False,False,True,False,0
42,2,3,4,110310,3.0,12,1,8.0,2,5,1,2,2.0,1.0,3.0,2,3,7.4826477541371155,2,False,False,True,False,True,False,False,False,False,True,False,False,True,False,False,False,False,True,False,False,False,False,False,True,False,False,0
37,2,3,1,40010,6.0,11,1,17.0,2,1,0,0,1.0,3.0,3.0,3,3,7.07385431568908,2,False,True,False,False,False,True,False,False,True,False,False,False,False,True,False,False,True,False,False,False,False,False,False,True,False,False,1
56,10,4,2,42580,2.0,16,0,5.0,2,3,1,0,1.0,1.0,4.0,3,3,6.627811158798283,2,False,False,True,False,True,False,False,False,False,False,True,False,False,True,False,False,False,False,False,False,False,False,True,False,True,False,0
31,7,3,2,53430,1.0,14,1,13.0,3,13,0,8,3.0,2.0,4.0,3,3,6.378153248587569,2,False,False,True,False,True,False,False,True,False,False,False,False,False,True,False,False,False,False,False,True,False,False,False,True,False,False,0
45,12,3,2,43060,2.0,11,2,26.0,3,24,1,11,1.0,2.0,3.0,3,3,9.921010536398468,1,False,False,True,True,False,False,True,False,False,False,False,False,False,True,False,False,True,False,False,False,False,False,False,False,False,True,1
53,10,4,2,20700,4.0,13,2,27.0,2,3,0,2,1.0,3.0,2.0,4,3,8.107574233716475,2,True,False,False,False,True,False,False,False,False,True,False,False,False,True,True,False,False,False,False,False,False,False,False,False,True,False,0
36,8,4,4,103880,0.0,14,0,4.0,2,3,1,2,4.0,3.0,3.0,3,3,8.009613266283525,2,True,False,False,False,True,False,False,True,False,False,False,False,False,True,False,False,True,False,False,False,False,False,False,False,True,False,0
55,7,3,3,22720,2.0,17,1,21.0,2,5,0,2,4.0,3.0,3.0,3,3,8.11400137741047,2,False,False,True,False,True,False,False,False,False,True,False,False,False,True,False,False,False,False,False,False,True,False,False,True,False,False,0
53,6,4,1,40310,3.0,12,1,26.0,3,7,4,7,4.0,3.0,3.0,2,3,5.996221993598536,1,False,False,True,False,True,False,False,True,False,False,False,False,False,True,False,False,False,False,False,True,False,False,False,True,False,False,0
23,6,4,3,103220,1.0,14,2,3.0,2,3,1,2,3.0,2.0,1.0,3,3,6.011363425925926,2,False,False,True,False,False,True,False,True,False,False,False,False,False,True,False,False,False,False,True,False,False,False,False,False,False,True,0
33,28,2,5,55610,1.0,21,1,1.0,3,1,0,0,4.0,3.0,3.0,1,4,10.470368055555555,0,False,False,True,True,False,False,True,False,False,False,False,False,True,False,False,False,False,True,False,False,False,False,False,False,False,True,1
33,16,3,1,20900,4.0,16,0,10.0,2,6,0,5,1.0,3.0,3.0,3,3,7.4132265890344495,2,False,False,True,False,True,False,False,False,False,True,False,False,True,False,False,False,True,False,False,False,False,False,False,True,False,False,0
29,18,3,2,31430,2.0,22,3,10.0,2,0,0,0,1.0,2.0,3.0,3,4,6.726156189083821,0,False,False,True,False,True,False,False,True,False,False,False,False,False,True,False,False,False,False,False,False,False,True,False,False,True,False,0
41,26,3,3,54850,2.0,17,2,7.0,2,4,0,3,2.0,3.0,2.0,3,3,10.50124360762436,2,False,False,True,False,True,False,False,False,False,True,False,False,True,False,False,False,False,False,False,False,False,True,False,False,True,False,0
26,4,3,1,32940,1.0,11,0,1.0,6,1,0,0,1.0,4.0,3.0,3,3,7.283724188790559,2,False,False,True,False,True,False,False,True,False,False,False,False,False,True,False,False,False,False,False,True,False,False,False,False,True,False,0
25,5,3,4,27560,1.0,12,2,5.0,2,5,0,3,3.0,1.0,4.0,3,3,7.8078167641325535,2,False,False,True,False,False,True,False,False,True,False,False,False,True,False,False,False,False,False,False,False,True,False,False,False,True,False,0
35,7,4,4,25530,1.0,14,1,1.0,4,1,0,0,4.0,3.0,3.0,2,3,6.57575642791552,2,False,False,True,False,False,True,False,False,False,False,True,False,True,False,True,False,False,False,False,False,False,False,False,False,True,False,0
37,7,3,1,29290,1.0,12,0,8.0,2,8,1,7,2.0,1.0,2.0,1,3,10.083961556493202,2,False,False,True,False,True,False,False,True,False,False,False,False,True,False,False,False,False,False,False,False,True,False,False,False,True,False,0
57,21,4,5,191610,2.0,18,0,15.0,2,3,1,2,4.0,3.0,3.0,1,3,6.312606927010692,2,False,False,True,False,True,False,False,True,False,False,False,False,False,True,False,False,False,False,False,False,True,False,False,False,True,False,0
31,7,3,1,52580,0.0,14,3,3.0,5,2,2,2,3.0,4.0,3.0,3,3,6.606262183235867,2,False,True,False,False,True,False,False,True,False,False,False,False,False,True,False,False,False,False,False,False,False,True,False,False,True,False,0
37,23,3,3,166590,7.0,16,1,9.0,2,6,1,3,3.0,4.0,3.0,3,3,7.974104803493449,2,False,False,True,False,True,False,False,True,False,False,False,False,False,True,False,False,False,False,True,False,False,False,False,True,False,False,0
29,4,2,2,65400,1.0,22,0,10.0,2,10,1,2,2.0,4.0,2.0,1,4,10.900306238615665,0,False,False,True,False,False,True,False,False,False,False,True,False,True,False,True,False,False,False,False,False,False,False,False,False,True,False,0
38,4,2,1,44440,1.0,13,0,20.0,2,20,0,7,4.0,2.0,3.0,3,3,10.78147737455197,1,False,True,False,False,True,False,False,False,False,True,False,False,True,False,False,False,False,True,False,False,False,False,False,True,False,False,0
26,2,2,3,53040,0.0,20,1,5.0,2,4,1,1,1.0,4.0,3.0,3,4,6.296890123456791,0,False,False,True,False,True,False,False,False,False,False,True,False,False,True,False,False,True,False,False,False,False,False,False,False,False,True,0
58,27,3,2,21870,1.0,18,1,2.0,1,2,2,2,1.0,3.0,3.0,1,3,6.035505604288499,2,False,False,True,False,True,False,False,False,False,False,True,False,False,True,False,False,True,False,False,False,False,False,False,True,False,False,0
34,1,3,2,24000,4.0,18,1,14.0,3,10,1,8,3.0,2.0,4.0,3,3,7.497001182033097,2,False,True,False,False,False,True,False,True,False,False,False,False,False,True,False,False,False,False,False,False,False,True,False,False,True,False,0
35,8,1,3,53460,0.0,14,0,6.0,3,5,0,3,2.0,3.0,4.0,2,3,7.400633569739952,2,False,False,True,False,True,False,False,False,False,False,False,True,True,False,False,False,False,False,True,False,False,False,False,False,True,False,0
32,1,1,2,27410,7.0,11,0,7.0,3,2,2,2,3.0,2.0,2.0,3,3,10.377716830754803,2,False,False,True,False,True,False,False,False,False,True,False,False,False,True,False,False,True,False,False,False,False,False,False,False,False,True,1
32,4,4,2,188440,1.0,19,0,10.0,3,10,4,7,1.0,4.0,3.0,1,3,7.808465986394558,2,False,True,False,False,False,True,False,True,False,False,False,False,False,True,False,False,False,False,False,False,False,True,False,False,True,False,0
40,6,3,1,60770,1.0,16,2,22.0,2,22,11,11,3.0,2.0,2.0,2,3,7.404682367149758,1,False,True,False,False,True,False,False,False,False,True,False,False,False,True,True,False,False,False,False,False,False,False,False,False,True,False,0
20,1,3,5,61620,1.0,12,3,1.0,2,1,1,1,4.0,3.0,3.0,2,3,8.586739526411657,2,False,False,True,False,True,False,False,True,False,False,False,False,False,True,False,False,False,False,False,False,False,False,True,False,False,True,1
49,5,4,1,34240,4.0,11,0,10.0,3,3,1,2,3.0,1.0,3.0,3,3,6.4073997584541065,2,False,False,True,False,True,False,False,True,False,False,False,False,True,False,False,False,False,False,False,False,True,False,False,False,True,False,0
28,2,3,2,21270,1.0,14,0,2.0,3,2,2,2,4.0,4.0,3.0,3,3,9.679196599616857,2,False,True,False,False,True,False,False,True,False,False,False,False,True,False,False,False,False,False,False,False,False,False,True,False,True,False,0
28,5,1,2,25590,1.0,11,0,8.0,3,8,1,7,3.0,2.0,2.0,2,3,5.973506038647343,2,False,False,True,False,True,False,False,False,False,False,False,True,False,True,False,False,True,False,False,False,False,False,False,False,True,False,0
24,15,3,2,54880,1.0,22,1,6.0,6,6,1,3,1.0,4.0,3.0,3,4,8.678833105646628,0,False,True,False,False,True,False,False,True,False,False,False,False,False,True,False,False,False,False,False,False,True,False,False,False,False,True,0
60,10,3,1,22690,5.0,18,1,33.0,4,29,11,10,1.0,1.0,1.0,3,3,6.205156544256121,1,False,False,True,False,True,False,False,True,False,False,False,False,True,False,False,False,False,False,True,False,False,False,False,False,True,False,0
23,10,3,2,64390,3.0,22,3,3.0,2,0,0,0,3.0,1.0,3.0,3,4,6.405738719068413,0,False,False,True,False,True,False,False,False,False,True,False,False,False,True,False,False,True,False,False,False,False,False,False,True,False,False,0
34,6,2,4,102480,1.0,12,1,6.0,4,6,1,3,2.0,4.0,3.0,3,3,8.906513949013949,2,False,False,True,False,False,True,False,True,False,False,False,False,False,True,False,False,False,False,False,True,False,False,False,False,True,False,0
31,8,5,5,131200,1.0,12,2,13.0,6,12,5,7,1.0,4.0,3.0,2,3,7.280066193853427,1,False,False,True,False,True,False,False,True,False,False,False,False,False,True,False,False,False,False,False,False,False,True,False,False,True,False,0
45,2,1,4,44040,0.0,23,0,9.0,2,8,3,7,4.0,2.0,4.0,3,4,7.365032467532468,0,False,False,True,False,True,False,False,False,False,True,False,False,True,False,False,False,False,False,False,False,False,True,False,False,True,False,0
33,4,2,4,47880,3.0,11,1,9.0,0,7,0,1,2.0,4.0,2.0,3,3,7.39196240421456,2,False,True,False,False,False,True,False,True,False,False,False,False,False,True,False,False,False,False,False,False,True,False,False,False,False,True,0
31,10,4,3,61250,0.0,13,1,3.0,3,2,1,2,1.0,3.0,3.0,3,3,7.180814009661836,2,False,False,True,False,True,False,False,False,False,True,False,False,True,False,False,False,False,False,False,False,False,True,False,False,True,False,0
41,16,1,1,28100,1.0,11,0,8.0,3,8,7,7,1.0,2.0,3.0,4,3,7.587908917501192,1,False,True,False,False,True,False,False,False,False,True,False,False,True,False,False,False,False,False,False,False,True,False,False,False,False,True,1
18,5,4,2,32300,1.0,12,1,0.0,3,0,0,0,2.0,4.0,3.0,3,3,6.325607126113455,2,True,False,False,False,False,True,False,False,False,False,True,False,False,True,False,False,False,True,False,False,False,False,False,False,False,True,0
26,11,3,2,22670,1.0,19,3,7.0,2,7,0,7,3.0,1.0,3.0,2,3,7.581857142857143,2,False,True,False,False,False,True,False,False,True,False,False,False,False,True,True,False,False,False,False,False,False,False,False,False,False,True,0
41,3,3,1,72600,1.0,16,0,22.0,2,22,2,10,4.0,3.0,3.0,3,3,6.168100858369098,1,False,False,True,False,True,False,False,False,False,True,False,False,False,True,False,False,False,False,True,False,False,False,False,False,True,False,0
26,8,2,2,80950,1.0,15,0,1.0,3,1,0,0,1.0,3.0,2.0,4,3,7.7896793037672865,2,False,False,True,False,False,True,False,False,True,False,False,False,False,True,False,False,False,False,False,False,False,True,False,True,False,False,1
31,9,4,2,168850,2.0,14,2,10.0,2,1,0,0,1.0,3.0,3.0,3,3,6.221997354497355,2,False,False,True,True,False,False,True,False,False,False,False,False,False,True,False,False,True,False,False,False,False,False,False,False,True,False,1
26,16,2,2,83800,0.0,14,0,8.0,3,7,7,7,3.0,4.0,3.0,4,3,6.094803383630544,2,False,True,False,False,False,True,False,True,False,False,False,False,False,True,True,False,False,False,False,False,False,False,False,False,True,False,0
39,19,4,1,20620,1.0,13,0,21.0,4,21,13,3,3.0,4.0,3.0,3,3,6.085376728659991,1,False,True,False,False,True,False,False,False,False,True,False,False,True,False,False,False,False,False,False,False,True,False,False,False,True,False,0
46,2,3,1,34200,3.0,13,2,22.0,3,2,2,1,2.0,1.0,2.0,1,3,8.01465541490858,2,False,False,True,False,False,True,False,True,False,False,False,False,True,False,False,False,False,False,False,False,True,False,False,False,False,True,0
38,6,3,2,87890,1.0,11,3,15.0,4,15,5,11,4.0,1.0,3.0,3,3,7.100772386310361,1,False,False,True,False,False,True,False,False,False,False,True,False,False,True,False,False,False,False,False,False,False,True,False,False,True,False,0
39,1,3,3,68040,8.0,14,1,13.0,3,5,0,4,4.0,4.0,3.0,2,3,6.882712018140589,2,False,False,True,False,True,False,False,False,False,False,True,False,True,False,False,True,False,False,False,False,False,False,False,False,True,False,0
48,2,1,2,28190,1.0,20,0,11.0,2,10,0,8,4.0,4.0,3.0,2,4,7.624390495867768,0,False,False,True,False,True,False,False,True,False,False,False,False,False,True,False,False,False,False,False,False,True,False,False,False,False,True,0
33,13,4,2,45680,0.0,18,1,6.0,2,5,1,2,3.0,3.0,3.0,3,3,7.282165484633569,2,False,False,True,False,False,True,False,False,True,False,False,False,True,False,False,False,False,False,True,False,False,False,False,True,False,False,0
44,16,3,1,80200,3.0,11,1,23.0,2,12,11,11,4.0,4.0,3.0,3,3,10.903012646793137,1,False,False,True,False,True,False,False,True,False,False,False,False,True,False,True,False,False,False,False,False,False,False,False,False,True,False,0
34,4,3,2,50630,6.0,12,1,12.0,2,1,0,0,3.0,2.0,3.0,3,3,6.020694444444445,2,False,False,True,False,False,True,False,False,True,False,False,False,True,False,False,False,False,False,False,False,False,False,True,True,False,False,0
28,1,2,3,44770,1.0,15,0,3.0,6,3,1,2,3.0,1.0,3.0,3,3,7.590064463197375,2,False,False,True,False,False,True,False,True,False,False,False,False,False,True,False,False,False,True,False,False,False,False,False,False,True,False,0
36,1,3,2,53090,3.0,13,0,15.0,5,5,0,1,1.0,2.0,3.0,3,3,9.39877822944896,2,False,False,True,False,True,False,False,False,False,True,False,False,False,True,False,False,False,False,False,False,False,True,False,False,False,True,0
41,17,2,1,52080,3.0,11,3,12.0,2,9,0,7,3.0,3.0,3.0,1,3,8.12291910331384,2,False,False,True,False,True,False,False,False,False,False,True,False,False,True,False,False,False,False,True,False,False,False,False,True,False,False,0
34,26,3,1,52370,1.0,19,1,10.0,3,10,5,7,4.0,4.0,3.0,2,3,6.438360254527656,1,False,False,True,False,True,False,False,False,False,True,False,False,False,True,False,False,True,False,False,False,False,False,False,False,False,True,0
40,1,1,1,42860,9.0,15,0,6.0,6,4,0,0,3.0,3.0,3.0,3,3,7.337527538314176,2,True,False,False,False,True,False,False,True,False,False,False,False,False,True,False,False,True,False,False,False,False,False,False,True,False,False,0
53,24,3,4,133200,3.0,11,0,11.0,2,4,1,2,2.0,4.0,3.0,3,3,8.02555795019157,2,False,False,True,False,True,False,False,True,False,False,False,False,False,True,False,False,False,False,False,True,False,False,False,False,True,False,0
25,25,4,2,82680,1.0,12,0,7.0,3,7,5,6,4.0,4.0,4.0,2,3,10.9408540802213,2,False,False,True,True,False,False,True,False,False,False,False,False,True,False,False,False,False,False,False,False,True,False,False,False,True,False,1
32,10,1,1,23420,4.0,12,2,9.0,2,6,0,4,4.0,1.0,3.0,3,3,7.979356167608286,2,False,False,True,False,True,False,False,False,False,True,False,False,False,True,False,False,False,False,False,False,False,True,False,False,False,True,0
32,9,4,2,57690,1.0,11,0,4.0,3,4,1,2,4.0,1.0,3.0,3,3,6.697839896858884,2,False,False,True,False,False,True,False,True,False,False,False,False,True,False,False,False,False,False,False,False,True,False,False,False,False,True,0
44,18,4,2,21190,9.0,15,0,24.0,3,20,3,6,2.0,1.0,3.0,3,3,6.177514860539553,1,False,False,True,False,True,False,False,True,False,False,False,False,True,False,False,False,False,False,False,False,False,True,False,False,True,False,1
47,2,3,2,99810,1.0,21,1,3.0,3,3,1,2,4.0,4.0,2.0,3,4,8.480695011337868,0,False,False,True,False,True,False,False,True,False,False,False,False,False,True,False,False,False,False,True,False,False,False,False,False,False,True,0
36,1,3,1,23770,6.0,13,2,15.0,3,1,0,0,2.0,3.0,3.0,3,3,7.401679505135387,2,False,False,True,True,False,False,True,False,False,False,False,False,False,True,False,False,False,False,False,False,True,False,False,False,False,True,0
32,9,2,2,35000,0.0,16,1,8.0,2,7,3,6,4.0,4.0,2.0,2,3,7.276984805318139,2,False,True,False,False,True,False,False,False,False,True,False,False,True,False,False,False,False,False,False,False,True,False,False,False,False,True,0
25,17,3,1,199260,7.0,11,3,6.0,5,4,0,1,1.0,1.0,2.0,4,3,6.398666197843413,2,False,False,True,False,True,False,False,False,False,True,False,False,False,True,False,False,True,False,False,False,False,False,False,False,False,True,0
44,24,5,1,25660,9.0,11,1,10.0,3,5,2,3,4.0,2.0,2.0,3,3,6.288274231678487,2,False,False,True,False,False,True,False,False,False,True,False,False,True,False,False,False,False,False,False,False,False,True,False,False,False,True,0
34,4,3,2,50630,6.0,12,1,12.0,2,1,0,0,3.0,2.0,3.0,3,3,5.99990506329114,2,False,False,True,False,False,True,False,False,True,False,False,False,True,False,False,False,False,False,False,False,False,False,True,True,False,False,0
30,21,1,2,104350,0.0,11,0,12.0,5,11,4,7,3.0,4.0,1.0,3,3,10.019050141242936,1,False,False,True,False,True,False,False,False,False,True,False,False,False,True,False,False,True,False,False,False,False,False,False,False,True,False,0
26,9,4,3,26930,5.0,17,3,8.0,3,0,0,0,1.0,3.0,3.0,2,3,6.0161487142164,2,False,False,True,False,True,False,False,False,False,True,False,False,False,True,True,False,False,False,False,False,False,False,False,True,False,False,0
34,26,3,1,52370,1.0,19,1,10.0,3,10,5,7,4.0,4.0,3.0,2,3,6.3876744719926535,1,False,False,True,False,True,False,False,False,False,True,False,False,False,True,False,False,True,False,False,False,False,False,False,False,False,True,0
50,4,2,4,44240,3.0,14,1,18.0,2,4,1,3,2.0,3.0,3.0,2,3,8.205001129177957,2,False,True,False,False,True,False,False,False,False,True,False,False,False,True,False,False,False,False,False,False,False,False,True,False,True,False,1
26,11,4,2,92780,0.0,20,0,5.0,3,4,0,0,4.0,3.0,3.0,3,4,7.488528985507246,0,False,False,True,False,True,False,False,False,False,True,False,False,False,True,False,False,False,True,False,False,False,False,False,False,False,True,0
46,2,3,2,165550,8.0,14,2,28.0,4,26,15,9,3.0,1.0,3.0,3,3,6.031081999029597,1,False,False,True,False,True,False,False,True,False,False,False,False,False,True,False,False,False,False,False,False,True,False,False,False,True,False,0
44,22,3,1,104530,2.0,11,1,10.0,2,3,0,2,1.0,4.0,2.0,3,3,10.991957939721097,2,False,False,True,False,True,False,False,False,False,True,False,False,True,False,False,False,True,False,False,False,False,False,False,False,True,False,0
36,27,3,4,50560,7.0,12,0,15.0,2,12,5,7,4.0,1.0,3.0,2,3,9.48172865013774,1,False,False,True,False,True,False,False,False,False,False,False,True,True,False,False,False,False,False,False,False,True,False,False,False,True,False,0
40,7,3,1,28000,3.0,12,2,8.0,0,2,2,2,4.0,4.0,3.0,2,3,8.410671296296297,2,True,False,False,False,True,False,False,False,False,True,False,False,False,True,False,False,False,False,False,False,True,False,False,True,False,False,0
47,1,3,2,68340,3.0,16,1,5.0,2,0,0,0,2.0,3.0,3.0,4,3,7.770347512784752,2,False,True,False,False,False,True,False,False,False,True,False,False,True,False,False,False,True,False,False,False,False,False,False,False,False,True,0
32,2,3,3,77560,0.0,21,0,9.0,3,8,0,7,4.0,4.0,4.0,3,4,6.489492544492544,0,False,True,False,False,False,True,False,False,True,False,False,False,False,True,False,False,True,False,False,False,False,False,False,True,False,False,0
33,9,2,5,12000,0.0,11,1,3.0,3,2,2,2,2.0,4.0,2.0,3,3,7.626725768321513,2,True,False,False,False,False,True,False,False,False,False,False,True,False,True,False,False,False,False,False,False,False,False,True,False,False,True,0
27,11,2,1,43930,1.0,18,1,8.0,2,8,0,7,2.0,2.0,3.0,2,3,6.079724499089253,2,False,False,True,False,True,False,False,False,False,True,False,False,False,True,False,False,False,True,False,False,False,False,False,False,True,False,0
35,10,4,1,26320,3.0,13,3,7.0,3,2,2,2,4.0,3.0,3.0,4,3,7.792069383794275,2,False,False,True,False,False,True,False,False,True,False,False,False,True,False,False,False,False,False,False,False,True,False,False,False,False,True,0
32,18,3,1,23890,6.0,12,1,5.0,4,3,0,2,3.0,2.0,3.0,2,3,7.082806473829201,2,True,False,False,False,False,True,False,False,True,False,False,False,False,True,False,False,True,False,False,False,False,False,False,False,True,False,0
36,24,3,3,63970,4.0,14,1,11.0,3,3,0,2,3.0,1.0,2.0,3,3,7.314436376210235,2,False,False,True,False,True,False,False,False,False,False,True,False,True,False,False,False,False,False,False,True,False,False,False,False,True,False,0
32,1,1,1,30220,1.0,16,1,6.0,3,6,0,5,1.0,4.0,2.0,3,3,9.408271604938273,2,False,False,True,False,True,False,False,True,False,False,False,False,True,False,True,False,False,False,False,False,False,False,False,False,True,False,0
34,2,3,1,103120,1.0,12,0,6.0,2,6,1,3,3.0,1.0,3.0,3,3,6.887651300236407,2,False,False,True,False,False,True,False,False,True,False,False,False,False,True,False,False,False,False,False,False,False,False,True,False,False,True,0
29,16,3,1,22100,8.0,11,1,11.0,4,7,1,6,4.0,3.0,3.0,3,3,8.028727524204703,2,False,False,True,False,True,False,False,False,False,True,False,False,True,False,False,False,False,False,True,False,False,False,False,True,False,False,0
37,1,3,3,52070,4.0,17,3,16.0,3,5,0,2,1.0,3.0,4.0,3,3,6.592121101364523,2,False,False,True,False,True,False,False,True,False,False,False,False,True,False,False,False,False,False,False,False,False,True,False,False,False,True,0
32,5,4,5,50030,0.0,13,0,10.0,5,9,1,6,4.0,2.0,2.0,3,3,6.588329889807163,2,False,False,True,False,True,False,False,False,False,False,False,True,False,True,False,False,False,False,False,False,True,False,False,True,False,False,0
25,5,2,3,26600,5.0,13,0,6.0,3,2,0,2,1.0,1.0,3.0,3,3,6.472303436911488,2,False,False,True,False,True,False,False,True,False,False,False,False,True,False,False,False,True,False,False,False,False,False,False,False,True,False,1
51,16,3,3,94390,2.0,15,3,29.0,0,20,4,17,1.0,3.0,2.0,3,3,6.081764295676429,1,False,False,True,False,False,True,False,False,False,True,False,False,False,True,False,False,False,False,False,False,True,False,False,False,True,False,0
38,7,4,2,50420,3.0,16,1,19.0,4,3,2,2,4.0,3.0,3.0,3,3,10.426072295002427,2,False,False,True,False,True,False,False,True,False,False,False,False,True,False,False,False,False,False,False,True,False,False,False,False,False,True,0
23,10,3,2,64390,3.0,22,3,3.0,2,0,0,0,3.0,1.0,3.0,3,4,6.4012121212121205,0,False,False,True,False,True,False,False,False,False,True,False,False,False,True,False,False,True,False,False,False,False,False,False,True,False,False,0
38,8,2,1,25140,3.0,11,0,15.0,2,1,1,0,2.0,4.0,3.0,2,3,9.036384335154828,2,False,False,True,False,True,False,False,False,False,False,False,True,True,False,False,False,False,False,True,False,False,False,False,False,True,False,0
29,23,3,1,79690,0.0,14,0,6.0,3,5,1,3,2.0,4.0,2.0,3,3,8.899403910348116,2,False,False,True,False,True,False,False,False,False,True,False,False,False,True,False,False,False,False,False,False,False,True,False,False,True,False,0
31,3,3,2,46210,2.0,18,1,9.0,3,5,1,4,4.0,4.0,2.0,3,3,6.496436988936988,2,False,True,False,False,False,True,False,False,True,False,False,False,False,True,False,False,False,False,False,False,False,True,False,False,False,True,0
38,1,4,2,36690,2.0,19,0,10.0,2,8,7,7,1.0,3.0,3.0,3,3,6.509626951331497,1,False,True,False,False,True,False,False,False,False,False,True,False,False,True,False,False,False,False,False,False,True,False,False,False,True,False,0
43,1,3,1,73790,7.0,13,2,21.0,3,16,6,14,1.0,3.0,3.0,2,3,6.301853764921948,1,False,False,True,False,True,False,False,True,False,False,False,False,False,True,False,False,False,False,True,False,False,False,False,False,True,False,0
40,2,3,5,24550,1.0,15,1,8.0,2,7,7,5,3.0,1.0,2.0,3,3,6.117728613569322,2,False,False,True,True,False,False,False,False,False,True,False,False,False,True,False,False,False,False,False,False,False,True,False,False,True,False,0
44,5,2,2,171590,5.0,22,1,16.0,1,2,2,2,2.0,3.0,2.0,2,4,10.292641746684955,0,False,True,False,False,True,False,False,False,False,True,False,False,True,False,False,False,False,False,False,False,True,False,False,False,False,True,0
23,2,4,2,61790,1.0,11,0,1.0,3,1,1,0,4.0,1.0,2.0,3,3,7.998599773242631,2,False,True,False,False,True,False,False,True,False,False,False,False,True,False,False,False,False,False,True,False,False,False,False,False,True,False,1
31,4,1,3,96100,0.0,11,1,6.0,2,5,1,4,3.0,3.0,3.0,2,3,5.994058070416095,2,True,False,False,False,False,True,False,False,False,True,False,False,True,False,False,False,False,False,False,False,True,False,False,False,True,False,0
36,25,3,2,55050,4.0,21,2,13.0,3,8,7,2,4.0,2.0,2.0,3,4,7.375711439287389,0,False,True,False,False,False,True,False,False,True,False,False,False,True,False,False,False,False,False,False,True,False,False,False,False,False,True,0
40,9,3,3,22380,2.0,14,0,10.0,3,1,0,0,1.0,3.0,3.0,3,3,6.885680076628352,2,False,True,False,False,False,True,False,False,True,False,False,False,False,True,False,False,False,False,True,False,False,False,False,False,False,True,0
36,4,2,2,44780,0.0,18,1,15.0,3,14,7,8,4.0,4.0,2.0,3,3,6.633445881226054,1,False,False,True,False,True,False,False,True,False,False,False,False,True,False,False,True,False,False,False,False,False,False,False,False,False,True,0
50,1,4,2,159920,3.0,14,0,5.0,3,0,0,0,4.0,3.0,3.0,3,3,10.508785612535616,2,False,True,False,False,True,False,False,False,False,True,False,False,False,True,False,False,False,False,False,False,True,False,False,False,False,True,1
33,2,3,1,87930,6.0,17,0,8.0,2,5,1,2,2.0,4.0,4.0,3,3,7.778146961063628,2,False,True,False,False,True,False,False,False,False,True,False,False,True,False,False,False,False,False,False,False,False,True,False,False,True,False,0
42,18,1,2,199990,2.0,23,1,17.0,6,5,1,3,3.0,4.0,2.0,3,4,9.614905857740586,0,False,False,True,False,True,False,False,False,False,False,False,True,True,False,False,False,False,False,False,False,True,False,False,False,True,False,0
35,2,4,2,108830,3.0,12,0,8.0,3,1,0,1,2.0,3.0,3.0,4,3,8.99865587695133,2,False,False,True,False,True,False,False,True,False,False,False,False,True,False,False,False,False,False,False,True,False,False,False,False,True,False,1
35,5,4,3,16750,1.0,16,0,3.0,6,3,0,2,1.0,4.0,2.0,2,3,7.79930669398907,2,False,False,True,False,True,False,False,False,False,True,False,False,False,True,False,False,False,True,False,False,False,False,False,False,True,False,0
36,1,3,2,33760,5.0,20,0,16.0,3,2,2,2,2.0,1.0,3.0,3,4,10.412180611785876,0,False,False,True,False,True,False,False,False,False,True,False,False,False,True,False,False,False,False,True,False,False,False,False,True,False,False,1
58,2,3,2,39680,2.0,13,2,12.0,3,5,1,2,4.0,3.0,3.0,2,3,10.92023792780122,2,True,False,False,False,True,False,False,True,False,False,False,False,False,True,False,False,False,False,True,False,False,False,False,True,False,False,0
33,9,1,3,32950,6.0,22,2,7.0,2,3,1,1,3.0,2.0,3.0,3,4,7.464012345679012,0,False,False,True,False,False,True,False,False,False,False,True,False,True,False,False,False,False,False,False,False,False,True,False,False,True,False,0
36,28,3,2,24320,4.0,22,0,7.0,4,1,0,0,4.0,4.0,3.0,1,4,7.306164990421457,0,True,False,False,True,False,False,True,False,False,False,False,False,False,True,False,False,True,False,False,False,False,False,False,False,False,True,0
55,7,3,3,50930,2.0,16,1,31.0,3,7,0,0,2.0,4.0,4.0,3,3,7.494744680851063,2,False,False,True,False,True,False,False,True,False,False,False,False,True,False,False,False,False,False,False,False,True,False,False,True,False,False,0
34,7,1,1,62880,0.0,15,1,16.0,2,15,10,10,1.0,2.0,4.0,3,3,8.512823691460056,1,False,False,True,False,True,False,False,False,False,True,False,False,False,True,False,False,False,False,False,False,True,False,False,False,False,True,1
35,1,2,2,66460,1.0,13,1,9.0,2,9,1,1,3.0,3.0,3.0,2,3,9.504919278252611,2,False,True,False,False,False,True,False,False,False,False,False,True,False,True,False,False,False,True,False,False,False,False,False,False,False,True,0
29,5,5,1,105020,3.0,12,0,11.0,4,3,1,2,4.0,1.0,3.0,2,3,7.075585399449036,2,False,False,True,False,True,False,False,True,False,False,False,False,True,False,False,False,False,False,False,False,False,True,False,False,False,True,0
49,7,3,3,53240,2.0,19,0,20.0,2,3,1,2,1.0,3.0,2.0,1,3,6.816737329434698,2,False,False,True,False,True,False,False,True,False,False,False,False,False,True,False,False,True,False,False,False,False,False,False,False,True,False,0
40,6,3,3,104820,1.0,11,1,21.0,6,21,12,8,2.0,2.0,2.0,2,3,7.906473799126638,1,False,False,True,False,False,True,False,True,False,False,False,False,False,True,False,False,False,False,True,False,False,False,False,False,False,True,0
33,23,5,1,86390,5.0,16,2,6.0,3,3,0,2,1.0,1.0,3.0,2,3,8.022934782608695,2,False,False,True,False,True,False,False,True,False,False,False,False,False,True,False,True,False,False,False,False,False,False,False,False,False,True,1
24,1,3,1,34070,1.0,15,2,6.0,2,6,1,4,2.0,4.0,3.0,2,3,8.983126503126503,2,False,False,True,False,False,True,False,False,True,False,False,False,True,False,False,False,False,False,False,False,False,True,False,False,True,False,0
60,8,2,5,53290,8.0,20,0,10.0,3,2,2,2,1.0,1.0,3.0,4,4,6.608694327238632,0,False,False,True,False,True,False,False,True,False,False,False,False,True,False,False,False,True,False,False,False,False,False,False,False,False,True,0
29,5,3,1,51300,4.0,11,0,8.0,3,3,1,2,4.0,4.0,4.0,2,3,7.402640086206896,2,False,False,True,False,True,False,False,False,False,True,False,False,False,True,False,False,False,False,False,False,True,False,False,True,False,False,0
38,3,3,2,49070,1.0,11,1,1.0,3,1,0,0,4.0,4.0,3.0,3,3,8.592567663817665,2,False,True,False,False,False,True,False,False,True,False,False,False,True,False,False,False,False,False,False,False,False,True,False,False,True,False,0
35,7,2,1,22770,1.0,12,1,3.0,2,3,1,2,4.0,1.0,3.0,3,3,6.808158014571949,2,False,False,True,False,False,True,False,True,False,False,False,False,False,True,False,False,False,False,False,False,False,True,False,False,False,True,0
24,5,4,1,178610,1.0,11,2,4.0,5,4,1,2,2.0,3.0,2.0,1,3,6.8744063421828905,2,False,False,True,False,True,False,False,False,False,False,True,False,False,True,False,False,False,False,True,False,False,False,False,False,False,True,0
35,25,1,1,54100,0.0,18,0,6.0,4,5,0,4,2.0,1.0,1.0,3,3,6.55302199074074,2,False,False,True,False,True,False,False,False,False,True,False,False,False,True,False,False,False,False,False,False,False,True,False,False,True,False,0
29,8,3,3,25870,0.0,22,2,4.0,3,3,2,2,2.0,4.0,3.0,3,4,6.909123116760829,0,False,False,True,True,False,False,False,False,False,True,False,False,False,True,False,False,False,False,False,False,False,False,True,False,False,True,0
29,29,1,1,192020,1.0,12,0,3.0,5,3,0,2,3.0,3.0,3.0,3,3,7.607713414634146,2,False,True,False,False,True,False,False,True,False,False,False,False,False,True,False,False,False,False,False,False,False,False,True,False,True,False,0
32,24,3,4,37300,1.0,25,1,8.0,4,8,6,3,3.0,1.0,4.0,3,4,7.91362037037037,0,False,False,True,False,True,False,False,True,False,False,False,False,False,True,False,False,True,False,False,False,False,False,False,False,True,False,0
38,29,2,1,39170,1.0,15,3,4.0,2,4,3,3,4.0,2.0,3.0,3,3,7.83037706855792,2,False,True,False,False,False,True,False,False,False,True,False,False,True,False,False,False,False,False,False,False,False,True,False,False,False,True,0
46,1,3,1,190810,3.0,21,0,12.0,2,9,4,7,4.0,4.0,2.0,3,4,7.237116013071895,0,False,False,True,True,False,False,False,True,False,False,False,False,True,False,False,False,True,False,False,False,False,False,False,True,False,False,0
34,13,4,3,74910,0.0,14,1,4.0,3,3,0,2,3.0,1.0,3.0,2,3,8.903581267217632,2,False,False,True,False,False,True,False,False,False,True,False,False,False,True,False,False,False,False,False,False,False,False,True,False,False,True,0
29,1,2,1,106730,1.0,13,3,1.0,2,1,0,0,3.0,3.0,3.0,3,3,6.440665053019826,2,False,False,True,False,True,False,False,False,False,True,False,False,True,False,False,False,False,False,False,False,False,True,False,False,False,True,0
41,10,2,3,79450,4.0,12,1,21.0,6,7,7,7,4.0,1.0,2.0,2,3,7.291085648148148,1,False,True,False,False,False,True,False,False,False,True,False,False,True,False,False,False,False,False,True,False,False,False,False,True,False,False,0
19,10,2,2,41870,0.0,22,1,1.0,4,0,0,0,3.0,1.0,4.0,3,4,7.514374090247453,0,False,True,False,False,True,False,False,True,False,False,False,False,False,True,True,False,False,False,False,False,False,False,False,False,False,True,1
56,3,2,2,44490,4.0,15,0,28.0,3,5,4,2,4.0,1.0,3.0,1,3,6.282283677482793,1,False,False,True,False,True,False,False,False,False,False,True,False,False,True,True,False,False,False,False,False,False,False,False,True,False,False,0
36,27,3,4,50560,7.0,12,0,15.0,2,12,5,7,4.0,1.0,3.0,2,3,9.504157210401893,1,False,False,True,False,True,False,False,False,False,False,False,True,True,False,False,False,False,False,False,False,True,False,False,False,True,False,0
42,2,2,1,21330,3.0,13,2,14.0,2,1,0,0,1.0,4.0,3.0,3,3,6.113110181311018,2,False,False,True,False,False,True,False,False,False,True,False,False,True,False,False,False,True,False,False,False,False,False,False,False,False,True,0
34,4,3,2,88470,1.0,16,0,10.0,3,10,9,6,3.0,1.0,4.0,4,3,7.220665204678363,1,False,False,True,False,False,True,False,True,False,False,False,False,False,True,False,False,False,False,False,False,True,False,False,False,False,True,0
23,20,4,1,53990,1.0,23,0,4.0,2,4,0,2,3.0,4.0,2.0,2,4,7.105291842475386,0,False,False,True,False,True,False,False,True,False,False,False,False,False,True,False,False,False,False,True,False,False,False,False,True,False,False,0
22,12,1,2,25340,0.0,11,0,4.0,1,3,1,2,4.0,3.0,4.0,3,3,6.400190058479533,2,False,False,True,True,False,False,True,False,False,False,False,False,False,True,False,False,False,False,False,False,False,True,False,False,False,True,0
32,21,3,1,44500,0.0,13,0,4.0,3,3,0,2,4.0,4.0,3.0,3,3,7.890476694915254,2,True,False,False,False,True,False,False,True,False,False,False,False,False,True,False,False,False,False,False,False,False,True,False,True,False,False,0
39,26,4,1,30670,1.0,20,1,21.0,5,21,1,6,2.0,3.0,3.0,1,4,8.98591836734694,0,False,True,False,False,True,False,False,False,False,False,False,True,True,False,False,False,False,False,False,False,False,True,False,True,False,False,0
34,8,1,3,25850,3.0,12,0,9.0,5,4,0,1,4.0,4.0,2.0,3,3,9.212509298000928,2,False,False,True,False,True,False,False,True,False,False,False,False,True,False,False,False,True,False,False,False,False,False,False,False,True,False,0
55,1,4,1,67990,3.0,11,0,12.0,2,10,0,8,2.0,4.0,3.0,3,3,9.362002074688798,1,False,False,True,False,True,False,False,False,False,False,True,False,True,False,False,False,False,False,False,False,True,False,False,False,True,False,0
48,8,1,2,53760,7.0,13,1,21.0,3,3,0,2,4.0,1.0,1.0,4,3,7.0068008072174734,2,False,False,True,False,True,False,False,False,False,True,False,False,False,True,False,False,True,False,False,False,False,False,False,False,True,False,0
42,3,4,1,10910,2.0,22,0,16.0,0,1,0,0,1.0,4.0,3.0,1,4,6.323136473429951,0,False,False,True,False,True,False,False,True,False,False,False,False,False,True,False,False,False,True,False,False,False,False,False,False,False,True,0
39,18,2,2,28360,0.0,20,0,6.0,3,5,0,3,3.0,1.0,3.0,2,4,7.722481634527089,0,False,False,True,False,True,False,False,True,False,False,False,False,False,True,False,False,True,False,False,False,False,False,False,False,False,True,1
34,14,4,3,88340,4.0,13,1,15.0,1,11,5,10,3.0,2.0,4.0,3,3,6.784612048757618,1,False,True,False,False,False,True,False,False,False,True,False,False,True,False,False,False,False,False,False,False,True,False,False,True,False,False,0
25,7,2,1,86330,1.0,19,1,5.0,2,5,1,3,2.0,4.0,3.0,4,3,10.906502415458936,2,False,False,True,True,False,False,True,False,False,False,False,False,False,True,False,False,False,False,True,False,False,False,False,False,False,True,0
36,16,2,1,12810,2.0,11,0,17.0,2,15,6,13,1.0,1.0,2.0,3,3,6.086681839402428,1,False,True,False,False,False,True,False,True,False,False,False,False,False,True,False,False,False,False,False,False,True,False,False,False,True,False,0
31,24,1,3,44400,1.0,13,1,4.0,2,4,3,2,4.0,1.0,3.0,3,3,7.1278874269005845,2,False,False,True,False,True,False,False,False,False,True,False,False,False,True,False,False,True,False,False,False,False,False,False,False,True,False,0
27,22,4,1,22060,0.0,14,1,6.0,4,5,0,3,1.0,3.0,2.0,3,3,7.887926545792654,2,False,False,True,False,False,True,False,False,False,True,False,False,False,True,False,False,False,False,False,False,False,False,True,True,False,False,0
50,8,4,2,49410,5.0,11,1,30.0,3,4,0,3,3.0,3.0,3.0,1,3,6.410002354048964,2,False,False,True,False,True,False,False,True,False,False,False,False,False,True,False,False,False,False,False,False,False,True,False,False,True,False,0
58,10,4,1,29360,2.0,13,1,23.0,3,2,2,2,1.0,3.0,3.0,3,3,9.615240362811791,2,False,True,False,False,True,False,False,False,False,False,False,True,True,False,False,False,False,False,False,False,False,False,True,False,True,False,0
43,7,2,2,65000,8.0,23,0,10.0,3,1,0,0,3.0,1.0,2.0,3,4,7.199790748898678,0,False,False,True,False,True,False,False,True,False,False,False,False,True,False,False,False,False,True,False,False,False,False,False,False,True,False,0
37,29,4,1,78800,3.0,12,1,9.0,2,4,0,2,3.0,3.0,2.0,4,3,8.004658469945356,2,False,False,True,False,True,False,False,False,False,False,False,True,False,True,False,False,True,False,False,False,False,False,False,False,True,False,0
40,1,4,2,69320,1.0,13,0,5.0,5,5,1,2,4.0,1.0,3.0,3,3,6.491637115839243,2,False,False,True,False,True,False,False,True,False,False,False,False,False,True,False,False,True,False,False,False,False,False,False,False,True,False,0
35,29,3,2,78230,1.0,13,1,15.0,3,14,2,9,3.0,3.0,3.0,3,3,6.191809178743962,1,True,False,False,False,True,False,False,False,False,True,False,False,True,False,False,False,False,False,False,False,False,True,False,False,True,False,0
35,19,3,1,21450,1.0,13,0,10.0,6,10,0,8,3.0,3.0,4.0,2,3,5.994657943067034,2,False,True,False,False,True,False,False,True,False,False,False,False,True,False,False,False,False,False,False,False,False,True,False,False,False,True,0
38,2,3,1,44480,9.0,12,0,10.0,3,2,1,2,4.0,4.0,3.0,2,3,6.8312753623188405,2,False,False,True,False,False,True,False,False,True,False,False,False,True,False,False,False,False,True,False,False,False,False,False,True,False,False,0
40,16,4,1,36330,3.0,16,2,10.0,0,4,0,3,1.0,1.0,1.0,3,3,10.53904878618114,2,False,False,True,False,False,True,False,False,True,False,False,False,False,True,False,False,False,False,False,True,False,False,False,False,False,True,1
32,21,3,1,44500,0.0,13,0,4.0,3,3,0,2,4.0,4.0,3.0,3,3,7.885713245997089,2,True,False,False,False,True,False,False,True,False,False,False,False,False,True,False,False,False,False,False,False,False,True,False,True,False,False,0
46,1,2,2,97140,1.0,22,0,9.0,0,9,4,7,3.0,4.0,3.0,3,4,6.212327423167848,0,False,False,True,False,False,True,False,False,False,True,False,False,True,False,False,False,False,False,False,False,True,False,False,False,False,True,1
30,12,4,2,49500,1.0,12,2,1.0,3,1,0,0,2.0,4.0,2.0,3,3,7.718414893617021,2,False,False,True,False,False,True,False,True,False,False,False,False,True,False,False,False,False,False,False,False,False,True,False,False,False,True,1
54,10,3,4,37610,3.0,12,0,26.0,3,14,1,12,2.0,4.0,3.0,2,3,6.972867149758455,1,False,True,False,False,False,True,False,True,False,False,False,False,True,False,False,False,False,False,False,False,True,False,False,True,False,False,0
35,8,1,3,53460,0.0,14,0,6.0,3,5,0,3,2.0,3.0,4.0,2,3,7.404206871345028,2,False,False,True,False,True,False,False,False,False,False,False,True,True,False,False,False,False,False,True,False,False,False,False,False,True,False,0
44,10,3,3,25190,0.0,21,2,23.0,2,22,1,10,2.0,4.0,2.0,3,4,8.81188775510204,0,False,False,True,False,True,False,False,False,False,False,False,True,False,True,False,False,False,True,False,False,False,False,False,True,False,False,0
36,21,3,2,23290,3.0,15,0,9.0,2,3,0,2,1.0,1.0,3.0,3,3,9.190074696545286,2,False,True,False,False,False,True,False,True,False,False,False,False,False,True,False,True,False,False,False,False,False,False,False,False,True,False,0
36,5,3,3,54050,4.0,14,0,10.0,2,8,7,7,3.0,2.0,3.0,3,3,6.193597768073752,1,False,False,True,False,False,True,False,False,False,False,False,True,False,True,False,False,False,False,False,False,False,True,False,False,False,True,0
55,2,3,2,75470,7.0,16,0,31.0,2,9,6,2,3.0,1.0,4.0,2,3,6.1019621749408985,1,True,False,False,False,True,False,False,False,False,True,False,False,True,False,False,False,False,True,False,False,False,False,False,False,False,True,0
30,3,2,3,11290,9.0,19,0,3.0,2,1,0,0,3.0,4.0,3.0,2,3,8.186094702297234,2,False,True,False,False,False,True,False,False,True,False,False,False,False,True,False,False,False,False,False,False,True,False,False,False,False,True,1
46,3,4,1,42720,7.0,13,0,24.0,3,2,2,2,3.0,4.0,3.0,4,3,9.994054373522458,2,False,False,True,False,False,True,False,False,True,False,False,False,True,False,False,False,False,False,False,False,False,False,True,True,False,False,0
27,29,1,2,43250,1.0,14,0,9.0,2,9,1,7,4.0,1.0,2.0,2,3,7.345515705578996,2,False,True,False,False,True,False,False,True,False,False,False,False,False,True,False,False,False,False,True,False,False,False,False,True,False,False,0
54,2,4,2,89380,7.0,11,3,19.0,2,1,0,0,3.0,3.0,3.0,3,3,7.706647834274952,2,False,False,True,False,True,False,False,False,False,True,False,False,False,True,False,True,False,False,False,False,False,False,False,False,False,True,0
39,4,4,1,134020,7.0,14,1,18.0,1,7,1,7,1.0,4.0,3.0,3,3,8.016600694444444,2,False,False,True,False,True,False,False,True,False,False,False,False,False,True,False,False,False,False,False,False,False,True,False,False,False,True,0
36,2,4,1,27250,9.0,21,1,18.0,4,16,5,12,3.0,2.0,3.0,2,4,10.607794995408632,0,False,False,True,False,True,False,False,False,False,True,False,False,False,True,True,False,False,False,False,False,False,False,False,False,False,True,0
29,2,4,2,28750,1.0,11,0,1.0,3,1,0,0,3.0,1.0,3.0,3,3,6.806472222222223,2,False,True,False,True,False,False,True,False,False,False,False,False,False,True,False,False,False,False,False,False,False,True,False,False,False,True,1
33,8,2,2,161840,0.0,13,1,10.0,2,9,0,8,4.0,3.0,3.0,4,3,11.030960351377018,2,False,False,True,False,True,False,False,True,False,False,False,False,True,False,False,False,False,False,False,False,True,False,False,True,False,False,0
28,10,3,3,135910,5.0,20,1,6.0,2,2,2,2,3.0,3.0,3.0,3,4,7.7038185654008435,0,False,False,True,False,True,False,False,True,False,False,False,False,True,False,False,False,False,True,False,False,False,False,False,True,False,False,0
35,18,5,2,65380,2.0,16,1,15.0,3,7,6,4,3.0,2.0,4.0,3,3,6.91156457739791,2,False,False,True,False,True,False,False,False,False,True,False,False,True,False,False,False,False,False,False,False,True,False,False,True,False,False,0
28,29,2,2,68520,1.0,18,1,1.0,2,1,0,0,2.0,2.0,3.0,4,3,6.993290686952513,2,False,False,True,False,True,False,False,True,False,False,False,False,False,True,False,False,True,False,False,False,False,False,False,False,True,False,0
24,3,3,1,14160,1.0,15,1,6.0,3,6,1,2,2.0,1.0,4.0,2,3,5.991006944444444,2,False,False,True,False,True,False,False,True,False,False,False,False,True,False,False,False,False,False,False,False,True,False,False,True,False,False,0
24,5,1,1,43350,1.0,15,1,5.0,5,5,0,3,4.0,3.0,3.0,3,3,9.67537900188324,2,False,False,True,False,True,False,False,False,False,False,True,False,False,True,False,False,False,False,True,False,False,False,False,False,True,False,0
40,3,2,1,43420,3.0,11,1,11.0,6,8,0,7,3.0,3.0,4.0,2,3,6.365344868173258,2,True,False,False,False,False,True,False,True,False,False,False,False,False,True,False,False,False,False,False,False,False,True,False,True,False,False,0
35,16,2,3,25440,0.0,13,1,17.0,3,16,0,13,3.0,2.0,3.0,4,3,7.913146945646946,1,False,False,True,False,False,True,False,False,False,False,False,True,False,True,False,False,False,True,False,False,False,False,False,False,False,True,0
37,7,2,1,20280,1.0,16,1,9.0,3,9,7,7,1.0,2.0,3.0,3,3,7.50663439372983,1,True,False,False,False,True,False,False,False,False,True,False,False,False,True,False,False,False,False,False,False,False,True,False,True,False,False,0
30,20,3,1,25230,3.0,13,1,7.0,2,2,0,2,4.0,3.0,3.0,3,3,7.160638075313808,2,False,False,True,False,True,False,False,False,False,True,False,False,False,True,False,False,True,False,False,False,False,False,False,False,True,False,0
44,5,3,5,43820,7.0,16,2,11.0,2,1,0,0,1.0,3.0,2.0,3,3,7.5813290229885055,2,False,True,False,False,True,False,False,True,False,False,False,False,True,False,False,False,False,False,True,False,False,False,False,False,True,False,0
35,1,2,2,109380,6.0,14,2,12.0,2,10,0,8,4.0,4.0,3.0,1,3,7.291010768477729,2,False,False,True,False,False,True,False,True,False,False,False,False,True,False,True,False,False,False,False,False,False,False,False,True,False,False,0
34,1,4,4,41980,1.0,22,1,16.0,2,16,2,10,1.0,3.0,3.0,2,4,7.589314128943759,0,False,False,True,False,True,False,False,False,False,False,True,False,False,True,False,False,True,False,False,False,False,False,False,False,False,True,0
25,5,3,4,27560,1.0,12,2,5.0,2,5,0,3,3.0,1.0,4.0,3,3,7.795277777777779,2,False,False,True,False,False,True,False,False,True,False,False,False,True,False,False,False,False,False,False,False,True,False,False,False,True,False,0
23,2,4,2,49360,0.0,19,1,5.0,2,4,1,2,1.0,3.0,3.0,2,3,7.709598765432099,2,False,False,True,False,True,False,False,False,False,True,False,False,True,False,False,False,False,True,False,False,False,False,False,False,False,True,0
34,28,4,5,103250,1.0,11,1,9.0,3,9,7,2,3.0,4.0,3.0,2,3,6.067014814814814,2,False,True,False,False,False,True,False,False,True,False,False,False,False,True,False,False,False,False,True,False,False,False,False,True,False,False,0
33,9,1,3,32950,6.0,22,2,7.0,2,3,1,1,3.0,2.0,3.0,3,4,7.508465829846584,0,False,False,True,False,False,True,False,False,False,False,True,False,True,False,False,False,False,False,False,False,False,True,False,False,True,False,0
30,8,2,1,63920,1.0,21,1,11.0,2,11,10,8,3.0,4.0,3.0,4,4,7.580297291092746,0,False,False,True,False,False,True,False,False,False,False,False,True,False,True,False,False,False,False,False,False,False,False,True,False,True,False,0
33,10,2,2,34200,1.0,14,0,8.0,3,8,3,0,4.0,3.0,3.0,3,3,9.49848816029144,2,False,True,False,False,True,False,False,False,False,True,False,False,False,True,False,False,False,False,False,False,True,False,False,False,True,False,0
26,3,2,4,24360,1.0,24,0,3.0,2,3,0,2,1.0,4.0,1.0,4,4,6.281751101321586,0,False,False,True,False,True,False,False,False,False,True,False,False,True,False,True,False,False,False,False,False,False,False,False,True,False,False,0
49,6,5,2,23420,3.0,18,0,20.0,2,4,1,3,1.0,1.0,3.0,3,3,7.083067226890757,2,False,True,False,False,False,True,False,False,False,True,False,False,True,False,True,False,False,False,False,False,False,False,False,False,False,True,1
44,3,4,2,47070,1.0,17,0,26.0,4,25,14,13,3.0,1.0,2.0,1,3,7.800247973295183,1,False,False,True,False,True,False,False,True,False,False,False,False,False,True,False,False,False,False,False,False,True,False,False,True,False,False,0
30,9,3,1,95820,0.0,12,1,10.0,2,9,0,7,4.0,1.0,3.0,3,3,6.204518762183236,2,False,True,False,False,False,True,False,True,False,False,False,False,False,True,False,False,False,False,False,True,False,False,False,False,False,True,0
40,6,2,3,43320,7.0,14,2,8.0,3,5,1,3,4.0,2.0,3.0,2,3,6.71229196217494,2,False,False,True,False,True,False,False,False,False,True,False,False,False,True,False,False,False,False,False,False,True,False,False,True,False,False,0
35,29,3,3,50030,9.0,15,0,10.0,2,1,0,0,3.0,2.0,3.0,3,3,7.713648526077098,2,False,False,True,False,True,False,False,True,False,False,False,False,True,False,False,False,False,False,False,False,False,True,False,False,False,True,0
36,3,2,4,178610,2.0,18,0,17.0,2,7,7,7,3.0,1.0,3.0,2,3,8.00474648229015,1,False,False,True,False,False,True,False,False,True,False,False,False,False,True,True,False,False,False,False,False,False,False,False,True,False,False,0
40,2,4,3,167520,2.0,18,1,8.0,3,3,1,2,3.0,3.0,4.0,3,3,6.513810185185185,2,False,False,True,False,True,False,False,True,False,False,False,False,False,True,False,False,True,False,False,False,False,False,False,True,False,False,0
30,7,3,2,14830,5.0,13,0,12.0,3,0,0,0,3.0,4.0,2.0,3,3,9.370607856810786,2,False,False,True,False,True,False,False,False,False,False,False,True,False,True,False,False,False,False,False,True,False,False,False,False,False,True,0
38,10,3,4,181720,6.0,12,2,6.0,5,1,0,1,4.0,3.0,1.0,3,3,10.90283052039381,2,False,False,True,False,False,True,False,False,False,True,False,False,False,True,False,False,True,False,False,False,False,False,False,False,True,False,0
47,1,4,2,42490,2.0,13,1,25.0,2,17,12,11,1.0,3.0,3.0,2,3,7.778402777777777,1,False,False,True,False,True,False,False,True,False,False,False,False,False,True,False,False,False,False,False,False,False,True,False,False,False,True,0
36,28,1,2,48980,4.0,13,1,12.0,3,7,0,7,1.0,4.0,3.0,3,3,6.763366620752985,2,True,False,False,False,False,True,False,True,False,False,False,False,False,True,False,False,False,False,False,False,True,False,False,True,False,False,0
54,24,3,1,26000,3.0,14,0,36.0,5,10,4,7,2.0,3.0,3.0,3,3,7.590807217473884,1,False,False,True,False,False,True,False,False,True,False,False,False,False,True,False,False,True,False,False,False,False,False,False,False,True,False,0
60,17,4,1,40250,3.0,13,1,19.0,5,1,0,0,3.0,4.0,4.0,2,3,6.2356461611826415,2,False,False,True,False,False,True,False,False,False,True,False,False,False,True,False,False,False,True,False,False,False,False,False,True,False,False,0
32,2,4,2,41480,7.0,15,0,10.0,0,5,0,4,1.0,1.0,4.0,2,3,7.901718319559229,2,False,False,True,False,True,False,False,True,False,False,False,False,True,False,False,False,False,False,False,True,False,False,False,False,False,True,1
35,3,4,2,32940,0.0,11,0,6.0,2,5,0,3,1.0,2.0,3.0,3,3,7.505974616858237,2,False,False,True,True,False,False,True,False,False,False,False,False,False,True,False,False,False,True,False,False,False,False,False,False,True,False,0
46,8,3,4,40710,3.0,13,0,28.0,5,7,7,7,3.0,2.0,2.0,3,3,10.77499403910348,1,False,False,True,False,True,False,False,True,False,False,False,False,True,False,False,False,False,False,False,True,False,False,False,False,True,False,0
33,3,3,1,43730,4.0,14,0,7.0,3,1,0,0,3.0,4.0,3.0,3,3,6.528365606270171,2,False,False,True,False,False,True,False,False,False,True,False,False,False,True,False,False,False,False,True,False,False,False,False,False,False,True,0
43,14,3,1,37480,7.0,14,2,8.0,3,3,1,2,4.0,4.0,3.0,2,3,7.727606039649607,2,False,True,False,False,False,True,False,True,False,False,False,False,True,False,False,False,False,False,True,False,False,False,False,False,True,False,0
58,3,3,1,52060,4.0,11,3,9.0,4,1,0,0,2.0,2.0,2.0,1,3,9.95375347222222,2,False,False,True,False,False,True,False,False,True,False,False,False,True,False,False,False,False,False,False,False,True,False,False,False,True,False,0
50,1,4,2,159920,3.0,14,0,5.0,3,0,0,0,4.0,3.0,3.0,3,3,10.509589834515369,2,False,True,False,False,True,False,False,False,False,True,False,False,False,True,False,False,False,False,False,False,True,False,False,False,False,True,1
38,9,3,1,52040,3.0,13,1,10.0,2,6,1,2,3.0,3.0,3.0,3,3,6.928822640632263,2,False,True,False,False,False,True,False,False,True,False,False,False,False,True,False,False,False,False,True,False,False,False,False,False,True,False,0
29,19,4,3,17900,5.0,16,1,6.0,4,2,1,1,3.0,2.0,4.0,2,3,6.605290249433106,2,False,False,True,False,True,False,False,True,False,False,False,False,False,True,False,False,False,False,False,False,True,False,False,False,True,False,1
25,20,5,2,85000,4.0,12,0,6.0,2,2,1,2,3.0,2.0,3.0,3,3,6.186274717514125,2,False,False,True,False,False,True,False,False,False,True,False,False,True,False,False,False,True,False,False,False,False,False,False,False,True,False,0
33,10,3,4,67280,7.0,22,0,15.0,2,7,7,7,2.0,3.0,4.0,2,4,8.488653757491932,0,False,False,True,False,True,False,False,True,False,False,False,False,True,False,False,False,False,False,False,True,False,False,False,False,True,False,1
30,3,2,2,28620,5.0,14,0,9.0,2,6,0,1,3.0,1.0,2.0,2,3,7.008028017241379,2,False,True,False,False,False,True,False,False,False,True,False,False,False,True,True,False,False,False,False,False,False,False,False,False,False,True,1
24,22,3,1,29350,0.0,14,2,3.0,5,2,2,1,4.0,4.0,3.0,2,3,5.974057710727969,2,False,True,False,False,False,True,False,True,False,False,False,False,True,False,True,False,False,False,False,False,False,False,False,False,True,False,0
49,7,3,2,50940,3.0,15,0,29.0,5,8,0,7,3.0,2.0,3.0,3,3,6.893671139359699,1,False,False,True,False,True,False,False,False,False,False,False,True,True,False,False,False,False,False,False,False,False,True,False,True,False,False,0
29,7,1,1,21800,1.0,21,0,4.0,2,4,0,1,3.0,4.0,2.0,3,4,8.36599815583218,0,False,False,True,False,True,False,False,True,False,False,False,False,True,False,False,False,False,False,False,False,True,False,False,False,False,True,1
31,20,1,3,99070,2.0,13,1,6.0,3,5,0,3,3.0,4.0,3.0,2,3,9.10676530612245,2,False,False,True,False,True,False,False,False,False,False,False,True,True,False,False,False,False,False,False,False,True,False,False,False,True,False,0
27,8,4,5,21070,0.0,13,0,6.0,2,5,0,2,4.0,4.0,2.0,3,3,10.206041092745638,2,False,True,False,False,False,True,False,True,False,False,False,False,False,True,False,False,False,False,False,False,True,False,False,False,False,True,0
37,9,4,2,20860,4.0,14,0,17.0,3,3,1,0,4.0,3.0,2.0,3,3,8.882879515317788,2,False,False,True,False,False,True,False,False,True,False,False,False,True,False,False,False,True,False,False,False,False,False,False,False,True,False,0
50,10,1,1,52490,9.0,21,2,32.0,2,5,1,3,4.0,4.0,2.0,2,4,7.395396486229819,0,False,False,True,False,False,True,False,True,False,False,False,False,True,False,False,False,False,False,True,False,False,False,False,True,False,False,0
26,2,2,2,20800,0.0,13,0,8.0,6,7,7,6,3.0,1.0,2.0,4,3,6.794783406754772,2,False,False,True,False,True,False,False,True,False,False,False,False,False,True,False,False,False,False,False,False,True,False,False,False,False,True,0
36,1,3,5,196360,1.0,12,1,10.0,3,10,9,0,2.0,3.0,3.0,3,3,6.397997635933806,2,False,False,True,False,True,False,False,False,False,True,False,False,True,False,True,False,False,False,False,False,False,False,False,False,True,False,0
35,6,3,3,135820,1.0,17,1,1.0,3,1,0,1,3.0,4.0,2.0,2,3,7.355165198237885,2,False,False,True,False,False,True,False,False,True,False,False,False,True,False,False,False,False,False,False,False,False,False,True,False,True,False,0
37,9,4,2,20860,4.0,14,0,17.0,3,3,1,0,4.0,3.0,2.0,3,3,8.928014571948998,2,False,False,True,False,False,True,False,False,True,False,False,False,True,False,False,False,True,False,False,False,False,False,False,False,True,False,0
48,2,3,2,197400,3.0,14,0,24.0,2,22,4,7,4.0,4.0,3.0,4,3,7.185576131687243,1,False,True,False,False,True,False,False,True,False,False,False,False,False,True,False,False,False,False,False,True,False,False,False,True,False,False,0
38,25,3,2,163280,1.0,17,3,10.0,2,10,9,9,4.0,4.0,3.0,3,3,6.241581196581197,1,False,True,False,False,True,False,False,False,False,True,False,False,False,True,False,False,False,False,True,False,False,False,False,False,False,True,0
32,23,1,3,24680,0.0,11,0,4.0,2,3,1,2,4.0,3.0,1.0,3,3,10.176452546296298,2,False,False,True,False,False,True,False,True,False,False,False,False,False,True,True,False,False,False,False,False,False,False,False,False,False,True,1
54,23,3,1,136030,8.0,13,1,22.0,2,10,0,8,3.0,3.0,3.0,3,3,6.600274276377218,1,False,False,True,False,False,True,False,False,False,True,False,False,True,False,False,False,True,False,False,False,False,False,False,False,True,False,0
32,3,4,2,97150,1.0,15,1,10.0,1,10,0,9,2.0,2.0,3.0,2,3,7.515204011065007,2,False,False,True,False,False,True,False,True,False,False,False,False,False,True,False,False,False,False,True,False,False,False,False,False,True,False,0
39,6,3,1,28510,9.0,15,0,9.0,2,5,0,3,3.0,2.0,2.0,3,3,6.19212518195051,2,True,False,False,False,True,False,False,True,False,False,False,False,False,True,False,False,True,False,False,False,False,False,False,False,False,True,0
29,19,4,3,17900,5.0,16,1,6.0,4,2,1,1,3.0,2.0,4.0,2,3,6.599958576998051,2,False,False,True,False,True,False,False,True,False,False,False,False,False,True,False,False,False,False,False,False,True,False,False,False,True,False,1
45,3,3,2,37600,0.0,14,1,10.0,2,9,3,8,2.0,4.0,2.0,2,3,7.106643709825528,1,False,False,True,False,True,False,False,False,False,True,False,False,True,False,False,False,False,False,False,False,False,True,False,False,True,False,0
31,2,2,2,53960,7.0,17,1,3.0,2,1,0,0,3.0,4.0,4.0,1,3,7.686837068160597,2,False,True,False,False,True,False,False,False,False,True,False,False,True,False,False,False,False,False,True,False,False,False,False,False,False,True,1
31,10,3,1,53040,1.0,17,0,2.0,3,2,2,2,3.0,3.0,2.0,4,3,7.059042185338866,2,False,True,False,False,False,True,False,False,False,False,False,True,True,False,False,False,False,False,False,True,False,False,False,False,True,False,1
36,22,4,1,29500,4.0,14,0,8.0,1,6,0,0,2.0,4.0,2.0,2,3,6.304837369420703,2,False,False,True,False,True,False,False,True,False,False,False,False,False,True,True,False,False,False,False,False,False,False,False,False,True,False,0
28,7,3,1,96370,1.0,13,0,5.0,6,5,0,2,4.0,4.0,3.0,2,3,6.709665977961433,2,False,False,True,False,True,False,False,False,False,False,True,False,False,True,False,True,False,False,False,False,False,False,False,False,False,True,0
43,16,2,1,67820,0.0,16,1,10.0,2,9,1,8,2.0,4.0,3.0,3,3,6.0869706284153,2,False,False,True,False,False,True,False,False,True,False,False,False,True,False,False,False,True,False,False,False,False,False,False,False,False,True,0
26,3,3,2,139640,1.0,11,2,5.0,1,5,1,3,1.0,3.0,3.0,2,3,7.712686372269705,2,False,True,False,False,True,False,False,False,False,True,False,False,False,True,False,False,True,False,False,False,False,False,False,True,False,False,0
35,15,4,2,19040,1.0,22,1,10.0,4,10,7,7,3.0,4.0,3.0,3,4,8.58257491931766,0,False,False,True,False,True,False,False,True,False,False,False,False,False,True,False,False,False,False,False,False,True,False,False,False,False,True,1
54,9,3,1,196130,2.0,17,0,23.0,5,5,4,4,4.0,4.0,3.0,3,3,8.143079710144928,1,True,False,False,False,True,False,False,True,False,False,False,False,False,True,False,False,True,False,False,False,False,False,False,False,False,True,0
33,4,2,4,47880,3.0,11,1,9.0,0,7,0,1,2.0,4.0,2.0,3,3,7.389129709108249,2,False,True,False,False,False,True,False,True,False,False,False,False,False,True,False,False,False,False,False,False,True,False,False,False,False,True,0
40,1,1,1,22130,1.0,17,0,21.0,4,20,4,9,3.0,3.0,4.0,3,3,6.024019323671497,1,False,False,True,False,True,False,False,True,False,False,False,False,False,True,True,False,False,False,False,False,False,False,False,False,False,True,0
37,1,3,2,41270,2.0,13,1,15.0,2,5,0,2,1.0,4.0,3.0,3,3,11.014328139114726,2,True,False,False,False,True,False,False,False,False,True,False,False,False,True,False,False,False,False,False,False,False,True,False,True,False,False,0
37,1,3,4,54290,1.0,17,1,16.0,3,16,6,8,3.0,4.0,3.0,3,3,9.395383881735814,1,False,False,True,False,True,False,False,True,False,False,False,False,True,False,False,False,False,False,False,False,False,True,False,False,True,False,0
27,10,3,1,29560,8.0,13,0,9.0,6,7,0,7,4.0,1.0,1.0,3,3,7.493230676328502,2,False,False,True,False,True,False,False,True,False,False,False,False,True,False,False,False,True,False,False,False,False,False,False,False,False,True,0
46,1,4,3,99570,4.0,20,0,13.0,1,10,0,3,3.0,4.0,2.0,3,4,9.827860750360752,0,False,False,True,False,True,False,False,False,False,False,False,True,True,False,False,False,False,False,False,False,False,True,False,True,False,False,0
50,2,4,4,83760,5.0,14,3,29.0,2,27,13,8,2.0,3.0,2.0,3,3,9.482685569386812,1,False,False,True,False,False,True,False,False,True,False,False,False,True,False,False,False,False,False,False,False,True,False,False,True,False,False,0
33,3,2,1,49360,0.0,14,0,6.0,2,5,0,3,1.0,1.0,3.0,2,3,8.961151761517616,2,False,False,True,False,True,False,False,True,False,False,False,False,False,True,False,False,False,False,False,False,False,True,False,False,False,True,1
33,3,3,1,43730,4.0,14,0,7.0,3,1,0,0,3.0,4.0,3.0,3,3,6.460929038281979,2,False,False,True,False,False,True,False,False,False,True,False,False,False,True,False,False,False,False,True,False,False,False,False,False,False,True,0
35,1,2,2,66460,1.0,13,1,9.0,2,9,1,1,3.0,3.0,3.0,2,3,9.53671522131888,2,False,True,False,False,False,True,False,False,False,False,False,True,False,True,False,False,False,True,False,False,False,False,False,False,False,True,0
31,3,2,3,77560,1.0,15,2,6.0,3,5,0,2,1.0,3.0,3.0,4,3,7.606590702947845,2,False,False,True,False,True,False,False,True,False,False,False,False,False,True,False,False,True,False,False,False,False,False,False,False,True,False,0
44,10,3,3,25190,0.0,21,2,23.0,2,22,1,10,2.0,4.0,2.0,3,4,8.780374942844077,0,False,False,True,False,True,False,False,False,False,False,False,True,False,True,False,False,False,True,False,False,False,False,False,True,False,False,0
21,3,1,1,170990,1.0,14,1,3.0,2,2,2,2,3.0,4.0,3.0,3,3,7.8922585034013615,2,False,False,True,False,True,False,False,True,False,False,False,False,True,False,False,False,True,False,False,False,False,False,False,False,False,True,0
36,14,3,2,39290,0.0,24,0,6.0,6,5,0,3,1.0,1.0,3.0,2,4,7.627617880485528,0,False,False,True,False,True,False,False,False,False,False,True,False,False,True,False,False,False,False,False,False,True,False,False,False,True,False,0
41,20,4,2,102090,1.0,13,1,23.0,2,22,15,8,2.0,3.0,3.0,3,3,6.006660855416086,1,False,False,True,False,False,True,False,False,True,False,False,False,False,True,False,False,False,False,False,False,False,True,False,False,True,False,1
27,3,2,2,135770,1.0,12,1,6.0,2,5,1,2,2.0,2.0,2.0,3,3,7.282654195011339,2,False,False,True,False,False,True,False,False,False,False,False,True,False,True,True,False,False,False,False,False,False,False,False,False,True,False,0
40,28,2,1,167040,9.0,22,0,5.0,2,3,0,2,4.0,4.0,1.0,4,4,6.102570048309179,0,True,False,False,False,True,False,False,True,False,False,False,False,False,True,False,False,False,False,True,False,False,False,False,False,True,False,0
24,2,5,3,47680,2.0,11,1,6.0,2,2,2,0,2.0,4.0,2.0,2,3,9.67660063752277,2,False,False,True,True,False,False,True,False,False,False,False,False,False,True,False,False,False,False,False,False,False,True,False,False,True,False,1
40,11,3,2,70050,1.0,20,2,21.0,2,20,9,9,4.0,3.0,3.0,3,4,6.1997328154425615,1,False,False,True,False,True,False,False,True,False,False,False,False,True,False,False,False,False,False,False,False,False,True,False,False,True,False,0
41,7,4,4,68420,4.0,12,1,13.0,3,9,1,8,1.0,3.0,3.0,3,3,6.183541666666667,2,False,False,True,False,False,True,False,False,True,False,False,False,False,True,False,False,True,False,False,False,False,False,False,True,False,False,0
26,8,2,2,80950,1.0,15,0,1.0,3,1,0,0,1.0,3.0,2.0,4,3,7.828946563088513,2,False,False,True,False,False,True,False,False,True,False,False,False,False,True,False,False,False,False,False,False,False,True,False,True,False,False,1
35,16,3,2,23940,1.0,16,1,9.0,3,9,1,7,3.0,4.0,3.0,3,3,10.475925541724298,2,False,False,True,False,True,False,False,False,False,True,False,False,True,False,True,False,False,False,False,False,False,False,False,False,False,True,0
35,9,2,1,104960,1.0,13,1,5.0,2,5,0,2,4.0,4.0,3.0,3,3,6.596385249878699,2,False,True,False,False,True,False,False,False,False,False,True,False,True,False,False,False,False,False,True,False,False,False,False,True,False,False,0
37,24,2,1,68150,5.0,20,1,17.0,3,1,0,0,3.0,4.0,4.0,3,4,7.75264407561088,0,True,False,False,False,False,True,False,True,False,False,False,False,False,True,False,False,False,False,False,False,True,False,False,True,False,False,0
39,2,3,3,21150,1.0,18,0,21.0,3,21,11,8,4.0,4.0,3.0,4,3,7.142438136826783,1,False,False,True,False,False,True,False,True,False,False,False,False,False,True,False,True,False,False,False,False,False,False,False,False,True,False,0
30,11,4,2,171690,1.0,17,2,1.0,2,1,0,0,4.0,3.0,3.0,3,3,6.388534811635669,2,False,False,True,False,True,False,False,False,False,True,False,False,False,True,False,False,True,False,False,False,False,False,False,True,False,False,0
35,2,3,3,23210,9.0,12,1,15.0,0,13,6,0,4.0,1.0,3.0,3,3,5.999986942070276,2,False,False,True,False,True,False,False,True,False,False,False,False,False,True,True,False,False,False,False,False,False,False,False,False,True,False,1
29,29,3,1,23070,1.0,13,1,7.0,0,7,0,7,2.0,1.0,2.0,3,3,10.506102906704172,2,False,False,True,False,True,False,False,False,False,True,False,False,True,False,False,False,False,False,False,False,True,False,False,False,True,False,1
43,14,3,5,38860,1.0,17,2,9.0,2,9,0,0,3.0,3.0,4.0,3,3,6.299470449172577,2,False,True,False,False,True,False,False,False,False,True,False,False,True,False,False,False,False,False,False,True,False,False,False,True,False,False,0
34,12,3,1,45050,1.0,12,0,6.0,3,6,1,4,4.0,4.0,3.0,3,3,7.78325819672131,2,False,False,True,False,True,False,False,False,False,False,False,True,False,True,False,False,False,False,False,False,True,False,False,False,False,True,0
37,1,3,3,52070,4.0,17,3,16.0,3,5,0,2,1.0,3.0,4.0,3,3,6.597208616780046,2,False,False,True,False,True,False,False,True,False,False,False,False,True,False,False,False,False,False,False,False,False,True,False,False,False,True,0
34,25,5,1,41940,0.0,17,2,12.0,3,11,5,7,2.0,3.0,3.0,3,3,10.5082358276644,1,False,False,True,False,False,True,False,False,True,False,False,False,True,False,False,False,False,False,False,False,True,False,False,False,True,False,0
27,15,3,1,39860,1.0,12,2,7.0,3,7,0,3,4.0,2.0,2.0,3,3,7.487984633569741,2,False,False,True,False,False,True,False,False,True,False,False,False,False,True,False,False,False,False,False,False,True,False,False,False,False,True,0
58,9,2,4,59570,4.0,14,1,7.0,2,1,0,0,4.0,3.0,3.0,1,3,7.469917874396136,2,False,False,True,False,False,True,False,False,False,True,False,False,True,False,False,False,False,False,False,False,False,True,False,False,False,True,1
55,6,1,2,26550,8.0,17,0,36.0,0,24,2,15,3.0,2.0,3.0,2,3,6.105050827423168,1,False,False,True,False,True,False,False,True,False,False,False,False,True,False,False,False,True,False,False,False,False,False,False,False,False,True,0
27,8,1,4,102310,1.0,13,1,1.0,2,1,0,0,1.0,2.0,3.0,3,3,6.4536290708812265,2,False,True,False,False,False,True,False,True,False,False,False,False,False,True,False,False,True,False,False,False,False,False,False,False,True,False,1
35,6,3,3,31020,1.0,13,1,6.0,3,5,1,4,3.0,3.0,1.0,2,3,6.788368770004573,2,False,False,True,False,True,False,False,True,False,False,False,False,True,False,False,False,True,False,False,False,False,False,False,False,False,True,0
28,25,3,1,187890,3.0,16,1,6.0,4,2,2,2,4.0,3.0,3.0,3,3,9.425028344671205,2,False,False,True,False,True,False,False,False,False,False,False,True,False,True,False,False,False,False,False,True,False,False,False,False,False,True,1
47,7,4,3,69310,1.0,11,0,20.0,3,19,2,7,3.0,3.0,4.0,3,3,10.091632387706856,1,False,True,False,False,True,False,False,True,False,False,False,False,False,True,False,False,False,False,False,False,False,True,False,True,False,False,0
36,7,2,1,56600,7.0,12,0,9.0,3,1,0,0,1.0,3.0,2.0,3,3,6.073075909961686,2,False,False,True,False,True,False,False,True,False,False,False,False,True,False,False,False,False,False,False,False,True,False,False,True,False,False,1
30,9,3,1,92500,1.0,12,3,11.0,0,11,2,7,3.0,2.0,2.0,3,3,8.090893770339378,2,False,False,True,False,True,False,False,True,False,False,False,False,False,True,False,False,False,False,True,False,False,False,False,True,False,False,0
47,7,4,3,69310,1.0,11,0,20.0,3,19,2,7,3.0,3.0,4.0,3,3,10.112135053463504,1,False,True,False,False,True,False,False,True,False,False,False,False,False,True,False,False,False,False,False,False,False,True,False,True,False,False,0
36,28,1,1,33770,0.0,12,2,16.0,2,15,10,11,3.0,4.0,3.0,3,3,7.06895458736745,1,False,False,True,False,True,False,False,True,False,False,False,False,False,True,False,False,True,False,False,False,False,False,False,False,True,False,0
36,6,3,2,47710,4.0,13,1,16.0,2,13,1,12,1.0,4.0,3.0,3,3,7.077489270386265,1,False,True,False,False,True,False,False,True,False,False,False,False,True,False,False,False,False,False,False,False,True,False,False,False,True,False,0
36,2,4,1,79180,2.0,12,2,8.0,3,6,0,1,2.0,4.0,3.0,2,3,6.510334541062802,2,False,False,True,True,False,False,False,False,False,False,False,True,False,True,False,False,False,False,False,False,False,True,False,False,False,True,0
49,1,3,3,73140,7.0,22,0,25.0,2,7,0,7,3.0,3.0,3.0,3,4,9.948856881572931,0,False,False,True,False,True,False,False,True,False,False,False,False,False,True,False,False,False,False,True,False,False,False,False,False,False,True,0
22,2,1,1,193310,1.0,12,1,1.0,2,0,0,0,2.0,4.0,3.0,3,3,6.2889583333333325,2,False,False,True,False,True,False,False,True,False,False,False,False,False,True,False,False,False,False,False,False,False,False,True,False,False,True,0
29,3,4,3,39780,1.0,11,0,7.0,0,7,1,7,4.0,2.0,3.0,3,3,8.419563492063492,2,False,False,True,False,True,False,False,True,False,False,False,False,False,True,False,False,False,False,False,False,False,True,False,True,False,False,0
50,1,3,2,134960,3.0,18,1,22.0,3,12,1,5,4.0,3.0,3.0,3,3,9.480353223593962,1,False,False,True,False,True,False,False,False,False,False,False,True,True,False,False,False,False,False,False,False,False,True,False,False,True,False,0
29,10,4,3,58690,1.0,11,1,10.0,6,10,0,9,4.0,3.0,3.0,4,3,6.118706018518519,2,True,False,False,False,True,False,False,False,False,False,False,True,False,True,True,False,False,False,False,False,False,False,False,False,True,False,0
42,18,4,4,132060,0.0,13,2,7.0,2,6,0,4,4.0,4.0,4.0,3,3,6.612837552742616,2,False,True,False,False,True,False,False,False,False,False,False,True,False,True,False,False,False,False,False,False,False,True,False,False,True,False,0
29,23,4,2,45370,6.0,18,1,5.0,5,1,0,0,3.0,3.0,2.0,4,3,7.791838913148957,2,False,False,True,False,True,False,False,True,False,False,False,False,True,False,True,False,False,False,False,False,False,False,False,False,True,False,0
23,12,2,2,75250,1.0,14,2,3.0,2,3,0,2,3.0,4.0,3.0,3,3,9.22052267573696,2,False,False,True,False,True,False,False,False,False,True,False,False,False,True,False,False,False,False,False,False,True,False,False,True,False,False,1
37,1,3,2,53460,4.0,11,0,7.0,2,5,0,1,3.0,4.0,4.0,3,3,6.704287837219937,2,False,False,True,False,True,False,False,True,False,False,False,False,False,True,True,False,False,False,False,False,False,False,False,False,True,False,0
28,23,3,3,46010,0.0,15,2,6.0,2,5,0,0,2.0,1.0,2.0,3,3,7.38428125,2,False,False,True,False,True,False,False,True,False,False,False,False,False,True,False,False,False,False,True,False,False,False,False,True,False,False,0
28,7,3,3,119570,1.0,13,0,10.0,2,10,1,8,3.0,1.0,3.0,2,3,6.203099290780142,2,False,False,True,False,True,False,False,False,False,True,False,False,False,True,True,False,False,False,False,False,False,False,False,True,False,False,0
59,4,2,2,165950,6.0,21,1,25.0,2,9,5,4,4.0,4.0,2.0,3,4,6.6114888423988845,0,False,False,True,False,True,False,False,True,False,False,False,False,False,True,False,False,False,False,False,False,True,False,False,False,False,True,0
34,9,3,2,53680,2.0,14,1,9.0,2,3,1,2,4.0,2.0,3.0,3,3,6.208591787439614,2,False,False,True,False,False,True,False,False,True,False,False,False,True,False,False,False,False,True,False,False,False,False,False,False,False,True,0
34,9,1,2,26570,2.0,13,1,5.0,3,3,0,2,4.0,3.0,2.0,2,3,8.026111111111112,2,False,True,False,False,False,True,False,False,False,False,False,True,False,True,False,False,False,False,False,False,False,True,False,False,False,True,0
30,7,2,1,34480,1.0,11,0,10.0,3,10,1,4,3.0,3.0,3.0,3,3,7.689747044917257,2,False,False,True,False,True,False,False,True,False,False,False,False,True,False,False,False,False,False,True,False,False,False,False,False,True,False,0
29,5,4,4,66730,6.0,12,1,8.0,2,4,0,3,1.0,4.0,3.0,4,3,6.395422953818016,2,False,False,True,False,True,False,False,True,False,False,False,False,True,False,True,False,False,False,False,False,False,False,False,True,False,False,0
36,1,3,1,23770,6.0,13,2,15.0,3,1,0,0,2.0,3.0,3.0,3,3,7.3856528964862305,2,False,False,True,True,False,False,True,False,False,False,False,False,False,True,False,False,False,False,False,False,True,False,False,False,False,True,0
52,21,5,3,28890,1.0,11,1,34.0,2,34,1,16,3.0,1.0,4.0,3,3,5.995623219373219,1,False,False,True,False,False,True,False,False,False,False,False,True,False,True,False,False,False,True,False,False,False,False,False,False,True,False,0
34,10,3,3,41480,1.0,11,0,11.0,3,11,7,9,4.0,2.0,3.0,3,3,7.673401600753296,1,False,False,True,False,True,False,False,False,False,True,False,False,False,True,False,False,True,False,False,False,False,False,False,True,False,False,0
42,8,2,5,40140,8.0,13,1,24.0,3,1,0,1,4.0,4.0,3.0,3,3,5.996066159520517,2,False,False,True,False,True,False,False,True,False,False,False,False,True,False,False,False,False,True,False,False,False,False,False,False,False,True,0
28,1,4,2,20330,2.0,15,1,5.0,5,3,1,2,4.0,1.0,2.0,3,3,6.7996697663328565,2,False,False,True,False,False,True,False,True,False,False,False,False,True,False,False,False,False,False,False,False,False,False,True,False,False,True,0
31,2,5,2,27280,8.0,11,0,7.0,3,4,0,2,3.0,4.0,3.0,4,3,10.368086675887506,2,False,False,True,False,False,True,False,True,False,False,False,False,False,True,False,False,False,False,False,False,False,False,True,False,True,False,0
55,7,3,3,50930,2.0,16,1,31.0,3,7,0,0,2.0,4.0,4.0,3,3,7.500814500941621,2,False,False,True,False,True,False,False,True,False,False,False,False,True,False,False,False,False,False,False,False,True,False,False,True,False,False,0
36,3,4,1,40250,1.0,11,0,10.0,3,10,9,7,2.0,4.0,2.0,3,3,7.20112389586239,1,True,False,False,False,True,False,False,False,False,True,False,False,False,True,False,False,False,False,False,False,True,False,False,False,False,True,0
33,8,4,3,24510,1.0,13,1,9.0,3,9,0,8,1.0,1.0,3.0,2,3,6.023360136452243,2,False,False,True,False,True,False,False,True,False,False,False,False,False,True,False,False,True,False,False,False,False,False,False,True,False,False,0
35,6,4,2,61420,2.0,15,1,10.0,2,2,2,2,3.0,4.0,3.0,3,3,7.665282466010314,2,False,True,False,False,True,False,False,False,False,True,False,False,True,False,False,False,False,False,False,True,False,False,False,False,False,True,0
42,6,3,2,100080,6.0,19,1,9.0,3,4,1,2,4.0,1.0,2.0,1,3,9.803851165980795,2,False,False,True,False,True,False,False,False,False,True,False,False,False,True,False,False,True,False,False,False,False,False,False,True,False,False,0
37,9,3,2,54840,4.0,17,0,7.0,4,3,0,2,3.0,1.0,3.0,3,3,10.150894557823127,2,False,False,True,True,False,False,True,False,False,False,False,False,False,True,True,False,False,False,False,False,False,False,False,True,False,False,1
36,23,3,3,21320,4.0,20,0,9.0,1,3,0,2,2.0,1.0,3.0,2,4,7.927488568815729,0,False,False,True,False,True,False,False,True,False,False,False,False,True,False,False,False,False,False,False,False,False,True,False,False,True,False,0
54,25,1,1,48550,9.0,25,1,16.0,2,4,0,3,1.0,3.0,1.0,2,4,7.62899599811676,0,False,False,True,False,True,False,False,False,False,True,False,False,True,False,False,False,True,False,False,False,False,False,False,False,True,False,0
25,6,2,1,27680,0.0,22,1,5.0,0,4,1,1,3.0,4.0,3.0,3,4,8.014339708561021,0,False,False,True,False,True,False,False,False,False,True,False,False,True,False,False,False,True,False,False,False,False,False,False,False,False,True,0
34,15,2,2,84630,2.0,13,0,8.0,2,4,1,3,2.0,1.0,3.0,1,3,7.79967320261438,2,False,False,True,False,False,True,False,False,True,False,False,False,True,False,False,False,False,False,False,False,True,False,False,False,False,True,1
44,16,3,1,80200,3.0,11,1,23.0,2,12,11,11,4.0,4.0,3.0,3,3,10.903643162393164,1,False,False,True,False,True,False,False,True,False,False,False,False,True,False,True,False,False,False,False,False,False,False,False,False,True,False,0
52,2,1,2,117130,2.0,14,0,24.0,2,5,0,2,4.0,3.0,2.0,3,3,9.086195856873823,2,False,True,False,False,True,False,False,True,False,False,False,False,False,True,False,False,False,False,False,False,False,True,False,False,True,False,0
55,20,3,2,47790,0.0,14,1,4.0,6,3,1,2,4.0,3.0,3.0,3,3,10.69115721040189,2,False,False,True,False,False,True,False,False,True,False,False,False,False,True,False,False,False,False,False,False,True,False,False,False,True,False,0
43,5,3,3,45220,8.0,15,1,7.0,3,4,1,3,1.0,3.0,2.0,3,3,7.502324074074074,2,False,False,True,False,False,True,False,False,True,False,False,False,True,False,False,False,False,False,False,False,True,False,False,False,False,True,1
33,7,3,2,112450,0.0,21,0,8.0,3,7,0,7,3.0,2.0,4.0,3,4,6.736566859066859,0,True,False,False,False,False,True,False,True,False,False,False,False,False,True,False,False,False,False,False,False,False,True,False,False,True,False,0
36,1,3,2,166270,3.0,12,0,10.0,5,7,1,7,4.0,3.0,3.0,2,3,6.711335009578544,2,False,False,True,False,False,True,False,False,True,False,False,False,False,True,False,False,False,False,False,False,False,True,False,False,True,False,0
35,1,1,2,136100,4.0,22,2,16.0,4,13,4,12,3.0,4.0,2.0,2,4,9.811535269709545,0,True,False,False,False,True,False,False,True,False,False,False,False,False,True,False,False,False,False,False,False,False,True,False,False,True,False,0
48,2,4,2,45540,2.0,11,2,19.0,3,2,2,2,1.0,3.0,3.0,3,3,8.018559101654846,2,False,False,True,True,False,False,False,False,False,True,False,False,False,True,False,False,False,False,False,False,False,True,False,False,False,True,0
29,16,4,1,65130,1.0,11,1,10.0,2,10,0,9,2.0,4.0,2.0,3,3,7.06223611111111,2,False,True,False,False,True,False,False,False,False,True,False,False,False,True,False,False,True,False,False,False,False,False,False,False,False,True,0
36,23,3,3,21320,4.0,20,0,9.0,1,3,0,2,2.0,1.0,3.0,2,4,7.88170243204578,0,False,False,True,False,True,False,False,True,False,False,False,False,True,False,False,False,False,False,False,False,False,True,False,False,True,False,0
35,9,2,1,31400,1.0,13,1,17.0,2,17,5,15,4.0,3.0,3.0,2,3,8.786719187675072,1,False,False,True,False,True,False,False,True,False,False,False,False,True,False,True,False,False,False,False,False,False,False,False,False,True,False,0
30,4,3,5,56050,0.0,12,1,9.0,0,8,1,7,2.0,1.0,2.0,2,3,10.12023422787194,2,False,False,True,False,True,False,False,True,False,False,False,False,True,False,True,False,False,False,False,False,False,False,False,False,True,False,0
38,5,3,1,63490,2.0,11,0,20.0,3,19,1,9,3.0,3.0,2.0,3,3,7.2894444444444435,1,False,False,True,False,True,False,False,False,False,False,False,True,False,True,False,False,False,False,False,False,False,True,False,False,True,False,0
27,2,3,2,48510,8.0,18,0,5.0,2,1,0,0,3.0,4.0,3.0,3,3,7.117143189214319,2,False,False,True,False,True,False,False,True,False,False,False,False,True,False,False,False,True,False,False,False,False,False,False,False,True,False,0
41,12,3,2,195660,6.0,16,0,5.0,2,1,0,0,1.0,1.0,1.0,4,3,7.181788194444445,2,True,False,False,False,True,False,False,True,False,False,False,False,False,True,False,False,False,False,False,False,False,False,True,True,False,False,1
36,2,3,2,43200,2.0,17,0,5.0,2,1,0,0,2.0,4.0,3.0,3,3,7.206301789077213,2,False,False,True,False,True,False,False,True,False,False,False,False,False,True,False,False,False,False,False,False,False,False,True,False,True,False,0
31,2,1,3,70940,1.0,14,1,10.0,2,10,0,8,1.0,4.0,3.0,3,3,10.304995291902072,2,False,True,False,False,True,False,False,False,False,False,True,False,False,True,False,False,False,False,False,False,False,True,False,False,True,False,1
40,5,5,1,52310,1.0,12,2,21.0,4,21,7,7,3.0,3.0,3.0,3,3,8.402318738229754,1,False,False,True,False,False,True,False,True,False,False,False,False,False,True,False,False,False,False,True,False,False,False,False,False,False,True,0
26,15,2,2,26130,6.0,19,1,6.0,2,4,1,2,4.0,1.0,3.0,3,3,6.197631766381766,2,False,False,True,False,True,False,False,True,False,False,False,False,False,True,False,False,True,False,False,False,False,False,False,False,False,True,1
42,28,4,2,26450,1.0,15,0,10.0,5,10,2,2,3.0,4.0,3.0,3,3,7.506218038121803,2,False,False,True,False,True,False,False,True,False,False,False,False,True,False,False,False,False,False,True,False,False,False,False,False,True,False,0
45,1,2,1,184300,4.0,12,1,10.0,5,3,1,2,2.0,4.0,4.0,3,3,10.611550332383665,2,False,False,True,False,True,False,False,True,False,False,False,False,True,False,False,False,False,False,False,False,True,False,False,False,True,False,0
50,3,3,2,42940,2.0,20,0,32.0,2,30,12,13,2.0,3.0,3.0,2,4,9.39608477011494,1,False,True,False,False,True,False,False,False,False,False,True,False,False,True,False,False,False,False,False,False,True,False,False,False,True,False,0
60,2,2,2,25640,0.0,14,1,12.0,3,11,1,9,2.0,4.0,3.0,3,3,8.590920138888889,1,False,False,True,False,False,True,False,True,False,False,False,False,False,True,False,False,False,False,False,False,False,True,False,True,False,False,0
42,2,4,2,45390,4.0,17,1,8.0,5,0,0,0,4.0,3.0,3.0,3,3,6.593369064084832,2,False,False,True,False,False,True,False,False,False,True,False,False,True,False,False,False,False,False,False,True,False,False,False,False,False,True,0
31,27,3,2,21320,1.0,18,0,11.0,3,11,1,8,3.0,4.0,3.0,3,3,6.103305898491084,2,False,False,True,False,True,False,False,False,False,True,False,False,True,False,False,False,False,False,False,True,False,False,False,False,False,True,0
47,1,4,3,183030,6.0,22,1,29.0,2,3,1,2,2.0,2.0,3.0,2,4,6.737826867816091,0,False,False,True,False,True,False,False,False,False,True,False,False,False,True,False,False,True,False,False,False,False,False,False,True,False,False,0
36,3,2,4,178610,2.0,18,0,17.0,2,7,7,7,3.0,1.0,3.0,2,3,8.036303688141924,1,False,False,True,False,False,True,False,False,True,False,False,False,False,True,True,False,False,False,False,False,False,False,False,True,False,False,0
44,8,2,1,135030,2.0,12,0,9.0,6,5,1,4,1.0,3.0,3.0,2,3,6.090522030651341,2,True,False,False,False,True,False,False,True,False,False,False,False,False,True,False,False,False,False,False,False,True,False,False,False,False,True,0
55,20,3,2,47790,0.0,14,1,4.0,6,3,1,2,4.0,3.0,3.0,3,3,10.700993369913125,2,False,False,True,False,False,True,False,False,True,False,False,False,False,True,False,False,False,False,False,False,True,False,False,False,True,False,0
34,4,4,5,55620,1.0,15,0,9.0,3,9,0,6,1.0,3.0,3.0,3,3,8.21845588235294,2,False,True,False,True,False,False,False,True,False,False,False,False,True,False,False,False,False,False,False,False,False,True,False,False,False,True,1
30,8,3,1,183000,0.0,14,0,7.0,6,6,0,2,3.0,1.0,2.0,3,3,6.194155140617796,2,False,False,True,False,True,False,False,False,False,True,False,False,True,False,False,False,False,False,False,False,False,True,False,False,True,False,0
50,11,2,2,62940,3.0,23,1,32.0,2,7,0,6,4.0,4.0,2.0,4,4,7.743357279693487,0,False,False,True,False,True,False,False,True,False,False,False,False,False,True,False,False,False,False,False,False,False,True,False,True,False,False,0
44,1,3,1,48340,1.0,14,0,9.0,1,8,6,7,3.0,4.0,3.0,4,3,8.505449790794978,1,False,False,True,True,False,False,False,True,False,False,False,False,False,True,False,False,False,False,False,False,True,False,False,False,True,False,0
26,4,3,1,32940,1.0,11,0,1.0,6,1,0,0,1.0,4.0,3.0,3,3,7.309532775453277,2,False,False,True,False,True,False,False,True,False,False,False,False,False,True,False,False,False,False,False,True,False,False,False,False,True,False,0
36,15,2,1,96790,4.0,12,0,6.0,1,2,2,2,4.0,3.0,3.0,3,3,6.010319383259913,2,False,False,True,False,False,True,False,True,False,False,False,False,False,True,False,False,False,False,False,False,False,True,False,False,True,False,0
31,3,2,3,77560,1.0,15,2,6.0,3,5,0,2,1.0,3.0,3.0,4,3,7.609416666666667,2,False,False,True,False,True,False,False,True,False,False,False,False,False,True,False,False,True,False,False,False,False,False,False,False,True,False,0
45,8,4,2,29940,4.0,18,1,12.0,2,4,0,3,2.0,3.0,3.0,3,3,7.825787439613526,2,False,True,False,False,True,False,False,True,False,False,False,False,True,False,False,False,False,True,False,False,False,False,False,False,False,True,0
51,20,3,2,148140,2.0,11,1,14.0,2,4,3,2,2.0,2.0,3.0,2,3,7.073883994126284,2,False,True,False,False,True,False,False,False,False,True,False,False,False,True,False,False,False,False,False,False,False,True,False,False,True,False,0
40,3,4,3,51260,5.0,18,0,20.0,2,18,1,12,4.0,1.0,3.0,3,3,8.57186974789916,1,False,True,False,False,True,False,False,False,False,True,False,False,True,False,False,True,False,False,False,False,False,False,False,False,True,False,0
34,2,5,4,23230,0.0,17,0,4.0,2,3,0,2,3.0,3.0,1.0,3,3,6.877794540229885,2,False,False,True,False,False,True,False,True,False,False,False,False,False,True,False,False,False,False,False,False,True,False,False,False,True,False,0
28,21,1,3,79780,1.0,16,2,5.0,2,5,1,4,3.0,3.0,2.0,3,3,6.666081999029597,2,True,False,False,False,True,False,False,False,False,True,False,False,False,True,False,False,False,False,False,False,True,False,False,False,False,True,0
45,22,3,2,132120,4.0,13,0,7.0,4,3,0,2,1.0,3.0,2.0,3,3,8.794382716049382,2,False,False,True,False,True,False,False,True,False,False,False,False,True,False,False,False,False,False,False,False,False,False,True,False,True,False,0
41,4,2,2,25430,3.0,12,0,6.0,3,1,0,0,2.0,4.0,3.0,3,3,8.104184472934472,2,False,False,True,False,True,False,False,False,False,True,False,False,False,True,False,False,False,False,False,False,True,False,False,False,True,False,0
46,8,4,3,17020,5.0,21,0,25.0,2,4,0,3,4.0,2.0,3.0,3,4,7.2899132676980765,0,False,False,True,False,True,False,False,False,False,False,True,False,False,True,False,False,False,True,False,False,False,False,False,False,True,False,0
31,7,3,2,53430,1.0,14,1,13.0,3,13,0,8,3.0,2.0,4.0,3,3,6.411356881572932,2,False,False,True,False,True,False,False,True,False,False,False,False,False,True,False,False,False,False,False,True,False,False,False,True,False,False,0
28,9,4,2,23670,1.0,13,0,5.0,2,5,0,4,2.0,3.0,4.0,2,3,5.990938934802571,2,True,False,False,False,False,True,False,False,False,True,False,False,False,True,False,False,True,False,False,False,False,False,False,False,True,False,0
38,2,3,1,44480,9.0,12,0,10.0,3,2,1,2,4.0,4.0,3.0,2,3,6.820862029384757,2,False,False,True,False,False,True,False,False,True,False,False,False,True,False,False,False,False,True,False,False,False,False,False,True,False,False,0
29,15,4,1,49680,1.0,19,3,11.0,4,11,4,1,2.0,4.0,3.0,3,3,6.299962651727357,2,False,True,False,False,False,True,False,False,False,True,False,False,True,False,False,False,False,False,False,False,False,True,False,False,True,False,0
54,1,3,2,22970,6.0,18,2,29.0,2,20,12,7,4.0,4.0,2.0,2,3,6.248981481481481,1,False,False,True,False,False,True,False,False,False,True,False,False,True,False,False,False,False,True,False,False,False,False,False,False,False,True,0
38,7,4,2,50420,3.0,16,1,19.0,4,3,2,2,4.0,3.0,3.0,3,3,10.42669295839049,2,False,False,True,False,True,False,False,True,False,False,False,False,True,False,False,False,False,False,False,True,False,False,False,False,False,True,0
28,9,3,2,59330,0.0,11,0,5.0,3,4,1,3,3.0,1.0,3.0,3,3,7.035802600472813,2,False,True,False,False,True,False,False,True,False,False,False,False,True,False,False,False,False,False,False,False,False,True,False,False,False,True,0
26,15,2,2,26130,6.0,19,1,6.0,2,4,1,2,4.0,1.0,2.0,3,3,6.192324879227053,2,False,False,True,False,True,False,False,True,False,False,False,False,False,True,False,False,True,False,False,False,False,False,False,False,False,True,1
29,20,1,2,41630,9.0,15,1,8.0,4,5,1,4,3.0,3.0,3.0,2,3,7.294751773049646,2,False,False,True,False,True,False,False,False,False,True,False,False,True,False,False,False,False,True,False,False,False,False,False,False,False,True,0
34,2,5,2,49990,3.0,12,2,10.0,2,5,4,3,2.0,3.0,3.0,4,3,6.403804347826087,2,False,False,True,False,True,False,False,False,False,False,False,True,False,True,True,False,False,False,False,False,False,False,False,False,False,True,0
35,7,4,1,24380,7.0,16,0,10.0,5,7,6,2,2.0,2.0,2.0,2,3,7.030591168091168,2,False,False,True,False,False,True,False,True,False,False,False,False,False,True,False,False,False,False,False,False,False,False,True,True,False,False,0
35,2,1,1,187400,1.0,19,1,1.0,2,1,0,0,3.0,3.0,3.0,4,3,6.66601394604481,2,True,False,False,False,True,False,False,False,False,True,False,False,False,True,False,False,False,False,False,False,True,False,False,False,True,False,0
44,4,4,5,76320,1.0,21,0,10.0,3,10,7,7,1.0,4.0,3.0,3,4,6.012280521262003,0,False,False,True,True,False,False,False,True,False,False,False,False,False,True,False,False,True,False,False,False,False,False,False,False,True,False,0
50,4,3,2,43740,3.0,15,1,21.0,5,5,4,4,3.0,2.0,3.0,4,3,6.260163194444445,1,False,False,True,False,True,False,False,True,False,False,False,False,True,False,False,False,False,False,True,False,False,False,False,False,False,True,0
28,10,3,2,52100,1.0,15,0,1.0,1,1,0,0,4.0,2.0,3.0,4,3,7.835804637281909,2,False,False,True,False,True,False,False,False,False,False,True,False,False,True,False,False,False,False,False,False,False,False,True,False,True,False,0
33,1,4,4,44650,0.0,13,0,6.0,3,5,1,4,2.0,4.0,3.0,3,3,6.017222222222222,2,False,False,True,False,True,False,False,False,False,True,False,False,True,False,False,False,False,False,True,False,False,False,False,False,False,True,0
25,8,3,2,74840,1.0,15,0,6.0,3,6,1,4,3.0,4.0,2.0,3,3,7.7169027777777774,2,False,False,True,False,True,False,False,True,False,False,False,False,False,True,False,False,False,False,False,False,True,False,False,False,False,True,0
35,7,4,1,24380,7.0,16,0,10.0,5,7,6,2,2.0,2.0,2.0,2,3,6.984722222222223,2,False,False,True,False,False,True,False,True,False,False,False,False,False,True,False,False,False,False,False,False,False,False,True,True,False,False,0
38,6,4,3,73360,5.0,11,0,13.0,3,11,3,8,1.0,2.0,3.0,3,3,7.75789543910723,1,True,False,False,False,False,True,False,False,True,False,False,False,False,True,False,False,False,False,False,False,False,True,False,True,False,False,0
55,11,1,1,26930,1.0,18,0,36.0,6,36,2,13,3.0,4.0,3.0,2,3,6.372202041785375,1,False,False,True,False,True,False,False,False,False,True,False,False,True,False,False,False,True,False,False,False,False,False,False,False,True,False,0
34,9,2,2,48760,2.0,21,1,14.0,3,11,5,8,3.0,1.0,3.0,3,4,7.855724789915967,0,False,False,True,False,False,True,False,False,False,True,False,False,False,True,True,False,False,False,False,False,False,False,False,False,False,True,0
36,10,4,2,41520,9.0,19,1,10.0,3,8,0,5,1.0,1.0,3.0,3,3,6.020169234360411,2,True,False,False,False,True,False,False,False,False,False,False,True,True,False,False,False,False,False,False,False,True,False,False,False,True,False,0
42,11,1,2,59400,7.0,16,0,10.0,2,5,0,3,3.0,3.0,3.0,2,3,6.924135939036382,2,False,False,True,False,False,True,False,False,False,False,False,True,False,True,False,True,False,False,False,False,False,False,False,False,False,True,0
30,9,3,1,90710,0.0,19,1,12.0,2,11,5,7,4.0,2.0,3.0,2,3,9.193778475127846,1,False,False,True,False,False,True,False,False,True,False,False,False,True,False,False,False,False,False,False,False,True,False,False,False,True,False,0
36,8,3,2,59150,2.0,13,1,13.0,3,3,0,2,2.0,2.0,3.0,2,3,10.702960618846696,2,False,False,True,False,True,False,False,True,False,False,False,False,False,True,False,False,False,False,False,False,True,False,False,True,False,False,0
37,29,4,1,78800,3.0,12,1,9.0,2,4,0,2,3.0,3.0,2.0,4,3,8.02385815118397,2,False,False,True,False,True,False,False,False,False,False,False,True,False,True,False,False,True,False,False,False,False,False,False,False,True,False,0
46,9,3,3,164370,8.0,15,1,16.0,0,4,0,2,2.0,2.0,3.0,3,3,10.291692894611352,2,False,False,True,False,True,False,False,False,False,True,False,False,False,True,False,False,False,True,False,False,False,False,False,True,False,False,0
37,9,3,2,54840,2.0,17,0,7.0,4,3,0,2,3.0,1.0,3.0,3,3,10.147261583445792,2,False,False,True,True,False,False,True,False,False,False,False,False,False,True,True,False,False,False,False,False,False,False,False,True,False,False,1
30,8,3,1,183000,0.0,14,0,7.0,6,6,0,2,3.0,1.0,2.0,3,3,6.251273433927755,2,False,False,True,False,True,False,False,False,False,True,False,False,True,False,False,False,False,False,False,False,False,True,False,False,True,False,0
24,6,3,3,10520,1.0,13,0,5.0,3,5,0,4,3.0,3.0,3.0,3,3,6.705840136054422,2,False,False,True,False,True,False,False,True,False,False,False,False,False,True,False,False,False,False,False,False,False,True,False,False,True,False,0
50,17,3,1,173280,4.0,15,2,20.0,1,3,2,0,4.0,1.0,3.0,3,3,9.61787459658829,2,False,False,True,False,True,False,False,False,False,True,False,False,False,True,False,False,False,False,False,False,True,False,False,True,False,False,1
42,11,1,2,59400,7.0,16,0,10.0,2,5,0,3,3.0,3.0,3.0,2,3,6.878238304093568,2,False,False,True,False,False,True,False,False,False,False,False,True,False,True,False,True,False,False,False,False,False,False,False,False,False,True,0
19,10,2,2,41870,0.0,22,1,1.0,4,0,0,0,3.0,1.0,4.0,3,4,7.5101751207729475,0,False,True,False,False,True,False,False,True,False,False,False,False,False,True,True,False,False,False,False,False,False,False,False,False,False,True,1
29,8,3,3,194310,1.0,11,0,10.0,3,10,0,7,2.0,3.0,3.0,3,3,7.193886514719848,2,False,False,True,False,True,False,False,False,False,True,False,False,True,False,False,False,False,False,True,False,False,False,False,False,True,False,0
58,8,4,2,29720,0.0,14,0,38.0,2,37,1,8,4.0,3.0,2.0,4,3,7.07940355940356,1,False,False,True,False,True,False,False,True,False,False,False,False,False,True,False,False,False,False,False,False,False,True,False,False,False,True,0
37,7,3,1,29290,1.0,12,0,8.0,2,8,1,7,2.0,1.0,3.0,1,3,10.127794117647058,2,False,False,True,False,True,False,False,True,False,False,False,False,True,False,False,False,False,False,False,False,True,False,False,False,True,False,0
37,17,3,3,20640,4.0,16,0,8.0,3,1,0,0,2.0,2.0,3.0,2,3,6.10239417989418,2,False,False,True,False,True,False,False,True,False,False,False,False,True,False,False,False,False,False,False,False,False,True,False,False,True,False,0
23,20,4,1,53990,1.0,23,0,4.0,2,4,0,2,3.0,4.0,2.0,2,4,7.131063458856346,0,False,False,True,False,True,False,False,True,False,False,False,False,False,True,False,False,False,False,True,False,False,False,False,True,False,False,0
49,14,4,2,62300,2.0,14,0,23.0,2,1,0,0,1.0,3.0,4.0,2,3,6.683643719806764,2,False,False,True,False,False,True,False,True,False,False,False,False,False,True,False,False,False,False,False,False,True,False,False,False,True,False,0
35,1,1,2,136100,4.0,22,2,16.0,4,13,4,12,3.0,4.0,2.0,2,4,9.791557621671258,0,True,False,False,False,True,False,False,True,False,False,False,False,False,True,False,False,False,False,False,False,False,True,False,False,True,False,0
38,4,4,1,70820,1.0,14,0,2.0,3,2,2,1,3.0,4.0,3.0,4,3,7.907437198067633,2,False,False,True,False,False,True,False,True,False,False,False,False,False,True,False,False,False,False,True,False,False,False,False,False,False,True,0
45,2,4,2,58550,1.0,14,1,10.0,3,10,4,5,1.0,1.0,3.0,2,3,7.908878159275155,2,True,False,False,False,False,True,False,True,False,False,False,False,False,True,False,False,False,False,True,False,False,False,False,False,True,False,0
59,3,4,1,40510,5.0,16,3,13.0,3,6,0,5,3.0,4.0,3.0,3,3,7.375862445414847,2,False,False,True,False,True,False,False,False,False,False,False,True,False,True,False,False,False,False,False,False,True,False,False,False,False,True,0
20,18,4,1,84120,1.0,13,0,2.0,2,2,2,2,3.0,4.0,3.0,2,3,6.315777550091074,2,False,False,True,False,True,False,False,False,False,True,False,False,False,True,False,True,False,False,False,False,False,False,False,False,False,True,0
44,5,3,1,63220,4.0,11,1,10.0,2,3,1,2,1.0,1.0,4.0,3,3,6.025931513409962,2,False,False,True,False,False,True,False,True,False,False,False,False,False,True,False,False,True,False,False,False,False,False,False,False,True,False,1
38,14,2,1,41710,0.0,23,0,10.0,4,9,7,7,3.0,2.0,3.0,4,4,6.96694785974499,0,False,False,True,False,False,True,False,False,True,False,False,False,True,False,False,False,False,False,False,False,False,True,False,False,True,False,0
53,6,3,4,23250,7.0,18,1,35.0,1,5,0,4,1.0,4.0,3.0,4,3,10.363845704948648,1,False,False,True,False,False,True,False,False,True,False,False,False,False,True,False,False,False,False,False,False,False,True,False,False,True,False,0
27,8,2,1,164220,1.0,20,1,6.0,3,6,0,3,2.0,2.0,3.0,3,4,9.286569626394956,0,False,False,True,False,True,False,False,False,False,True,False,False,False,True,False,False,True,False,False,False,False,False,False,False,True,False,0
40,8,3,2,24040,6.0,17,0,18.0,2,4,3,3,3.0,4.0,2.0,2,3,9.199227316836488,2,False,False,True,False,True,False,False,False,False,False,False,True,True,False,True,False,False,False,False,False,False,False,False,False,False,True,0
41,6,4,1,28210,1.0,17,0,10.0,3,10,8,7,4.0,3.0,3.0,3,3,7.034598364598365,1,False,False,True,False,False,True,False,False,True,False,False,False,False,True,False,False,False,False,False,False,True,False,False,False,False,True,0
35,2,1,2,18590,0.0,25,1,4.0,2,3,0,2,4.0,2.0,3.0,2,4,10.470496113397347,0,False,False,True,False,False,True,False,False,False,False,False,True,False,True,False,False,True,False,False,False,False,False,False,False,True,False,0
30,20,4,2,46610,1.0,11,0,12.0,3,12,1,7,4.0,2.0,2.0,2,3,6.117868794326242,2,False,False,True,True,False,False,False,True,False,False,False,False,False,True,False,False,False,False,False,False,True,False,False,False,True,False,0
49,6,2,2,107390,2.0,11,3,30.0,3,15,2,12,3.0,3.0,3.0,3,3,8.499204545454544,1,False,False,True,True,False,False,False,True,False,False,False,False,True,False,False,False,False,False,False,False,True,False,False,False,True,False,0
26,21,1,1,135250,8.0,17,1,7.0,4,2,2,2,2.0,1.0,3.0,2,3,7.7122782546495,2,True,False,False,False,True,False,False,True,False,False,False,False,True,False,False,False,False,False,True,False,False,False,False,False,False,True,1
43,7,4,2,48760,4.0,16,2,4.0,4,1,0,0,1.0,2.0,4.0,3,3,6.603793981481482,2,False,False,True,False,False,True,False,False,True,False,False,False,False,True,False,False,False,False,False,False,False,True,False,True,False,False,0
34,2,4,2,68770,7.0,20,0,16.0,3,14,6,9,2.0,1.0,2.0,3,4,6.293506172839506,0,False,True,False,False,True,False,False,False,False,True,False,False,True,False,False,False,False,False,False,False,False,False,True,True,False,False,0
45,2,1,2,57680,5.0,23,1,9.0,4,6,0,3,3.0,4.0,2.0,3,4,7.374128019323671,0,False,False,True,False,True,False,False,False,False,False,False,True,True,False,True,False,False,False,False,False,False,False,False,False,False,True,0
21,9,3,4,178750,1.0,12,0,3.0,5,3,1,2,1.0,2.0,3.0,2,3,8.101884756657483,2,False,True,False,False,True,False,False,False,False,True,False,False,True,False,False,False,False,False,True,False,False,False,False,False,False,True,1
41,7,4,4,68420,4.0,12,1,13.0,3,9,1,8,1.0,3.0,3.0,3,3,6.183946808510638,2,False,False,True,False,False,True,False,False,True,False,False,False,False,True,False,False,True,False,False,False,False,False,False,True,False,False,0
45,10,2,1,38330,2.0,14,0,24.0,1,7,0,7,2.0,1.0,3.0,3,3,10.508590277777778,1,False,False,True,False,False,True,False,False,True,False,False,False,False,True,False,False,False,False,False,False,False,True,False,True,False,False,0
30,29,3,1,25460,1.0,14,1,10.0,2,10,8,9,3.0,3.0,2.0,3,3,6.015647754137115,1,False,False,True,False,False,True,False,False,True,False,False,False,False,True,False,False,False,False,False,False,False,True,False,True,False,False,0
36,7,2,5,116310,1.0,18,1,10.0,2,10,0,9,1.0,1.0,3.0,1,3,7.396366898148148,2,True,False,False,False,True,False,False,True,False,False,False,False,False,True,False,False,False,False,False,False,False,True,False,False,False,True,0
40,25,4,1,31490,2.0,15,1,16.0,1,9,4,8,4.0,2.0,3.0,2,3,7.985139470013947,1,True,False,False,False,True,False,False,False,False,False,True,False,True,False,False,False,False,False,False,False,False,True,False,True,False,False,0
34,8,2,1,58780,1.0,14,0,5.0,1,5,1,3,1.0,2.0,3.0,3,3,7.978471641097165,2,False,False,True,False,True,False,False,False,False,True,False,False,False,True,False,False,False,False,False,False,True,False,False,False,True,False,0
39,1,1,1,42840,4.0,17,1,12.0,0,1,0,0,4.0,3.0,2.0,3,3,9.971745709123756,2,False,False,True,False,True,False,False,False,False,True,False,False,True,False,False,False,True,False,False,False,False,False,False,False,True,False,1
42,8,2,1,106480,3.0,13,1,20.0,1,1,0,0,1.0,1.0,3.0,3,3,9.4596490004649,2,False,True,False,True,False,False,False,False,False,True,False,False,False,True,False,False,False,False,False,False,False,True,False,False,True,False,0
45,24,3,1,36290,8.0,16,1,8.0,2,5,0,1,4.0,3.0,3.0,4,3,6.076578117418728,2,False,False,True,False,False,True,False,True,False,False,False,False,False,True,False,False,True,False,False,False,False,False,False,False,False,True,0
22,2,2,2,195450,0.0,14,0,3.0,3,2,2,2,1.0,3.0,3.0,2,3,6.00389239028945,2,False,False,True,False,True,False,False,False,False,True,False,False,True,False,False,False,True,False,False,False,False,False,False,False,True,False,0
33,9,3,4,193920,6.0,12,1,12.0,3,10,8,8,4.0,2.0,3.0,3,3,6.784845288326301,1,False,True,False,False,True,False,False,True,False,False,False,False,False,True,False,False,False,False,False,True,False,False,False,False,True,False,0
38,24,2,1,23260,8.0,14,0,19.0,3,1,0,0,3.0,4.0,3.0,4,3,8.381559454191034,2,False,False,True,False,True,False,False,False,False,False,True,False,True,False,False,False,True,False,False,False,False,False,False,False,False,True,0
42,7,3,2,182650,9.0,12,1,18.0,4,13,5,7,3.0,1.0,4.0,3,3,7.415789855072464,1,False,False,True,False,True,False,False,False,False,False,False,True,True,False,False,False,False,False,False,False,False,True,False,False,True,False,0
38,16,3,5,147560,0.0,20,1,8.0,3,7,0,5,4.0,4.0,3.0,2,4,6.807263374485596,0,False,False,True,False,True,False,False,True,False,False,False,False,False,True,False,False,False,False,False,False,True,False,False,False,False,True,0
45,18,1,2,58110,0.0,14,0,25.0,4,24,1,7,3.0,4.0,3.0,2,3,6.911509456264776,1,False,False,True,False,True,False,False,True,False,False,False,False,True,False,False,False,False,False,False,False,False,False,True,False,True,False,0
33,15,4,1,62010,2.0,15,3,14.0,2,0,0,0,4.0,3.0,3.0,2,3,8.461341236634123,2,False,False,True,False,True,False,False,True,False,False,False,False,True,False,False,False,False,False,False,False,False,True,False,False,False,True,0
31,6,3,3,81030,1.0,15,1,11.0,5,11,4,10,3.0,4.0,3.0,3,3,10.426184640522877,1,False,False,True,False,True,False,False,False,False,True,False,False,True,False,False,False,False,True,False,False,False,False,False,False,False,True,0
51,21,4,2,182000,0.0,17,0,8.0,3,7,7,7,2.0,3.0,2.0,3,3,6.988612329434698,1,False,True,False,False,False,True,False,False,False,True,False,False,False,True,False,False,False,False,False,False,True,False,False,False,False,True,0
29,10,3,1,24040,1.0,17,0,10.0,3,10,1,5,2.0,1.0,3.0,2,3,8.098837719298245,2,False,False,True,False,True,False,False,True,False,False,False,False,False,True,False,False,False,False,False,False,False,False,True,False,False,True,0
29,9,4,2,29960,9.0,25,0,4.0,4,2,2,2,1.0,4.0,4.0,3,4,10.903593117408908,0,False,False,True,False,True,False,False,False,False,True,False,False,False,True,False,False,False,False,False,False,False,False,True,False,True,False,1
34,6,2,1,43060,0.0,11,0,14.0,2,13,4,9,4.0,1.0,3.0,3,3,7.492503429355281,1,False,True,False,False,True,False,False,True,False,False,False,False,False,True,False,False,False,False,False,True,False,False,False,False,False,True,0
47,1,4,1,45380,8.0,11,0,16.0,3,8,1,7,3.0,2.0,4.0,3,3,5.995739568682607,1,True,False,False,False,True,False,False,False,False,True,False,False,False,True,False,False,False,False,False,False,True,False,False,False,True,False,0
24,1,3,5,28970,1.0,18,3,5.0,4,5,0,3,4.0,3.0,4.0,3,3,9.993131642512076,2,False,False,True,False,True,False,False,True,False,False,False,False,True,False,False,False,False,True,False,False,False,False,False,True,False,False,0
30,10,3,3,28140,1.0,24,0,10.0,2,10,0,9,1.0,3.0,2.0,3,4,7.892903187998124,0,False,True,False,False,True,False,False,True,False,False,False,False,True,False,True,False,False,False,False,False,False,False,False,True,False,False,0
55,3,2,1,73510,8.0,20,1,34.0,3,1,0,0,3.0,1.0,3.0,3,4,7.606161398467433,0,False,False,True,False,True,False,False,True,False,False,False,False,True,False,False,False,False,False,False,False,False,True,False,False,True,False,0
37,2,2,1,20220,1.0,12,0,10.0,1,10,3,7,1.0,4.0,3.0,3,3,7.99000586029067,2,False,False,True,False,True,False,False,False,False,True,False,False,False,True,False,False,False,False,False,False,True,False,False,False,True,False,0
32,23,1,3,24680,0.0,11,0,4.0,2,3,1,2,4.0,3.0,1.0,3,3,10.182786087369422,2,False,False,True,False,False,True,False,True,False,False,False,False,False,True,True,False,False,False,False,False,False,False,False,False,False,True,1
28,15,4,2,41970,1.0,13,0,1.0,3,1,0,0,3.0,4.0,2.0,1,3,10.291057422969187,2,False,False,True,False,True,False,False,True,False,False,False,False,False,True,False,False,False,False,False,False,False,True,False,False,True,False,1
26,4,3,2,24040,1.0,12,0,1.0,6,1,0,1,1.0,3.0,2.0,3,3,7.700121671258035,2,False,False,True,False,False,True,False,False,True,False,False,False,False,True,False,False,False,True,False,False,False,False,False,False,False,True,1
28,2,3,1,22740,3.0,20,1,5.0,5,3,1,2,1.0,3.0,4.0,3,4,6.538028233151183,0,False,True,False,False,True,False,False,False,False,True,False,False,False,True,False,False,False,False,False,False,True,False,False,False,True,False,1
32,9,1,1,27410,1.0,15,1,1.0,5,1,0,1,1.0,4.0,1.0,2,3,9.99858249880782,2,False,False,True,False,True,False,False,False,False,True,False,False,True,False,False,False,True,False,False,False,False,False,False,False,False,True,1
46,8,4,3,17020,5.0,21,0,25.0,2,4,0,3,4.0,2.0,3.0,3,4,7.307771990740741,0,False,False,True,False,True,False,False,False,False,False,True,False,False,True,False,False,False,True,False,False,False,False,False,False,True,False,0
27,13,2,4,195370,0.0,12,0,5.0,5,4,1,1,3.0,4.0,3.0,3,3,6.805050505050505,2,False,True,False,False,True,False,False,True,False,False,False,False,True,False,False,False,False,False,False,False,True,False,False,False,True,False,0
39,6,2,3,106090,2.0,17,1,10.0,2,7,7,7,2.0,1.0,3.0,3,3,6.567342995169082,1,False,False,True,False,True,False,False,True,False,False,False,False,False,True,False,False,False,False,False,False,True,False,False,False,True,False,0
47,1,4,2,42490,2.0,13,1,25.0,2,17,12,11,1.0,3.0,3.0,2,3,7.794042824074074,1,False,False,True,False,True,False,False,True,False,False,False,False,False,True,False,False,False,False,False,False,False,True,False,False,False,True,0
59,5,3,3,198330,3.0,13,0,7.0,2,1,0,0,3.0,4.0,3.0,3,3,6.214212570621469,2,False,False,True,False,True,False,False,True,False,False,False,False,True,False,False,False,False,True,False,False,False,False,False,False,True,False,0
26,21,1,1,135250,8.0,17,1,7.0,4,2,2,2,2.0,1.0,3.0,2,3,7.659834287076777,2,True,False,False,False,True,False,False,True,False,False,False,False,True,False,False,False,False,False,True,False,False,False,False,False,False,True,1
49,25,2,2,43450,4.0,15,0,29.0,3,26,1,7,1.0,2.0,2.0,2,3,6.988901018922854,1,False,False,True,False,True,False,False,True,False,False,False,False,True,False,False,False,False,False,False,False,False,True,False,False,True,False,0
28,15,4,2,41970,1.0,13,0,1.0,3,1,0,0,3.0,4.0,2.0,1,3,10.264871332371332,2,False,False,True,False,True,False,False,True,False,False,False,False,False,True,False,False,False,False,False,False,False,True,False,False,True,False,1
41,9,2,1,54870,6.0,19,2,8.0,0,5,1,2,4.0,2.0,3.0,3,3,9.68606325863679,2,False,False,True,False,True,False,False,True,False,False,False,False,True,False,False,False,True,False,False,False,False,False,False,False,False,True,0
36,16,2,1,12810,2.0,11,0,17.0,2,15,6,13,1.0,1.0,2.0,3,3,6.125462555066079,1,False,True,False,False,False,True,False,True,False,False,False,False,False,True,False,False,False,False,False,False,True,False,False,False,True,False,0
38,11,1,2,24300,7.0,13,2,17.0,2,13,1,9,2.0,4.0,3.0,4,3,8.811399853801168,1,True,False,False,False,False,True,False,False,True,False,False,False,False,True,False,False,True,False,False,False,False,False,False,True,False,False,0
30,6,4,1,30410,1.0,11,1,9.0,2,9,0,8,2.0,1.0,3.0,2,3,10.366412529550828,2,False,False,True,False,True,False,False,False,False,True,False,False,True,False,False,False,False,False,False,False,False,True,False,False,True,False,0
22,17,2,3,97050,1.0,18,2,4.0,3,4,1,3,2.0,3.0,2.0,2,3,8.882230426629162,2,True,False,False,False,False,True,False,False,True,False,False,False,False,True,False,False,False,False,False,False,False,True,False,False,True,False,0
37,6,1,1,46390,2.0,12,2,12.0,3,5,1,3,3.0,4.0,3.0,3,3,6.219499029597283,2,False,False,True,False,False,True,False,False,False,False,False,True,False,True,False,False,True,False,False,False,False,False,False,False,False,True,0
29,2,3,1,49780,0.0,13,0,7.0,3,6,1,5,3.0,3.0,2.0,2,3,7.816956115779645,2,False,False,True,False,True,False,False,True,False,False,False,False,False,True,False,False,False,False,False,False,False,True,False,False,False,True,1
32,10,3,1,30720,5.0,12,0,9.0,4,5,1,3,3.0,3.0,2.0,1,3,6.597560226155358,2,False,False,True,False,False,True,False,False,True,False,False,False,True,False,False,True,False,False,False,False,False,False,False,False,True,False,0
44,1,2,2,103330,3.0,14,1,19.0,2,1,0,0,4.0,3.0,1.0,2,3,10.97758573388203,2,False,True,False,False,True,False,False,False,False,True,False,False,False,True,False,False,False,False,False,False,True,False,False,True,False,False,1
42,10,3,2,28370,2.0,13,1,19.0,0,5,0,2,1.0,3.0,3.0,2,3,6.822407010014305,2,False,True,False,False,False,True,False,False,True,False,False,False,True,False,True,False,False,False,False,False,False,False,False,True,False,False,0
54,2,4,2,89380,7.0,11,3,19.0,2,1,0,0,3.0,3.0,3.0,3,3,7.676790633608816,2,False,False,True,False,True,False,False,False,False,True,False,False,False,True,False,True,False,False,False,False,False,False,False,False,False,True,0
23,6,3,3,49690,1.0,12,0,5.0,3,5,1,2,4.0,3.0,3.0,3,3,8.12734473556526,2,False,False,True,True,False,False,False,True,False,False,False,False,True,False,False,False,True,False,False,False,False,False,False,False,False,True,1
30,1,3,1,54700,1.0,18,1,12.0,2,12,6,10,3.0,1.0,3.0,3,3,6.768581306628517,1,True,False,False,False,False,True,False,False,False,True,False,False,True,False,False,False,False,False,False,False,False,True,False,True,False,False,0
58,2,4,1,26220,2.0,23,0,24.0,3,6,0,4,3.0,2.0,3.0,3,4,8.276629867046534,0,False,False,True,False,True,False,False,True,False,False,False,False,False,True,False,False,False,False,False,False,True,False,False,True,False,False,0
35,9,3,2,131420,1.0,25,2,10.0,4,10,0,8,2.0,3.0,3.0,3,4,8.021547281323876,0,False,False,True,False,True,False,False,False,False,True,False,False,True,False,False,False,False,False,False,False,False,True,False,False,False,True,0
52,1,1,2,50060,3.0,16,1,31.0,2,9,0,0,3.0,4.0,3.0,3,3,7.5865811965811965,2,False,True,False,False,True,False,False,True,False,False,False,False,False,True,False,False,True,False,False,False,False,False,False,False,True,False,0
38,7,3,2,76250,1.0,15,0,4.0,2,4,0,3,4.0,3.0,3.0,2,3,6.375856481481482,2,False,True,False,False,True,False,False,False,False,True,False,False,True,False,False,False,False,False,False,False,False,False,True,True,False,False,0
32,13,4,3,85640,2.0,16,1,6.0,2,4,1,2,3.0,2.0,3.0,2,3,8.046774496015002,2,False,False,True,True,False,False,False,True,False,False,False,False,True,False,False,False,False,False,True,False,False,False,False,False,True,False,0
29,2,4,2,28750,1.0,11,0,1.0,3,1,0,0,3.0,1.0,3.0,3,3,6.7969338512241055,2,False,True,False,True,False,False,True,False,False,False,False,False,False,True,False,False,False,False,False,False,False,True,False,False,False,True,1
34,10,4,2,74120,1.0,24,0,14.0,4,14,4,11,3.0,4.0,4.0,3,4,7.906698939603504,0,False,False,True,False,True,False,False,False,False,False,True,False,True,False,False,False,True,False,False,False,False,False,False,False,False,True,0
27,27,3,2,22930,0.0,18,0,5.0,0,4,0,2,3.0,1.0,3.0,3,3,6.512541062801933,2,False,False,True,False,False,True,False,True,False,False,False,False,False,True,False,False,False,False,False,False,True,False,False,True,False,False,1
32,10,1,1,23420,4.0,12,2,9.0,2,6,0,4,4.0,1.0,3.0,3,3,8.00852013585638,2,False,False,True,False,True,False,False,False,False,True,False,False,False,True,False,False,False,False,False,False,False,True,False,False,False,True,0
28,9,3,2,59330,0.0,11,0,5.0,3,4,1,3,3.0,1.0,3.0,3,3,6.962416789035732,2,False,True,False,False,True,False,False,True,False,False,False,False,True,False,False,False,False,False,False,False,False,True,False,False,False,True,0
35,1,3,3,167920,3.0,12,1,16.0,3,13,4,8,4.0,2.0,3.0,4,3,7.119608585858586,1,False,False,True,False,True,False,False,True,False,False,False,False,False,True,True,False,False,False,False,False,False,False,False,False,True,False,0
45,28,3,2,50670,1.0,11,2,10.0,3,10,3,9,4.0,4.0,3.0,2,3,7.283664990421456,1,False,False,True,False,True,False,False,True,False,False,False,False,True,False,False,False,True,False,False,False,False,False,False,True,False,False,0
34,26,3,1,190380,6.0,13,0,13.0,3,11,5,9,4.0,1.0,3.0,2,3,6.4319160756501175,1,False,False,True,False,True,False,False,False,False,False,True,False,True,False,False,False,False,False,False,False,False,True,False,False,True,False,0
49,5,4,1,34240,4.0,11,0,10.0,3,3,1,2,3.0,1.0,3.0,3,3,6.400011921793037,2,False,False,True,False,True,False,False,True,False,False,False,False,True,False,False,False,False,False,False,False,True,False,False,False,True,False,0
21,10,2,1,53730,1.0,12,1,1.0,2,1,0,0,3.0,2.0,3.0,3,3,5.988076302443522,2,False,False,True,True,False,False,True,False,False,False,False,False,False,True,False,False,True,False,False,False,False,False,False,False,False,True,1
40,2,2,1,25390,4.0,12,1,7.0,3,4,0,2,3.0,1.0,2.0,3,3,6.555122819100092,2,False,False,True,False,True,False,False,False,False,True,False,False,False,True,False,False,False,False,False,True,False,False,False,False,True,False,0
37,16,3,3,33880,3.0,11,0,4.0,2,1,0,0,4.0,4.0,3.0,4,3,7.604899320718098,2,False,False,True,False,True,False,False,True,False,False,False,False,False,True,False,False,False,True,False,False,False,False,False,False,False,True,0
35,6,4,2,94190,1.0,24,1,6.0,5,6,1,1,3.0,1.0,2.0,2,4,6.915613526570049,0,False,False,True,False,False,True,False,False,False,True,False,False,True,False,False,False,False,True,False,False,False,False,False,False,False,True,0
42,7,4,2,57140,5.0,11,0,10.0,2,0,0,0,2.0,1.0,2.0,3,3,6.6004096638655465,2,False,False,True,False,True,False,False,False,False,False,True,False,True,False,False,False,True,False,False,False,False,False,False,False,True,False,0
34,7,4,2,26940,1.0,16,1,2.0,3,2,2,2,1.0,3.0,3.0,3,3,7.405662393162394,2,False,False,True,False,True,False,False,False,False,True,False,False,False,True,False,False,False,False,False,False,True,False,False,False,True,False,1
31,16,3,3,22790,3.0,12,1,8.0,3,6,0,2,4.0,4.0,3.0,3,3,10.09835300925926,2,False,False,True,False,True,False,False,True,False,False,False,False,True,False,False,False,False,False,False,False,False,True,False,False,True,False,0
51,1,3,3,80080,2.0,15,1,10.0,4,1,0,0,2.0,3.0,3.0,3,3,7.573345410628019,2,False,False,True,False,True,False,False,False,False,False,True,False,True,False,False,False,False,False,False,True,False,False,False,False,True,False,0
42,21,2,1,22010,4.0,12,1,16.0,3,1,0,0,2.0,4.0,3.0,4,3,7.204965127465128,2,False,False,True,False,False,True,False,True,False,False,False,False,True,False,True,False,False,False,False,False,False,False,False,False,False,True,0
34,24,4,2,164130,6.0,16,0,6.0,1,4,1,2,3.0,3.0,3.0,3,3,7.026667884990253,2,False,True,False,False,False,True,False,False,True,False,False,False,False,True,False,False,False,False,True,False,False,False,False,False,True,False,0
39,1,4,1,36730,3.0,14,1,19.0,3,1,0,0,4.0,4.0,4.0,3,3,6.489479458450046,2,False,False,True,True,False,False,False,False,False,True,False,False,False,True,False,False,False,False,False,False,False,True,False,False,True,False,1
53,2,4,2,116910,4.0,20,0,35.0,2,9,8,8,4.0,2.0,2.0,3,4,6.87007215007215,1,False,False,True,False,True,False,False,False,False,False,False,True,False,True,False,False,False,True,False,False,False,False,False,False,False,True,0
48,13,4,4,98540,3.0,16,1,15.0,2,0,0,0,1.0,3.0,1.0,2,3,7.29477587029089,2,False,False,True,False,False,True,False,False,False,True,False,False,False,True,False,False,False,False,False,False,False,True,False,False,True,False,0
37,8,4,1,75870,0.0,22,1,7.0,5,6,1,3,3.0,3.0,1.0,3,4,7.562411616161616,0,True,False,False,False,False,True,False,False,False,True,False,False,False,True,True,False,False,False,False,False,False,False,False,False,False,True,0
37,15,3,2,44850,5.0,11,1,15.0,2,1,0,0,1.0,2.0,1.0,4,3,6.593880820654679,2,False,False,True,False,False,True,False,False,True,False,False,False,False,True,False,False,True,False,False,False,False,False,False,False,True,False,1
45,2,3,2,103680,6.0,12,2,23.0,2,19,12,8,4.0,4.0,3.0,3,3,6.608641843971631,1,True,False,False,False,True,False,False,False,False,True,False,False,True,False,False,False,False,False,False,False,True,False,False,False,False,True,0
36,3,3,2,20180,1.0,13,0,6.0,5,6,0,3,2.0,2.0,3.0,3,3,7.211824074074074,2,False,True,False,False,True,False,False,True,False,False,False,False,True,False,False,False,True,False,False,False,False,False,False,False,False,True,0
49,1,3,3,73140,7.0,22,0,25.0,2,7,0,7,3.0,3.0,3.0,3,4,9.991833098921706,0,False,False,True,False,True,False,False,True,False,False,False,False,False,True,False,False,False,False,True,False,False,False,False,False,False,True,0
29,4,2,2,65400,1.0,22,0,10.0,2,10,1,2,2.0,4.0,2.0,1,4,10.868111343561132,0,False,False,True,False,False,True,False,False,False,False,True,False,True,False,True,False,False,False,False,False,False,False,False,False,True,False,0
59,10,4,3,23080,7.0,19,1,20.0,4,4,1,3,1.0,3.0,2.0,2,3,6.789967391304348,2,False,True,False,False,True,False,False,True,False,False,False,False,False,True,False,False,False,False,False,False,True,False,False,False,False,True,0
38,22,2,1,137340,0.0,13,0,3.0,3,2,1,2,2.0,2.0,3.0,4,3,7.0055765639589165,2,False,False,True,False,False,True,False,False,False,True,False,False,False,True,False,False,False,False,False,False,False,True,False,False,True,False,0
38,6,4,3,107480,7.0,15,0,17.0,3,1,0,0,2.0,1.0,3.0,3,3,8.400432367149758,2,False,False,True,False,False,True,False,True,False,False,False,False,True,False,False,False,False,False,False,False,True,False,False,False,True,False,1
47,18,4,2,55820,1.0,16,0,9.0,3,9,0,7,4.0,4.0,3.0,3,3,8.015667824074074,2,False,False,True,False,False,True,False,False,False,True,False,False,True,False,False,False,False,False,False,False,True,False,False,False,False,True,0
33,9,2,4,29090,2.0,11,0,10.0,2,5,1,3,3.0,1.0,3.0,2,3,6.55703314659197,2,False,True,False,False,False,True,False,False,True,False,False,False,False,True,False,True,False,False,False,False,False,False,False,False,True,False,0
46,1,2,2,97140,1.0,22,0,9.0,0,9,4,7,3.0,4.0,3.0,3,4,6.197463269054178,0,False,False,True,False,False,True,False,False,False,True,False,False,True,False,False,False,False,False,False,False,True,False,False,False,False,True,1
34,2,3,2,53430,1.0,14,0,10.0,5,10,4,8,2.0,3.0,3.0,2,3,7.373935584291187,1,False,False,True,False,True,False,False,True,False,False,False,False,False,True,False,False,True,False,False,False,False,False,False,False,True,False,0
39,2,1,2,51550,2.0,18,1,7.0,3,2,2,2,3.0,4.0,3.0,2,3,6.198692468619248,2,False,True,False,False,True,False,False,False,False,True,False,False,False,True,True,False,False,False,False,False,False,False,False,True,False,False,0
25,5,2,3,26600,5.0,13,0,6.0,3,2,0,2,1.0,1.0,3.0,3,3,6.4915693858415375,2,False,False,True,False,True,False,False,True,False,False,False,False,True,False,False,False,True,False,False,False,False,False,False,False,True,False,1
36,1,3,3,34520,2.0,13,3,18.0,4,11,0,9,1.0,4.0,3.0,4,3,7.197060478199719,1,True,False,False,False,True,False,False,False,False,True,False,False,False,True,False,False,False,False,False,False,False,False,True,False,False,True,0
50,9,3,3,98880,6.0,15,0,20.0,2,4,1,3,4.0,4.0,3.0,3,3,6.918520408163265,2,False,False,True,False,True,False,False,False,False,True,False,False,True,False,False,False,True,False,False,False,False,False,False,False,False,True,0
53,2,4,2,116910,4.0,20,0,35.0,2,9,8,8,4.0,2.0,2.0,3,4,6.901845760233918,1,False,False,True,False,True,False,False,False,False,False,False,True,False,True,False,False,False,True,False,False,False,False,False,False,False,True,0
26,5,4,2,46820,1.0,11,1,6.0,3,5,1,3,1.0,1.0,3.0,1,3,7.490146923783287,2,False,False,True,False,True,False,False,False,False,True,False,False,True,False,False,False,False,False,False,False,False,True,False,False,True,False,0
20,29,3,3,27070,1.0,11,0,1.0,2,1,0,0,1.0,1.0,3.0,3,3,6.124794945159752,2,False,False,True,False,True,False,False,True,False,False,False,False,True,False,False,False,True,False,False,False,False,False,False,False,False,True,1
30,15,3,2,23800,4.0,18,3,9.0,2,5,1,4,3.0,4.0,1.0,2,3,7.906804407713499,2,True,False,False,False,True,False,False,False,False,True,False,False,True,False,False,False,False,False,False,False,False,True,False,False,True,False,0
39,2,3,2,131940,0.0,11,0,10.0,2,9,3,8,1.0,3.0,1.0,3,3,6.680691609977325,2,False,True,False,False,True,False,False,False,False,False,False,True,True,False,False,False,False,True,False,False,False,False,False,False,False,True,0
42,15,1,2,46680,9.0,18,2,8.0,2,4,0,2,4.0,4.0,3.0,3,3,10.472171934865898,2,False,False,True,False,False,True,False,False,True,False,False,False,False,True,False,False,True,False,False,False,False,False,False,False,True,False,0
25,25,2,2,37020,0.0,20,0,5.0,4,4,1,2,1.0,3.0,3.0,3,4,7.706631794131794,0,False,False,True,False,True,False,False,True,False,False,False,False,False,True,False,False,False,False,False,False,False,True,False,False,True,False,0
26,21,1,1,135250,8.0,17,1,7.0,4,2,2,2,2.0,1.0,3.0,2,3,7.708031148303115,2,True,False,False,False,True,False,False,True,False,False,False,False,True,False,False,False,False,False,True,False,False,False,False,False,False,True,1
34,24,4,2,164130,6.0,16,0,6.0,1,4,1,2,3.0,3.0,3.0,3,3,6.977579022988506,2,False,True,False,False,False,True,False,False,True,False,False,False,False,True,False,False,False,False,True,False,False,False,False,False,True,False,0
49,1,1,2,35910,9.0,13,0,22.0,2,3,1,2,3.0,1.0,3.0,3,3,10.518214624881292,2,False,True,False,False,True,False,False,False,False,True,False,False,True,False,False,False,False,False,False,False,True,False,False,False,False,True,0
26,1,4,2,143360,1.0,21,1,8.0,3,8,0,7,1.0,4.0,3.0,3,4,7.471162374821173,0,False,False,True,False,True,False,False,True,False,False,False,False,False,True,False,False,False,False,False,False,False,False,True,False,True,False,0
40,23,3,1,45020,8.0,12,2,15.0,0,7,3,7,3.0,4.0,4.0,2,3,10.400431972789116,1,False,False,True,False,True,False,False,False,False,True,False,False,True,False,False,False,True,False,False,False,False,False,False,False,True,False,0
22,15,4,1,124900,0.0,13,0,4.0,3,3,0,2,2.0,3.0,4.0,3,3,9.8010101010101,2,False,False,True,False,True,False,False,True,False,False,False,False,True,False,False,False,True,False,False,False,False,False,False,False,True,False,1
38,2,5,3,83210,3.0,11,3,13.0,5,8,7,5,4.0,4.0,3.0,2,3,7.221461925287356,1,True,False,False,False,True,False,False,True,False,False,False,False,False,True,False,True,False,False,False,False,False,False,False,False,True,False,0
49,1,4,3,69490,1.0,14,1,10.0,2,9,1,4,3.0,1.0,2.0,3,3,7.268998178506376,2,False,False,True,False,True,False,False,True,False,False,False,False,False,True,True,False,False,False,False,False,False,False,False,False,True,False,0
45,2,3,1,50980,3.0,14,1,8.0,4,2,0,2,1.0,4.0,2.0,3,3,6.787695733708392,2,False,False,True,False,True,False,False,False,False,True,False,False,True,False,False,False,False,False,False,False,False,True,False,False,True,False,0
32,1,3,3,26620,1.0,11,1,13.0,6,13,11,9,3.0,2.0,3.0,4,3,10.529409576940958,1,False,False,True,False,True,False,False,True,False,False,False,False,False,True,False,False,False,False,False,False,True,False,False,False,True,False,0
40,7,3,1,28000,3.0,12,2,8.0,0,2,2,2,4.0,4.0,3.0,2,3,8.397320127504553,2,True,False,False,False,True,False,False,False,False,True,False,False,False,True,False,False,False,False,False,False,True,False,False,True,False,False,0
42,8,4,1,60620,1.0,22,2,12.0,2,12,5,8,1.0,4.0,3.0,3,4,7.286386583679115,0,False,True,False,False,True,False,False,False,False,True,False,False,True,False,False,False,False,False,False,False,False,True,False,False,False,True,0
45,8,4,2,29940,4.0,18,1,12.0,2,4,0,3,2.0,3.0,3.0,3,3,7.7881630086877,2,False,True,False,False,True,False,False,True,False,False,False,False,True,False,False,False,False,True,False,False,False,False,False,False,False,True,0
25,16,4,2,198590,3.0,19,0,6.0,3,3,2,2,1.0,1.0,3.0,2,3,7.215596926713947,2,False,False,True,False,False,True,False,True,False,False,False,False,False,True,False,False,False,False,False,False,True,False,False,False,True,False,1
40,3,3,1,68330,2.0,13,0,22.0,3,19,11,16,1.0,3.0,3.0,3,3,6.832436342592592,1,False,False,True,False,True,False,False,False,False,False,True,False,False,True,False,False,False,False,False,False,False,True,False,True,False,False,0
29,2,3,1,49780,0.0,13,0,7.0,3,6,1,5,3.0,3.0,2.0,2,3,7.785265046296297,2,False,False,True,False,True,False,False,True,False,False,False,False,False,True,False,False,False,False,False,False,False,True,False,False,False,True,1
28,19,4,4,52380,1.0,17,1,10.0,4,10,1,9,2.0,1.0,2.0,2,3,7.391012396694215,2,True,False,False,False,True,False,False,True,False,False,False,False,True,False,False,False,True,False,False,False,False,False,False,False,False,True,1
32,1,2,3,136950,0.0,13,0,3.0,3,2,2,2,2.0,2.0,3.0,3,3,6.009841772151899,2,False,False,True,False,True,False,False,False,False,True,False,False,False,True,False,False,False,False,False,False,False,True,False,False,True,False,0
48,3,3,1,54150,7.0,11,1,27.0,1,15,4,8,3.0,3.0,3.0,3,3,6.495245821042281,1,False,False,True,False,False,True,False,False,False,True,False,False,False,True,False,False,False,False,False,True,False,False,False,False,False,True,0
47,1,3,5,135700,5.0,16,2,20.0,2,5,0,4,1.0,4.0,3.0,2,3,7.799077681577681,2,False,False,True,False,True,False,False,False,False,False,False,True,False,True,False,False,False,False,True,False,False,False,False,True,False,False,0
55,23,5,3,36970,3.0,13,1,23.0,1,3,1,2,4.0,2.0,3.0,3,3,6.733892496392495,2,False,True,False,False,True,False,False,True,False,False,False,False,False,True,False,False,True,False,False,False,False,False,False,False,True,False,0
36,2,4,4,54820,1.0,18,0,18.0,3,17,15,14,3.0,1.0,3.0,3,3,7.778434449093444,1,False,False,True,False,False,True,False,False,False,False,False,True,False,True,False,False,False,False,False,False,False,True,False,False,False,True,1
54,23,3,1,136030,8.0,13,1,22.0,2,10,0,8,3.0,3.0,3.0,3,3,6.599765051395008,1,False,False,True,False,False,True,False,False,False,True,False,False,True,False,False,False,True,False,False,False,False,False,False,False,True,False,0
27,16,4,3,49980,0.0,20,2,8.0,3,7,7,3,4.0,1.0,2.0,3,4,7.678046139359698,0,False,True,False,False,True,False,False,False,False,True,False,False,False,True,True,False,False,False,False,False,False,False,False,False,True,False,0
34,5,3,2,137440,0.0,20,1,3.0,3,2,1,0,4.0,3.0,2.0,3,4,6.200646551724139,0,False,True,False,False,True,False,False,False,False,True,False,False,False,True,False,False,False,False,False,False,True,False,False,True,False,False,1
43,10,5,2,26830,4.0,11,0,21.0,3,1,0,0,2.0,4.0,2.0,3,3,8.721149626517274,2,False,False,True,False,True,False,False,False,False,False,False,True,True,False,False,False,False,False,False,False,False,True,False,True,False,False,0
48,10,4,3,22700,2.0,14,3,23.0,2,2,2,2,3.0,4.0,3.0,3,3,7.111725146198831,2,False,True,False,False,False,True,False,False,True,False,False,False,True,False,False,False,False,True,False,False,False,False,False,False,True,False,0
24,3,3,2,76540,2.0,17,1,4.0,3,0,0,0,2.0,1.0,2.0,2,3,8.521810920362421,2,False,True,False,False,False,True,False,True,False,False,False,False,False,True,False,False,False,False,False,False,True,False,False,False,False,True,1
33,15,3,4,194360,1.0,19,2,10.0,4,10,6,0,4.0,3.0,3.0,3,3,7.882856461611826,2,True,False,False,False,False,True,False,False,False,False,True,False,False,True,False,False,False,False,False,True,False,False,False,False,False,True,0
49,9,3,2,190330,2.0,18,1,7.0,5,4,0,2,3.0,1.0,3.0,3,3,7.517452919020717,2,False,False,True,False,False,True,False,False,False,False,False,True,True,False,False,False,False,False,False,False,False,False,True,False,True,False,0
55,23,5,3,36970,3.0,13,1,23.0,1,3,1,2,4.0,2.0,3.0,3,3,6.704065972222223,2,False,True,False,False,True,False,False,True,False,False,False,False,False,True,False,False,True,False,False,False,False,False,False,False,True,False,0
43,1,4,3,76550,9.0,12,1,6.0,3,1,0,0,3.0,3.0,3.0,3,3,8.407244212962961,2,False,True,False,False,True,False,False,False,False,False,True,False,False,True,False,False,False,False,False,False,False,True,False,False,True,False,1
34,1,5,1,53810,1.0,12,0,10.0,0,10,8,8,2.0,4.0,2.0,3,3,7.402895955165692,1,False,False,True,False,True,False,False,False,False,True,False,False,False,True,False,False,False,False,False,False,True,False,False,False,True,False,0
27,7,3,1,28110,2.0,20,0,6.0,3,4,1,2,4.0,4.0,2.0,3,4,6.421498792270531,0,False,True,False,False,True,False,False,True,False,False,False,False,False,True,False,False,False,False,False,False,True,False,False,False,False,True,0
30,10,2,3,188800,0.0,22,1,12.0,3,11,6,7,3.0,4.0,2.0,3,4,6.288169577874818,0,True,False,False,False,False,True,False,True,False,False,False,False,False,True,False,False,True,False,False,False,False,False,False,False,False,True,0
43,2,2,1,32110,4.0,13,0,18.0,2,3,1,2,2.0,3.0,3.0,4,3,7.990022675736961,2,False,True,False,False,False,True,False,True,False,False,False,False,False,True,False,False,False,False,False,False,False,True,False,False,False,True,0
37,1,3,1,170680,3.0,23,0,8.0,6,4,0,1,4.0,2.0,2.0,3,4,7.26327536231884,0,False,False,True,False,True,False,False,True,False,False,False,False,False,True,False,False,True,False,False,False,False,False,False,False,False,True,0
42,18,2,1,23980,0.0,14,1,10.0,2,9,7,8,4.0,1.0,3.0,2,3,9.492594513600736,1,False,False,True,False,False,True,False,False,False,True,False,False,False,True,False,False,True,False,False,False,False,False,False,True,False,False,0
41,2,2,2,107980,6.0,14,2,10.0,5,3,1,2,3.0,2.0,3.0,1,3,7.72273088023088,2,True,False,False,False,False,True,False,False,False,True,False,False,False,True,False,False,False,False,False,False,True,False,False,False,True,False,0
33,10,2,2,34200,1.0,14,0,8.0,3,8,3,0,4.0,3.0,3.0,3,3,9.51720177970178,2,False,True,False,False,True,False,False,False,False,True,False,False,False,True,False,False,False,False,False,False,True,False,False,False,True,False,0
42,8,4,1,60620,1.0,22,2,12.0,2,12,5,8,1.0,4.0,3.0,3,4,7.282114132961412,0,False,True,False,False,True,False,False,False,False,True,False,False,True,False,False,False,False,False,False,False,False,True,False,False,False,True,0
51,18,2,4,77250,1.0,13,1,33.0,2,33,0,10,3.0,2.0,3.0,3,3,9.523341503267972,1,False,False,True,False,False,True,False,True,False,False,False,False,False,True,False,False,False,False,True,False,False,False,False,True,False,False,0
37,1,3,1,170680,3.0,23,0,8.0,6,4,0,1,4.0,2.0,2.0,3,4,7.308251207729469,0,False,False,True,False,True,False,False,True,False,False,False,False,False,True,False,False,True,False,False,False,False,False,False,False,False,True,0
29,9,4,2,29960,9.0,25,0,4.0,4,2,2,2,1.0,4.0,4.0,3,4,10.940326135852452,0,False,False,True,False,True,False,False,False,False,True,False,False,False,True,False,False,False,False,False,False,False,False,True,False,True,False,1
35,2,3,2,21570,1.0,25,0,16.0,1,16,1,10,2.0,1.0,3.0,2,4,7.603104018912529,0,False,False,True,False,True,False,False,False,False,True,False,False,True,False,False,False,False,False,False,False,False,True,False,False,True,False,0
37,10,4,3,30720,5.0,14,0,17.0,3,14,11,7,1.0,3.0,1.0,2,3,6.274626352015732,1,False,False,True,False,False,True,False,False,True,False,False,False,True,False,False,True,False,False,False,False,False,False,False,False,True,False,1
35,4,4,1,180410,3.0,20,1,15.0,3,7,1,7,3.0,1.0,3.0,2,4,8.515865209471768,0,False,False,True,False,False,True,False,False,True,False,False,False,False,True,False,False,True,False,False,False,False,False,False,False,True,False,0
35,4,3,2,78980,7.0,15,0,5.0,2,2,2,2,4.0,3.0,3.0,2,3,10.434484618916436,2,False,False,True,False,True,False,False,True,False,False,False,False,False,True,True,False,False,False,False,False,False,False,False,False,True,False,0
26,9,3,1,162910,1.0,22,0,5.0,3,5,3,3,1.0,1.0,3.0,3,4,10.977123430962344,0,False,True,False,False,True,False,False,True,False,False,False,False,True,False,False,False,False,True,False,False,False,False,False,False,True,False,0
45,28,3,2,50670,1.0,11,2,10.0,3,10,3,9,4.0,4.0,3.0,2,3,7.326619990892532,1,False,False,True,False,True,False,False,True,False,False,False,False,True,False,False,False,True,False,False,False,False,False,False,True,False,False,0
35,2,4,3,104660,1.0,13,0,2.0,1,2,2,2,4.0,4.0,3.0,3,3,7.090280162136385,2,False,False,True,False,False,True,False,False,True,False,False,False,False,True,False,False,False,False,True,False,False,False,False,False,True,False,0
38,14,2,1,41710,0.0,23,0,10.0,4,9,7,7,3.0,2.0,3.0,4,4,7.048311614083219,0,False,False,True,False,False,True,False,False,True,False,False,False,True,False,False,False,False,False,False,False,False,True,False,False,True,False,0
26,4,4,3,47890,7.0,20,1,5.0,2,2,0,0,3.0,4.0,2.0,3,4,10.19942254495159,0,False,False,True,False,True,False,False,True,False,False,False,False,True,False,False,False,False,False,False,False,False,True,False,False,True,False,0
31,10,4,3,61250,0.0,13,1,3.0,3,2,1,2,1.0,3.0,3.0,3,3,7.20173928077455,2,False,False,True,False,True,False,False,False,False,True,False,False,True,False,False,False,False,False,False,False,False,True,False,False,True,False,0
29,5,3,2,109340,6.0,17,2,11.0,2,9,0,7,1.0,1.0,1.0,3,3,6.523200783771324,2,False,False,True,False,True,False,False,True,False,False,False,False,True,False,False,False,False,False,False,False,True,False,False,False,False,True,1
30,3,2,3,11290,9.0,19,0,3.0,2,1,0,0,3.0,4.0,3.0,2,3,8.19166087962963,2,False,True,False,False,False,True,False,False,True,False,False,False,False,True,False,False,False,False,False,False,True,False,False,False,False,True,1
35,24,3,3,20700,1.0,13,3,5.0,1,4,0,2,3.0,2.0,1.0,2,3,9.320771072796935,2,False,False,True,False,False,True,False,False,False,True,False,False,False,True,True,False,False,False,False,False,False,False,False,True,False,False,1
29,6,3,1,22440,1.0,12,3,11.0,5,11,3,10,4.0,1.0,1.0,1,3,6.771594304388422,1,False,False,True,False,True,False,False,True,False,False,False,False,False,True,False,False,False,False,False,False,False,True,False,False,True,False,1
28,2,4,3,20750,7.0,18,3,10.0,0,7,3,7,1.0,2.0,3.0,2,3,8.101006224066388,2,False,False,True,False,False,True,False,True,False,False,False,False,False,True,False,False,False,False,False,False,True,False,False,False,False,True,1
32,5,3,1,34770,1.0,11,0,14.0,2,14,9,8,4.0,4.0,2.0,4,3,7.782491795593062,1,False,False,True,False,True,False,False,False,False,True,False,False,False,True,True,False,False,False,False,False,False,False,False,False,True,False,1
28,15,4,2,41970,1.0,13,0,1.0,3,1,0,0,3.0,4.0,2.0,1,3,10.33863038548753,2,False,False,True,False,True,False,False,True,False,False,False,False,False,True,False,False,False,False,False,False,False,True,False,False,True,False,1
29,18,3,2,31430,2.0,22,3,10.0,2,0,0,0,1.0,2.0,3.0,3,4,6.725620713305898,0,False,False,True,False,True,False,False,True,False,False,False,False,False,True,False,False,False,False,False,False,False,True,False,False,True,False,0
48,13,4,4,98540,3.0,16,1,15.0,2,0,0,0,1.0,3.0,1.0,2,3,7.317479732951836,2,False,False,True,False,False,True,False,False,False,True,False,False,False,True,False,False,False,False,False,False,False,True,False,False,True,False,0
27,6,2,1,42600,1.0,11,2,4.0,2,4,2,2,4.0,3.0,3.0,3,3,7.396815776815776,2,False,False,True,False,True,False,False,False,False,True,False,False,True,False,True,False,False,False,False,False,False,False,False,False,True,False,0
41,1,3,4,191410,3.0,12,1,12.0,2,6,3,3,4.0,4.0,2.0,3,3,10.680777310924368,2,False,True,False,False,True,False,False,True,False,False,False,False,False,True,False,False,False,False,False,False,False,True,False,True,False,False,0
38,4,3,2,100480,1.0,23,1,6.0,2,5,1,3,3.0,4.0,3.0,3,4,8.100102339181285,0,True,False,False,False,False,True,False,True,False,False,False,False,False,True,False,False,False,False,False,True,False,False,False,False,False,True,0
37,2,3,1,56470,6.0,19,0,7.0,2,0,0,0,4.0,3.0,3.0,3,3,8.49064932020628,2,False,False,True,False,True,False,False,True,False,False,False,False,False,True,False,False,False,False,False,False,False,True,False,False,False,True,1
39,11,3,1,160150,1.0,11,0,21.0,3,21,2,8,4.0,1.0,3.0,4,3,10.81973726851852,1,False,True,False,False,False,True,False,False,True,False,False,False,False,True,False,False,False,False,False,False,False,True,False,False,False,True,0
55,26,2,2,27890,3.0,13,1,17.0,2,8,6,7,3.0,2.0,3.0,2,3,8.626039312617701,1,False,True,False,False,True,False,False,True,False,False,False,False,True,False,False,False,False,False,False,False,False,True,False,False,True,False,0
43,5,3,2,96990,8.0,19,1,18.0,3,8,0,1,3.0,1.0,3.0,3,3,7.070169880624427,2,False,True,False,False,True,False,False,False,False,True,False,False,True,False,False,False,True,False,False,False,False,False,False,False,True,False,0
35,18,5,2,65380,2.0,16,1,15.0,3,7,6,4,3.0,2.0,4.0,3,3,6.898151664322551,2,False,False,True,False,True,False,False,False,False,True,False,False,True,False,False,False,False,False,False,False,True,False,False,True,False,False,0
46,4,4,2,27430,5.0,25,1,14.0,1,8,0,7,3.0,2.0,3.0,4,4,7.89895949074074,0,False,False,True,False,True,False,False,False,False,True,False,False,True,False,False,False,False,False,False,False,False,False,True,False,True,False,1
34,10,4,1,192460,3.0,15,1,15.0,5,13,3,12,4.0,1.0,3.0,3,3,6.880241290018833,1,False,False,True,False,True,False,False,True,False,False,False,False,True,False,False,False,False,False,False,False,False,False,True,False,False,True,0
23,2,4,2,49360,0.0,19,1,5.0,2,4,1,2,1.0,3.0,3.0,2,3,7.6981632403328435,2,False,False,True,False,True,False,False,False,False,True,False,False,True,False,False,False,False,True,False,False,False,False,False,False,False,True,0
40,1,1,1,42860,9.0,15,0,6.0,6,4,0,0,3.0,3.0,3.0,3,3,7.242989028944912,2,True,False,False,False,True,False,False,True,False,False,False,False,False,True,False,False,True,False,False,False,False,False,False,True,False,False,0
22,12,1,2,25340,0.0,11,0,4.0,1,3,1,2,4.0,3.0,4.0,3,3,6.414363173216886,2,False,False,True,True,False,False,True,False,False,False,False,False,False,True,False,False,False,False,False,False,False,True,False,False,False,True,0
32,3,2,3,47210,3.0,14,1,6.0,3,3,0,2,2.0,4.0,3.0,3,3,6.289856973995271,2,False,False,True,False,True,False,False,True,False,False,False,False,False,True,False,False,False,False,False,False,True,False,False,False,True,False,0
42,1,3,1,174650,8.0,13,1,7.0,3,5,0,4,2.0,2.0,2.0,3,3,6.683682336182335,2,False,False,True,True,False,False,False,False,False,False,True,False,True,False,True,False,False,False,False,False,False,False,False,True,False,False,0
21,1,4,1,57750,1.0,18,0,1.0,2,1,1,0,3.0,1.0,2.0,3,3,6.621757641921398,2,False,False,True,False,True,False,False,True,False,False,False,False,False,True,False,False,False,True,False,False,False,False,False,False,False,True,1
35,16,3,2,23940,1.0,16,1,9.0,3,9,1,7,3.0,4.0,3.0,3,3,10.505156028368797,2,False,False,True,False,True,False,False,False,False,True,False,False,True,False,True,False,False,False,False,False,False,False,False,False,False,True,0
32,20,3,1,45810,3.0,14,1,8.0,3,5,1,4,3.0,3.0,3.0,3,3,6.9309076510721255,2,False,False,True,False,True,False,False,False,False,True,False,False,True,False,False,False,False,False,True,False,False,False,False,False,False,True,0
38,29,3,1,37220,5.0,14,0,6.0,0,3,1,2,4.0,4.0,3.0,3,3,9.68517361111111,2,False,False,True,False,True,False,False,True,False,False,False,False,True,False,False,False,False,False,True,False,False,False,False,False,False,True,0
25,7,4,1,22160,2.0,13,3,6.0,2,3,1,2,1.0,3.0,3.0,2,3,7.2260580912863075,2,False,False,True,False,True,False,False,True,False,False,False,False,False,True,False,False,False,False,False,False,False,True,False,False,True,False,0
38,8,2,5,49300,9.0,14,0,14.0,0,1,0,0,4.0,3.0,3.0,3,3,6.297548463356973,2,False,False,True,False,False,True,False,False,True,False,False,False,False,True,False,False,False,False,False,False,True,False,False,False,True,False,0
45,10,4,1,56050,1.0,12,2,1.0,2,1,0,0,2.0,3.0,3.0,3,3,6.619438431938432,2,False,False,True,False,True,False,False,True,False,False,False,False,False,True,False,False,False,False,False,True,False,False,False,False,False,True,0
37,2,3,2,97560,4.0,19,0,13.0,2,9,5,8,1.0,4.0,3.0,3,3,6.95293388429752,1,False,True,False,False,False,True,False,False,True,False,False,False,True,False,False,False,True,False,False,False,False,False,False,True,False,False,0
27,8,4,5,21070,0.0,13,0,6.0,2,5,0,2,4.0,4.0,2.0,3,3,10.215344907407406,2,False,True,False,False,False,True,False,True,False,False,False,False,False,True,False,False,False,False,False,False,True,False,False,False,False,True,0
44,5,3,1,23190,3.0,18,0,7.0,4,5,0,3,3.0,3.0,3.0,2,3,6.599003195673549,2,True,False,False,False,True,False,False,True,False,False,False,False,False,True,False,False,True,False,False,False,False,False,False,False,False,True,0
45,2,3,3,60740,0.0,14,0,9.0,2,8,3,1,2.0,3.0,3.0,3,3,5.994080086580087,2,False,False,True,False,False,True,False,True,False,False,False,False,False,True,True,False,False,False,False,False,False,False,False,False,False,True,0
34,2,5,4,23230,0.0,17,0,4.0,2,3,0,2,3.0,4.0,1.0,3,3,6.913744769874477,2,False,False,True,False,False,True,False,True,False,False,False,False,False,True,False,False,False,False,False,False,True,False,False,False,True,False,0
40,5,5,1,52310,1.0,12,2,21.0,4,21,7,7,3.0,4.0,3.0,3,3,8.38660327339788,1,False,False,True,False,False,True,False,True,False,False,False,False,False,True,False,False,False,False,True,False,False,False,False,False,False,True,0
32,17,4,4,193280,1.0,15,3,5.0,2,5,0,3,2.0,2.0,1.0,3,3,7.012908496732026,2,False,True,False,False,True,False,False,False,False,False,True,False,False,True,False,False,False,False,False,False,False,True,False,False,True,False,0
20,8,3,3,34640,1.0,20,0,2.0,3,2,0,2,4.0,4.0,3.0,2,4,9.131183523266856,0,False,True,False,False,False,True,False,False,True,False,False,False,False,True,False,False,False,False,False,False,False,True,False,False,False,True,1
56,4,3,2,198470,4.0,14,0,6.0,6,0,0,0,4.0,1.0,3.0,3,3,7.890800865800866,2,False,False,True,False,True,False,False,False,False,False,False,True,True,False,False,False,False,False,False,False,False,True,False,False,True,False,0
23,7,2,3,105520,2.0,11,0,4.0,2,2,2,2,4.0,3.0,3.0,3,3,6.714817670093,2,False,False,True,False,True,False,False,True,False,False,False,False,True,False,False,False,False,True,False,False,False,False,False,False,True,False,0
24,7,4,1,25760,8.0,17,3,6.0,3,4,1,2,4.0,2.0,3.0,3,3,7.93735992402659,2,False,False,True,False,False,True,False,True,False,False,False,False,True,False,False,False,True,False,False,False,False,False,False,False,False,True,0
29,1,4,3,27160,0.0,18,0,8.0,2,7,1,1,4.0,2.0,2.0,1,3,7.090194444444444,2,False,True,False,False,True,False,False,False,False,True,False,False,False,True,False,False,False,False,False,False,True,False,False,True,False,False,0
22,8,3,3,108510,1.0,16,1,1.0,2,1,0,0,4.0,4.0,2.0,4,3,10.002944444444443,2,True,False,False,False,True,False,False,True,False,False,False,False,True,False,False,False,False,False,False,False,False,True,False,True,False,False,0
27,1,3,1,20580,1.0,14,1,1.0,5,1,0,0,2.0,3.0,3.0,3,3,7.710114657210402,2,False,False,True,False,True,False,False,False,False,True,False,False,False,True,False,False,False,False,False,False,True,False,False,False,False,True,0
20,18,4,2,37430,1.0,13,1,2.0,2,2,2,2,3.0,3.0,3.0,3,3,6.625714115402956,2,False,False,True,False,True,False,False,False,False,True,False,False,True,False,False,False,False,False,False,False,False,True,False,False,False,True,0
27,4,3,2,51710,0.0,20,1,9.0,1,8,0,7,1.0,3.0,3.0,2,4,7.590319865319866,0,False,False,True,False,True,False,False,False,False,False,False,True,False,True,False,False,False,False,True,False,False,False,False,False,False,True,0
36,1,4,3,41070,3.0,11,1,17.0,2,13,6,7,3.0,4.0,2.0,1,3,6.298267085076708,1,False,False,True,True,False,False,False,True,False,False,False,False,True,False,False,False,False,False,False,False,True,False,False,False,False,True,0
30,2,3,2,40000,4.0,12,0,7.0,5,5,0,1,1.0,3.0,3.0,2,3,10.505095744680853,2,False,False,True,False,False,True,False,True,False,False,False,False,False,True,True,False,False,False,False,False,False,False,False,False,True,False,1
41,23,3,2,26570,4.0,11,0,10.0,3,7,1,0,2.0,4.0,2.0,4,3,10.40173314339981,2,False,False,True,False,True,False,False,True,False,False,False,False,True,False,False,False,False,False,False,False,False,True,False,True,False,False,1
32,1,1,2,27410,7.0,11,0,7.0,3,2,2,2,3.0,2.0,2.0,3,3,10.411639709329584,2,False,False,True,False,True,False,False,False,False,True,False,False,False,True,False,False,True,False,False,False,False,False,False,False,False,True,1
37,7,4,4,71430,2.0,21,0,8.0,6,1,0,0,4.0,4.0,3.0,2,4,10.622468354430378,0,False,False,True,False,True,False,False,True,False,False,False,False,False,True,False,False,False,False,False,False,False,True,False,True,False,False,0
32,5,3,1,96020,1.0,13,1,10.0,3,10,1,1,4.0,3.0,3.0,3,3,6.469036643026004,2,False,False,True,False,True,False,False,False,False,False,False,True,True,False,False,False,False,False,False,False,False,True,False,False,True,False,1
33,7,2,2,37370,8.0,22,2,8.0,2,5,0,2,1.0,2.0,3.0,3,4,7.897586956521739,0,False,False,True,False,True,False,False,True,False,False,False,False,False,True,False,False,False,False,False,False,True,False,False,False,True,False,0
35,8,4,3,38380,1.0,16,1,1.0,2,1,0,1,4.0,4.0,3.0,3,3,6.919921802054155,2,False,False,True,False,True,False,False,False,False,True,False,False,True,False,False,False,False,False,False,False,True,False,False,False,True,False,0
51,29,4,5,24510,3.0,17,0,10.0,2,4,0,3,4.0,4.0,3.0,2,3,6.680548668503214,2,False,False,True,False,True,False,False,True,False,False,False,False,True,False,False,False,False,False,True,False,False,False,False,False,True,False,0
40,9,3,3,22380,6.0,14,0,10.0,3,1,0,0,1.0,3.0,3.0,3,3,6.905994886099489,2,False,True,False,False,False,True,False,False,True,False,False,False,False,True,False,False,False,False,True,False,False,False,False,False,False,True,0
40,26,4,1,34820,0.0,18,1,21.0,2,20,1,12,3.0,3.0,3.0,2,3,6.014923816221285,1,False,False,True,False,False,True,False,False,True,False,False,False,True,False,False,False,False,False,False,False,False,True,False,False,True,False,0
35,23,4,2,63340,1.0,14,0,11.0,2,11,3,3,4.0,2.0,1.0,4,3,6.211119179345321,2,False,False,True,False,True,False,False,True,False,False,False,False,False,True,False,False,False,False,False,False,True,False,False,False,False,True,0
23,12,2,2,75250,1.0,14,2,3.0,2,3,0,2,3.0,4.0,3.0,3,3,9.21426044634378,2,False,False,True,False,True,False,False,False,False,True,False,False,False,True,False,False,False,False,False,False,True,False,False,True,False,False,1
28,23,3,3,46010,0.0,15,2,6.0,2,5,0,0,2.0,1.0,2.0,3,3,7.4313206214689265,2,False,False,True,False,True,False,False,True,False,False,False,False,False,True,False,False,False,False,True,False,False,False,False,True,False,False,0
38,20,4,2,20290,3.0,11,1,20.0,3,18,1,11,2.0,3.0,3.0,2,3,8.000954106280194,1,False,False,True,False,False,True,False,False,False,True,False,False,True,False,False,False,False,False,False,True,False,False,False,False,True,False,0
47,1,1,1,57620,1.0,11,2,10.0,4,10,9,9,1.0,2.0,2.0,2,3,9.44614095500459,1,True,False,False,False,True,False,False,False,False,True,False,False,False,True,False,False,False,False,False,False,True,False,False,False,True,False,1
44,8,2,1,135030,2.0,12,0,9.0,6,5,1,4,1.0,3.0,3.0,2,3,6.12310340802988,2,True,False,False,False,True,False,False,True,False,False,False,False,False,True,False,False,False,False,False,False,True,False,False,False,False,True,0
43,16,2,1,67820,0.0,16,1,10.0,2,9,1,8,2.0,4.0,3.0,3,3,6.08843779677113,2,False,False,True,False,False,True,False,False,True,False,False,False,True,False,False,False,True,False,False,False,False,False,False,False,False,True,0
29,29,4,1,28860,3.0,13,0,10.0,4,7,7,7,2.0,3.0,3.0,3,3,8.406775878442545,1,False,False,True,False,True,False,False,False,False,False,False,True,True,False,False,False,False,False,False,False,False,False,True,True,False,False,1
24,22,3,1,29350,0.0,14,2,3.0,5,2,2,1,4.0,4.0,3.0,2,3,6.030856290174472,2,False,True,False,False,False,True,False,True,False,False,False,False,True,False,True,False,False,False,False,False,False,False,False,False,True,False,0
35,13,3,3,20420,0.0,16,0,6.0,2,5,1,4,1.0,4.0,4.0,3,3,8.161027658559846,2,False,True,False,False,True,False,False,True,False,False,False,False,False,True,False,False,False,False,False,False,False,True,False,False,False,True,0
27,4,3,5,21940,1.0,12,0,6.0,5,6,0,4,4.0,4.0,3.0,3,3,8.938866430260047,2,False,True,False,False,False,True,False,False,False,False,False,True,False,True,False,False,True,False,False,False,False,False,False,True,False,False,0
28,7,5,2,171230,5.0,15,1,6.0,2,4,0,3,3.0,4.0,2.0,2,3,6.3198641703377385,2,False,False,True,False,False,True,False,True,False,False,False,False,True,False,False,False,False,False,False,False,False,False,True,True,False,False,1
32,6,3,1,36600,3.0,11,2,10.0,0,4,0,2,4.0,3.0,1.0,2,3,7.598678004535147,2,False,False,True,False,True,False,False,False,False,False,False,True,False,True,False,False,False,False,False,False,True,False,False,False,True,False,0
37,22,5,2,30550,2.0,14,3,17.0,3,3,0,2,3.0,1.0,2.0,3,3,7.563755935422602,2,False,False,True,False,True,False,False,False,False,True,False,False,True,False,False,False,False,False,True,False,False,False,False,False,True,False,0
36,22,4,1,29500,4.0,14,0,8.0,1,6,0,0,2.0,4.0,2.0,2,3,6.297541666666666,2,False,False,True,False,True,False,False,True,False,False,False,False,False,True,True,False,False,False,False,False,False,False,False,False,True,False,0
39,29,2,2,38750,3.0,15,0,13.0,3,6,0,5,3.0,3.0,3.0,3,3,6.594622175141243,2,True,False,False,False,True,False,False,True,False,False,False,False,False,True,False,False,False,False,False,False,False,True,False,False,True,False,0
30,3,4,1,64340,5.0,14,1,10.0,3,8,7,7,3.0,3.0,4.0,2,3,8.010463728191,1,False,False,True,False,False,True,False,False,True,False,False,False,False,True,False,False,False,False,False,False,False,True,False,True,False,False,0
31,14,2,1,167560,1.0,11,2,6.0,5,5,0,3,2.0,3.0,4.0,3,3,7.19040082846004,2,False,False,True,False,True,False,False,True,False,False,False,False,False,True,False,False,False,False,False,False,False,True,False,False,True,False,0
25,10,1,2,82370,1.0,13,0,6.0,6,6,0,3,3.0,3.0,3.0,2,3,8.532735760971056,2,False,False,True,False,False,True,False,False,True,False,False,False,False,True,False,False,False,False,False,True,False,False,False,False,False,True,1
38,18,4,2,41620,0.0,15,1,10.0,1,9,1,8,4.0,3.0,3.0,3,3,7.997498856881573,2,False,True,False,False,False,True,False,True,False,False,False,False,False,True,True,False,False,False,False,False,False,False,False,False,False,True,0
39,12,1,1,99910,1.0,16,1,8.0,3,8,0,7,3.0,3.0,3.0,3,3,7.117489583333334,2,False,True,False,False,True,False,False,False,False,True,False,False,False,True,False,False,False,False,False,False,True,False,False,False,True,False,0
44,3,4,2,25640,1.0,12,3,20.0,3,20,13,17,4.0,4.0,3.0,1,3,7.590850914205345,1,False,False,True,False,True,False,False,False,False,True,False,False,False,True,False,False,False,False,False,False,True,False,False,False,False,True,0
22,16,5,1,29910,1.0,19,2,2.0,3,2,1,2,1.0,2.0,3.0,2,3,6.28623015873016,2,False,False,True,False,True,False,False,False,False,False,True,False,False,True,False,False,False,False,False,False,True,False,False,False,True,False,0
18,1,4,2,27200,1.0,22,1,0.0,2,0,0,0,4.0,4.0,4.0,3,4,7.89032786885246,0,True,False,False,False,True,False,False,False,False,True,False,False,False,True,False,False,False,False,False,False,False,True,False,False,False,True,0
30,8,3,1,183000,0.0,14,0,7.0,6,6,0,2,3.0,1.0,2.0,3,3,6.240185185185184,2,False,False,True,False,True,False,False,False,False,True,False,False,True,False,False,False,False,False,False,False,False,True,False,False,True,False,0
29,1,3,1,23140,3.0,13,0,9.0,5,7,0,7,3.0,1.0,3.0,4,3,6.202246732026144,2,False,False,True,False,True,False,False,False,False,True,False,False,True,False,False,False,False,True,False,False,False,False,False,False,True,False,0
47,1,4,3,183030,6.0,22,1,29.0,2,3,1,2,2.0,2.0,3.0,2,4,6.705334255417243,0,False,False,True,False,True,False,False,False,False,True,False,False,False,True,False,False,True,False,False,False,False,False,False,True,False,False,0
40,22,2,1,23230,2.0,16,1,18.0,2,1,0,0,2.0,1.0,3.0,3,3,9.816450488145051,2,False,False,True,False,True,False,False,False,False,False,False,True,False,True,True,False,False,False,False,False,False,False,False,False,True,False,0
46,2,4,2,30650,2.0,11,0,7.0,3,1,0,0,3.0,3.0,4.0,3,3,6.10015690376569,2,True,False,False,False,False,True,False,False,True,False,False,False,True,False,False,False,True,False,False,False,False,False,False,False,True,False,0
48,13,4,4,98540,3.0,16,1,15.0,2,0,0,0,1.0,3.0,1.0,2,3,7.304210144927536,2,False,False,True,False,False,True,False,False,False,True,False,False,False,True,False,False,False,False,False,False,False,True,False,False,True,False,0
35,5,1,1,51630,2.0,18,2,16.0,4,1,0,0,4.0,1.0,4.0,3,3,7.098347763347763,2,True,False,False,False,True,False,False,False,False,True,False,False,False,True,True,False,False,False,False,False,False,False,False,True,False,False,0
37,4,3,1,98840,1.0,14,0,10.0,3,10,7,8,3.0,3.0,3.0,2,3,6.228323795898902,1,False,False,True,False,True,False,False,False,False,True,False,False,False,True,False,False,False,True,False,False,False,False,False,False,True,False,0
24,1,5,1,81890,1.0,14,1,1.0,3,1,0,0,3.0,2.0,3.0,3,3,6.749403910348116,2,True,False,False,False,False,True,False,False,True,False,False,False,True,False,False,False,False,False,True,False,False,False,False,True,False,False,0
46,4,4,2,27430,5.0,25,1,14.0,1,8,0,7,3.0,2.0,3.0,4,4,7.8843514492753615,0,False,False,True,False,True,False,False,False,False,True,False,False,True,False,False,False,False,False,False,False,False,False,True,False,True,False,1
40,10,1,1,65240,0.0,13,1,9.0,2,8,7,1,1.0,1.0,4.0,4,3,6.277050905531081,2,False,False,True,False,False,True,False,True,False,False,False,False,True,False,False,False,False,False,True,False,False,False,False,False,True,False,0
26,26,2,2,68120,1.0,13,0,1.0,2,1,1,0,2.0,3.0,2.0,2,3,9.305777074542895,2,False,False,True,False,True,False,False,True,False,False,False,False,False,True,False,True,False,False,False,False,False,False,False,False,True,False,0
34,8,2,1,58780,1.0,14,0,5.0,1,5,1,3,1.0,2.0,3.0,3,3,8.008844123048668,2,False,False,True,False,True,False,False,False,False,True,False,False,False,True,False,False,False,False,False,False,True,False,False,False,True,False,0
58,5,3,5,21540,4.0,21,1,29.0,3,1,0,0,4.0,4.0,2.0,3,4,9.923890036730944,0,False,False,True,False,False,True,False,False,True,False,False,False,False,True,False,False,False,False,False,False,False,False,True,False,True,False,0
34,10,3,3,47390,5.0,24,2,6.0,2,3,1,2,3.0,1.0,3.0,3,4,7.893172705314011,0,False,False,True,False,True,False,False,True,False,False,False,False,False,True,True,False,False,False,False,False,False,False,False,False,True,False,0
27,13,2,4,28560,1.0,12,2,5.0,5,5,0,4,4.0,3.0,3.0,4,3,10.101125910746813,2,False,False,True,False,True,False,False,False,False,True,False,False,True,False,False,False,False,False,False,True,False,False,False,False,False,True,0
51,20,3,2,148140,2.0,11,1,14.0,2,4,3,2,2.0,2.0,3.0,2,3,7.07558970856102,2,False,True,False,False,True,False,False,False,False,True,False,False,False,True,False,False,False,False,False,False,False,True,False,False,True,False,0
41,5,3,1,66230,5.0,18,0,14.0,3,5,1,4,3.0,2.0,3.0,3,3,6.396317358130664,2,False,False,True,False,True,False,False,True,False,False,False,False,True,False,False,False,False,False,False,False,False,True,False,False,True,False,0
19,2,2,3,98240,1.0,18,0,1.0,2,1,0,0,1.0,2.0,4.0,3,3,8.402396125116713,2,True,False,False,False,False,True,False,False,False,False,True,False,False,True,True,False,False,False,False,False,False,False,False,False,False,True,1
55,1,3,1,120310,3.0,11,0,37.0,5,10,7,7,1.0,2.0,3.0,3,3,7.367503443526171,1,False,False,True,False,True,False,False,False,False,True,False,False,True,False,False,False,False,False,False,False,False,True,False,False,False,True,0
40,15,3,2,25710,7.0,14,0,22.0,1,20,5,13,2.0,3.0,3.0,3,3,7.319618502622794,1,False,False,True,False,True,False,False,True,False,False,False,False,True,False,False,False,True,False,False,False,False,False,False,False,False,True,0
26,2,2,2,20800,0.0,13,0,8.0,6,7,7,6,3.0,1.0,2.0,4,3,6.788305439330544,2,False,False,True,False,True,False,False,True,False,False,False,False,False,True,False,False,False,False,False,False,True,False,False,False,False,True,0
29,2,4,2,20960,0.0,22,0,6.0,2,5,0,2,1.0,1.0,2.0,4,4,7.710127504553734,0,False,False,True,False,True,False,False,False,False,False,True,False,False,True,False,False,True,False,False,False,False,False,False,False,True,False,0
26,4,3,2,24040,1.0,12,0,1.0,6,1,0,1,1.0,3.0,2.0,3,3,7.717430254930256,2,False,False,True,False,False,True,False,False,True,False,False,False,False,True,False,False,False,True,False,False,False,False,False,False,False,True,1
56,3,2,2,44490,2.0,15,0,28.0,3,5,4,2,4.0,1.0,3.0,1,3,6.287570323488045,1,False,False,True,False,True,False,False,False,False,False,True,False,False,True,True,False,False,False,False,False,False,False,False,True,False,False,0
44,16,3,1,80200,3.0,11,1,23.0,2,12,11,11,4.0,4.0,3.0,3,3,10.897943989071038,1,False,False,True,False,True,False,False,True,False,False,False,False,True,False,True,False,False,False,False,False,False,False,False,False,True,False,0
32,1,3,3,26620,1.0,11,1,13.0,6,13,11,9,3.0,2.0,3.0,4,3,10.496171548117156,1,False,False,True,False,True,False,False,True,False,False,False,False,False,True,False,False,False,False,False,False,True,False,False,False,True,False,0
24,27,2,1,104220,1.0,17,1,6.0,0,5,1,4,1.0,2.0,3.0,2,3,10.603659863945577,2,False,False,True,False,True,False,False,False,False,True,False,False,False,True,False,False,False,False,False,False,True,False,False,False,False,True,1
35,15,2,2,54060,0.0,12,1,6.0,2,5,4,3,4.0,3.0,3.0,3,3,6.529607279693486,2,False,False,True,False,True,False,False,False,False,True,False,False,True,False,False,False,True,False,False,False,False,False,False,False,False,True,0
40,6,2,3,43320,7.0,14,2,8.0,3,5,1,3,4.0,2.0,3.0,2,3,6.675874355368026,2,False,False,True,False,True,False,False,False,False,True,False,False,False,True,False,False,False,False,False,False,True,False,False,True,False,False,0
32,10,3,2,165980,1.0,13,0,10.0,2,10,6,7,2.0,1.0,3.0,3,3,9.541501661918328,1,False,True,False,False,True,False,False,False,False,True,False,False,True,False,False,False,False,False,True,False,False,False,False,False,False,True,1
34,19,3,1,33390,1.0,16,0,9.0,2,8,1,1,4.0,3.0,2.0,2,3,6.793736225895318,2,False,False,True,False,True,False,False,False,False,False,False,True,True,False,False,False,False,False,False,True,False,False,False,True,False,False,0
36,18,1,2,67250,9.0,17,1,7.0,3,3,1,1,3.0,3.0,3.0,3,3,10.939724596391262,2,False,False,True,False,True,False,False,False,False,True,False,False,False,True,False,False,False,False,True,False,False,False,False,False,True,False,0
39,29,1,1,54600,6.0,13,2,21.0,3,19,15,2,3.0,2.0,3.0,3,3,8.400860404896422,1,False,False,True,False,False,True,False,False,True,False,False,False,True,False,False,False,True,False,False,False,False,False,False,True,False,False,0
41,29,1,1,23790,1.0,12,0,22.0,6,22,0,4,4.0,2.0,3.0,3,3,6.925646591970122,1,False,False,True,False,True,False,False,True,False,False,False,False,False,True,False,False,True,False,False,False,False,False,False,False,False,True,0
52,5,4,4,14200,1.0,13,1,33.0,2,32,6,9,1.0,4.0,3.0,4,3,6.014918785310734,1,False,False,True,False,True,False,False,False,False,True,False,False,True,False,False,True,False,False,False,False,False,False,False,False,True,False,1
42,1,2,4,30340,7.0,21,1,9.0,3,6,1,5,2.0,1.0,4.0,2,4,7.694989177489178,0,False,False,True,False,True,False,False,True,False,False,False,False,False,True,False,False,True,False,False,False,False,False,False,False,False,True,0
28,29,2,2,68520,1.0,18,1,1.0,2,1,0,0,2.0,2.0,3.0,4,3,7.032183064121391,2,False,False,True,False,True,False,False,True,False,False,False,False,False,True,False,False,True,False,False,False,False,False,False,False,True,False,0
36,1,3,1,23770,6.0,13,2,15.0,3,1,0,0,2.0,3.0,3.0,3,3,7.427548100048099,2,False,False,True,True,False,False,True,False,False,False,False,False,False,True,False,False,False,False,False,False,True,False,False,False,False,True,0
27,2,4,2,33460,1.0,21,1,9.0,2,9,0,8,3.0,4.0,3.0,2,4,10.494040835707503,0,False,False,True,False,False,True,False,False,False,True,False,False,False,True,False,False,False,True,False,False,False,False,False,True,False,False,0
54,9,4,2,20930,3.0,19,0,36.0,2,10,0,9,4.0,4.0,3.0,3,3,7.671983151183971,1,False,False,True,False,True,False,False,True,False,False,False,False,False,True,False,False,False,False,False,False,False,True,False,False,True,False,0
37,1,3,2,53460,4.0,11,0,7.0,2,5,0,1,3.0,4.0,4.0,3,3,6.701199813258637,2,False,False,True,False,True,False,False,True,False,False,False,False,False,True,True,False,False,False,False,False,False,False,False,False,True,False,0
32,18,3,1,23890,6.0,12,1,5.0,4,3,0,2,3.0,2.0,3.0,2,3,7.129615029967727,2,True,False,False,False,False,True,False,False,True,False,False,False,False,True,False,False,True,False,False,False,False,False,False,False,True,False,0
22,8,3,2,49070,2.0,21,1,4.0,2,4,1,1,2.0,1.0,2.0,3,4,7.332729044834307,0,False,False,True,False,True,False,False,False,False,False,True,False,False,True,False,False,False,False,False,False,False,False,True,False,True,False,0
53,24,3,4,133200,3.0,11,0,11.0,2,4,1,2,2.0,4.0,3.0,3,3,8.024024216524216,2,False,False,True,False,True,False,False,True,False,False,False,False,False,True,False,False,False,False,False,True,False,False,False,False,True,False,0
39,2,1,2,51550,2.0,18,1,7.0,3,2,2,2,3.0,4.0,3.0,2,3,6.194631566713157,2,False,True,False,False,True,False,False,False,False,True,False,False,False,True,True,False,False,False,False,False,False,False,False,True,False,False,0
43,2,2,1,78610,1.0,14,2,20.0,1,20,1,8,1.0,3.0,1.0,3,3,9.720646591970125,1,False,False,True,False,True,False,False,False,False,True,False,False,False,True,False,False,True,False,False,False,False,False,False,False,False,True,0
30,3,3,2,59680,1.0,13,0,1.0,3,1,0,0,3.0,2.0,3.0,3,3,6.900539923039923,2,False,False,True,False,True,False,False,True,False,False,False,False,True,False,False,False,False,True,False,False,False,False,False,False,True,False,0
38,10,3,4,181720,6.0,12,2,6.0,5,1,0,1,4.0,3.0,1.0,3,3,10.874641723356008,2,False,False,True,False,False,True,False,False,False,True,False,False,False,True,False,False,True,False,False,False,False,False,False,False,True,False,0
46,12,4,1,23320,1.0,11,0,27.0,2,26,0,12,4.0,1.0,1.0,3,3,6.595099290780142,1,False,False,True,False,True,False,False,False,False,False,False,True,False,True,False,False,True,False,False,False,False,False,False,False,False,True,0
26,2,2,1,28350,3.0,11,1,5.0,2,2,2,0,1.0,4.0,3.0,3,3,7.121989522417154,2,False,True,False,False,True,False,False,True,False,False,False,False,False,True,False,False,False,False,True,False,False,False,False,True,False,False,0
45,19,3,3,36810,3.0,17,1,22.0,2,0,0,0,2.0,2.0,3.0,3,3,6.005568502824859,2,False,True,False,False,True,False,False,False,False,True,False,False,False,True,False,False,True,False,False,False,False,False,False,False,False,True,0
47,3,2,2,39550,7.0,12,1,4.0,5,1,0,0,3.0,2.0,1.0,3,3,7.68843853427896,2,True,False,False,False,True,False,False,True,False,False,False,False,True,False,False,False,False,False,False,False,False,True,False,False,True,False,0
35,9,2,1,31400,1.0,13,1,17.0,2,17,5,15,4.0,3.0,3.0,2,3,8.79542212518195,1,False,False,True,False,True,False,False,True,False,False,False,False,True,False,True,False,False,False,False,False,False,False,False,False,True,False,0
34,25,1,1,22590,1.0,14,0,8.0,2,8,7,7,4.0,3.0,2.0,3,3,6.023118239921337,1,False,True,False,False,True,False,False,True,False,False,False,False,True,False,False,False,False,True,False,False,False,False,False,False,True,False,0
58,2,4,1,23760,4.0,12,1,37.0,3,16,14,14,2.0,2.0,2.0,3,3,6.579242097701149,1,True,False,False,False,True,False,False,False,False,True,False,False,False,True,False,False,True,False,False,False,False,False,False,True,False,False,0
26,17,4,2,48770,1.0,13,1,8.0,5,8,5,7,3.0,3.0,3.0,4,3,7.87903371320038,2,False,False,True,False,True,False,False,True,False,False,False,False,False,True,False,False,False,False,False,False,False,True,False,False,True,False,0
38,1,2,4,64720,0.0,12,0,17.0,4,16,5,13,1.0,3.0,2.0,3,3,6.884387219837864,1,False,False,True,False,True,False,False,False,False,True,False,False,False,True,False,False,True,False,False,False,False,False,False,True,False,False,0
22,16,2,2,35790,1.0,19,3,1.0,3,1,0,0,4.0,2.0,3.0,3,3,10.512892924976258,2,False,False,True,False,True,False,False,True,False,False,False,False,True,False,False,False,True,False,False,False,False,False,False,False,False,True,1
44,9,3,3,68610,4.0,12,0,8.0,2,2,2,2,3.0,4.0,3.0,2,3,8.514237588652483,2,False,False,True,False,True,False,False,False,False,False,False,True,True,False,True,False,False,False,False,False,False,False,False,True,False,False,0
34,4,3,2,50630,6.0,12,1,12.0,2,1,0,0,3.0,2.0,3.0,3,3,6.019647577092512,2,False,False,True,False,False,True,False,False,True,False,False,False,True,False,False,False,False,False,False,False,False,False,True,True,False,False,0
28,1,3,2,17060,7.0,12,0,8.0,3,0,0,0,3.0,1.0,2.0,3,3,7.588862704918032,2,False,True,False,False,False,True,False,False,True,False,False,False,False,True,False,False,True,False,False,False,False,False,False,False,False,True,1
49,6,5,2,23420,3.0,18,0,20.0,2,4,1,3,1.0,1.0,3.0,3,3,7.146965247185513,2,False,True,False,False,False,True,False,False,False,True,False,False,True,False,True,False,False,False,False,False,False,False,False,False,False,True,1
20,11,3,2,93960,1.0,12,0,2.0,6,2,0,2,3.0,3.0,2.0,1,3,7.130230716253443,2,False,False,True,False,True,False,False,False,False,True,False,False,False,True,False,False,False,False,False,False,False,True,False,False,False,True,1
31,25,5,2,180610,1.0,14,1,10.0,2,10,8,7,4.0,1.0,3.0,3,3,6.878268247326825,1,False,True,False,False,True,False,False,False,False,False,False,True,True,False,False,True,False,False,False,False,False,False,False,False,True,False,0
29,4,3,5,36910,1.0,13,0,2.0,3,2,2,2,2.0,2.0,3.0,3,3,6.80571931101407,2,False,False,True,False,False,True,False,False,True,False,False,False,False,True,False,False,False,False,False,False,True,False,False,False,False,True,1
43,8,5,3,22580,4.0,18,0,7.0,2,3,1,2,1.0,3.0,2.0,3,3,7.353812915479582,2,True,False,False,True,False,False,False,False,False,True,False,False,True,False,False,False,False,False,False,False,False,True,False,False,False,True,0
30,4,5,5,30580,9.0,14,1,10.0,2,5,0,3,2.0,4.0,2.0,3,3,6.412108695652173,2,False,True,False,False,True,False,False,False,False,True,False,False,False,True,False,False,False,False,False,False,False,False,True,True,False,False,0
42,23,4,1,23730,6.0,14,1,21.0,3,1,0,0,4.0,3.0,4.0,4,3,8.011233237547891,2,False,False,True,False,True,False,False,False,False,False,True,False,False,True,False,False,False,False,False,False,True,False,False,False,True,False,0
39,1,3,1,105120,1.0,12,1,10.0,2,10,7,9,1.0,1.0,3.0,3,3,6.986115942028985,1,False,False,True,False,True,False,False,False,False,False,True,False,True,False,False,False,True,False,False,False,False,False,False,False,True,False,0
32,15,3,2,69290,9.0,20,0,10.0,6,8,7,7,4.0,3.0,3.0,1,4,7.197954014939309,0,True,False,False,False,True,False,False,False,False,True,False,False,False,True,False,False,False,True,False,False,False,False,False,False,False,True,0
18,2,3,3,186060,1.0,24,2,0.0,4,0,0,0,2.0,3.0,1.0,3,4,7.612805799220272,0,True,False,False,False,True,False,False,True,False,False,False,False,False,True,False,False,False,False,False,False,False,False,True,False,False,True,0
27,15,3,1,39860,1.0,12,2,7.0,3,7,0,3,4.0,2.0,2.0,3,3,7.528170068027211,2,False,False,True,False,False,True,False,False,True,False,False,False,False,True,False,False,False,False,False,False,True,False,False,False,False,True,0
55,19,3,1,46800,6.0,14,3,24.0,0,19,3,8,1.0,3.0,2.0,4,3,8.667409344490935,1,False,False,True,False,True,False,False,False,False,False,False,True,False,True,False,True,False,False,False,False,False,False,False,False,False,True,1
31,1,3,1,121850,3.0,14,0,13.0,2,7,5,2,2.0,3.0,4.0,3,3,6.081554641060814,2,False,False,True,False,False,True,False,True,False,False,False,False,True,False,False,False,False,False,False,False,False,False,True,False,True,False,0
52,2,4,1,46140,2.0,16,1,16.0,3,9,0,0,1.0,4.0,2.0,3,3,6.812064471879286,2,True,False,False,False,True,False,False,False,False,False,True,False,False,True,False,False,False,True,False,False,False,False,False,True,False,False,0
28,9,4,1,56730,5.0,14,1,5.0,4,3,2,2,1.0,4.0,2.0,2,3,10.711125603864732,2,False,False,True,False,True,False,False,False,False,True,False,False,False,True,False,False,False,False,False,False,False,True,False,False,True,False,1
34,2,3,4,46950,1.0,16,1,14.0,2,14,2,1,1.0,4.0,2.0,3,3,5.993801552644348,2,False,False,True,False,False,True,False,False,True,False,False,False,False,True,True,False,False,False,False,False,False,False,False,False,False,True,0
32,18,3,2,63770,1.0,12,2,14.0,3,14,5,7,3.0,4.0,3.0,3,3,7.8913028007346195,1,False,False,True,False,True,False,False,True,False,False,False,False,False,True,False,False,False,True,False,False,False,False,False,False,True,False,0
30,10,3,3,28140,1.0,24,0,10.0,2,10,0,9,1.0,3.0,2.0,3,4,7.911322081575246,0,False,True,False,False,True,False,False,True,False,False,False,False,True,False,True,False,False,False,False,False,False,False,False,True,False,False,0
28,2,2,3,28580,1.0,12,0,7.0,2,7,0,7,2.0,4.0,3.0,2,3,7.120614224137931,2,False,False,True,False,True,False,False,False,False,True,False,False,False,True,False,False,False,True,False,False,False,False,False,False,False,True,0
46,4,1,5,29110,5.0,13,0,28.0,3,2,1,2,1.0,3.0,2.0,3,3,6.240668812589413,2,False,True,False,False,True,False,False,False,False,True,False,False,False,True,False,True,False,False,False,False,False,False,False,False,True,False,0
28,1,4,5,100960,5.0,13,0,6.0,2,4,0,3,3.0,3.0,3.0,3,3,10.496136584182436,2,False,False,True,False,True,False,False,True,False,False,False,False,False,True,False,False,False,False,False,True,False,False,False,False,False,True,1
46,9,2,2,57310,8.0,17,0,6.0,2,2,2,2,2.0,2.0,3.0,3,3,6.693008687700045,2,True,False,False,False,True,False,False,True,False,False,False,False,False,True,False,False,False,False,True,False,False,False,False,False,False,True,0
28,1,3,4,67810,0.0,15,1,10.0,2,9,1,7,4.0,2.0,2.0,3,3,6.909151101532567,2,False,False,True,True,False,False,True,False,False,False,False,False,True,False,False,False,True,False,False,False,False,False,False,True,False,False,0
31,28,4,2,127420,1.0,11,0,10.0,4,10,0,2,1.0,4.0,3.0,2,3,7.40136158594492,2,False,False,True,False,True,False,False,False,False,False,False,True,True,False,False,False,False,False,False,False,False,True,False,False,True,False,0
41,3,2,2,99360,7.0,17,1,16.0,2,14,1,10,4.0,4.0,3.0,2,3,6.192049516908213,1,True,False,False,False,True,False,False,True,False,False,False,False,True,False,False,False,False,False,False,False,True,False,False,False,False,True,0
25,6,2,4,20450,3.0,19,0,7.0,3,3,1,2,4.0,4.0,2.0,3,3,6.2904,2,False,False,True,False,True,False,False,False,False,True,False,False,True,False,False,False,False,False,False,False,True,False,False,False,True,False,0
25,17,3,1,199260,7.0,11,3,6.0,5,4,0,1,1.0,1.0,2.0,4,3,6.377411835748792,2,False,False,True,False,True,False,False,False,False,True,False,False,False,True,False,False,True,False,False,False,False,False,False,False,False,True,0
39,1,3,3,68040,8.0,14,1,13.0,3,5,0,4,4.0,4.0,3.0,2,3,6.913459595959596,2,False,False,True,False,True,False,False,False,False,False,True,False,True,False,False,True,False,False,False,False,False,False,False,False,True,False,0
33,10,3,4,67280,7.0,22,0,15.0,2,7,7,7,2.0,3.0,4.0,2,4,8.510061088059013,0,False,False,True,False,True,False,False,True,False,False,False,False,True,False,False,False,False,False,False,True,False,False,False,False,True,False,1
55,3,2,1,73510,8.0,20,1,34.0,3,1,0,0,3.0,3.0,3.0,3,4,7.595277777777778,0,False,False,True,False,True,False,False,True,False,False,False,False,True,False,False,False,False,False,False,False,False,True,False,False,True,False,0
30,13,3,2,57700,1.0,16,1,5.0,2,5,0,4,1.0,3.0,2.0,4,3,6.693944901691816,2,False,False,True,False,False,True,False,False,True,False,False,False,True,False,False,False,True,False,False,False,False,False,False,False,False,True,0
46,6,3,4,46150,6.0,12,0,19.0,3,10,0,9,3.0,2.0,3.0,2,3,7.563393458393458,1,False,False,True,False,True,False,False,False,False,True,False,False,False,True,False,False,False,False,False,False,False,True,False,False,False,True,0
34,7,4,1,196260,1.0,21,0,15.0,5,15,0,7,4.0,3.0,3.0,2,4,8.18945486111111,0,True,False,False,False,True,False,False,False,False,True,False,False,True,False,False,False,False,False,False,False,True,False,False,True,False,False,0
26,1,3,2,24260,1.0,22,0,1.0,3,1,0,0,3.0,4.0,1.0,1,4,8.699645593869732,0,False,False,True,False,False,True,False,False,True,False,False,False,True,False,False,False,False,False,True,False,False,False,False,False,False,True,1
30,5,4,2,54100,0.0,17,1,6.0,2,5,4,4,2.0,3.0,3.0,3,3,7.585973922902495,2,False,False,True,False,False,True,False,False,False,True,False,False,True,False,False,False,False,False,True,False,False,False,False,False,False,True,0
29,8,3,3,25870,0.0,22,2,4.0,3,3,2,2,2.0,4.0,3.0,3,4,6.906938633193863,0,False,False,True,True,False,False,False,False,False,True,False,False,False,True,False,False,False,False,False,False,False,False,True,False,False,True,0
28,1,3,2,74570,3.0,11,2,10.0,1,8,1,7,3.0,3.0,4.0,4,3,6.612759487882944,2,False,False,True,False,True,False,False,True,False,False,False,False,False,True,True,False,False,False,False,False,False,False,False,False,False,True,0
29,6,3,1,22440,1.0,12,3,11.0,5,11,3,10,4.0,1.0,1.0,1,3,6.79266620176662,1,False,False,True,False,True,False,False,True,False,False,False,False,False,True,False,False,False,False,False,False,False,True,False,False,True,False,1
33,9,2,1,20970,1.0,14,2,10.0,5,10,0,1,2.0,3.0,2.0,2,3,6.017825712881023,2,False,True,False,False,True,False,False,False,False,True,False,False,True,False,False,False,False,False,False,False,False,True,False,False,True,False,0
44,10,4,1,28440,1.0,12,0,6.0,2,5,2,3,3.0,2.0,2.0,4,3,9.287852011494252,2,False,True,False,False,False,True,False,True,False,False,False,False,False,True,False,False,False,False,False,False,True,False,False,True,False,False,1
35,19,3,1,21450,1.0,13,0,10.0,6,10,0,8,3.0,3.0,4.0,2,3,5.982920768870136,2,False,True,False,False,True,False,False,True,False,False,False,False,True,False,False,False,False,False,False,False,False,True,False,False,False,True,0
40,10,4,2,65670,1.0,13,1,8.0,3,8,3,7,3.0,2.0,3.0,4,3,6.360885565052231,2,False,True,False,False,True,False,False,False,False,True,False,False,False,True,False,False,False,False,True,False,False,False,False,False,True,False,0
31,23,1,1,38670,1.0,11,1,4.0,4,4,2,3,3.0,1.0,4.0,4,3,9.772402659069323,2,True,False,False,False,False,True,False,False,False,True,False,False,False,True,False,False,False,False,False,False,False,True,False,True,False,False,0
34,1,1,2,24760,1.0,19,0,6.0,2,6,1,3,2.0,3.0,2.0,3,3,7.093543131739335,2,False,False,True,False,False,True,False,False,True,False,False,False,True,False,False,False,True,False,False,False,False,False,False,False,True,False,0
35,20,4,3,40690,1.0,13,0,6.0,5,6,0,4,2.0,3.0,3.0,3,3,7.9035895593869725,2,False,False,True,False,True,False,False,True,False,False,False,False,True,False,False,True,False,False,False,False,False,False,False,False,False,True,0
35,3,3,2,22580,1.0,11,1,2.0,2,2,2,2,4.0,4.0,4.0,3,3,7.963982638888888,2,False,True,False,False,True,False,False,False,False,True,False,False,True,False,False,False,True,False,False,False,False,False,False,False,True,False,0
33,13,4,2,45680,2.0,18,1,6.0,2,5,1,2,3.0,3.0,3.0,3,3,7.329120971620971,2,False,False,True,False,False,True,False,False,True,False,False,False,True,False,False,False,False,False,True,False,False,False,False,True,False,False,0
32,3,4,2,97150,1.0,15,1,10.0,1,10,0,9,2.0,2.0,3.0,2,3,7.522589903181189,2,False,False,True,False,False,True,False,True,False,False,False,False,False,True,False,False,False,False,True,False,False,False,False,False,True,False,0
34,7,2,1,21770,1.0,13,0,10.0,5,10,8,7,2.0,4.0,3.0,3,3,7.116946721311475,1,False,False,True,False,True,False,False,True,False,False,False,False,False,True,True,False,False,False,False,False,False,False,False,False,True,False,0
29,20,3,2,29260,1.0,15,1,2.0,3,2,2,2,4.0,2.0,3.0,2,3,7.091451129552789,2,False,False,True,False,False,True,False,False,True,False,False,False,True,False,False,False,False,True,False,False,False,False,False,True,False,False,0
36,24,3,3,63970,4.0,14,1,11.0,3,3,0,2,3.0,1.0,2.0,3,3,7.269016393442622,2,False,False,True,False,True,False,False,False,False,False,True,False,True,False,False,False,False,False,False,True,False,False,False,False,True,False,0
50,20,2,5,154020,4.0,21,0,25.0,3,3,1,2,4.0,1.0,3.0,2,4,10.404741297091082,0,False,False,True,False,True,False,False,False,False,True,False,False,True,False,False,False,True,False,False,False,False,False,False,False,True,False,0
27,6,2,1,42600,1.0,11,2,4.0,2,4,2,2,4.0,3.0,3.0,3,3,7.363422826592282,2,False,False,True,False,True,False,False,False,False,True,False,False,True,False,True,False,False,False,False,False,False,False,False,False,True,False,0
30,2,3,2,40000,4.0,12,0,7.0,5,5,0,1,1.0,3.0,3.0,2,3,10.491258309591643,2,False,False,True,False,False,True,False,True,False,False,False,False,False,True,True,False,False,False,False,False,False,False,False,False,True,False,1
28,24,5,1,23280,1.0,11,2,4.0,3,4,0,2,1.0,4.0,3.0,3,3,6.417041116005874,2,False,False,True,False,False,True,False,True,False,False,False,False,True,False,False,False,False,False,False,False,True,False,False,False,False,True,0
28,9,3,1,46480,0.0,23,2,9.0,2,8,0,7,2.0,1.0,3.0,2,4,7.201891701828411,0,False,False,True,False,True,False,False,False,False,True,False,False,False,True,False,False,False,False,False,False,False,False,True,False,False,True,0
32,7,3,3,44030,2.0,20,0,10.0,3,5,0,0,3.0,4.0,4.0,2,4,7.424210832171083,0,False,False,True,False,True,False,False,True,False,False,False,False,True,False,False,False,True,False,False,False,False,False,False,False,False,True,0
31,8,5,5,131200,1.0,12,2,13.0,6,12,5,7,1.0,4.0,3.0,2,3,7.294315134099617,1,False,False,True,False,True,False,False,True,False,False,False,False,False,True,False,False,False,False,False,False,False,True,False,False,True,False,0
27,6,2,1,42600,1.0,11,2,4.0,2,4,2,2,4.0,3.0,3.0,3,3,7.415027420123986,2,False,False,True,False,True,False,False,False,False,True,False,False,True,False,True,False,False,False,False,False,False,False,False,False,True,False,0
37,8,1,1,41930,4.0,16,1,12.0,5,6,1,2,2.0,4.0,4.0,3,3,7.389827546296297,2,False,False,True,False,True,False,False,True,False,False,False,False,False,True,False,False,False,False,False,False,False,True,False,False,False,True,0
33,1,3,2,51470,7.0,11,0,13.0,2,9,1,7,1.0,1.0,4.0,3,3,7.100713462425082,2,False,False,True,False,False,True,False,True,False,False,False,False,False,True,False,False,False,True,False,False,False,False,False,False,True,False,1
33,15,4,1,62010,2.0,15,3,14.0,2,0,0,0,4.0,3.0,3.0,2,3,8.49256427915519,2,False,False,True,False,True,False,False,True,False,False,False,False,True,False,False,False,False,False,False,False,False,True,False,False,False,True,0
29,1,2,3,26780,1.0,25,1,1.0,3,1,0,0,4.0,2.0,3.0,3,4,7.980670212765958,0,False,False,True,False,True,False,False,False,False,True,False,False,False,True,False,False,False,False,False,False,False,True,False,False,True,False,0
38,4,2,1,44440,1.0,13,0,20.0,2,20,0,7,4.0,2.0,3.0,3,3,10.800123716153127,1,False,True,False,False,True,False,False,False,False,True,False,False,True,False,False,False,False,True,False,False,False,False,False,True,False,False,0
35,1,2,1,67960,0.0,13,0,5.0,2,4,3,2,4.0,3.0,2.0,3,3,9.076310835629018,2,False,True,False,False,True,False,False,False,False,True,False,False,False,True,False,False,False,False,True,False,False,False,False,False,True,False,1
33,4,3,1,33060,1.0,11,3,8.0,6,8,1,6,4.0,2.0,3.0,1,3,7.506620370370371,2,False,False,True,False,True,False,False,True,False,False,False,False,False,True,False,True,False,False,False,False,False,False,False,False,True,False,0
36,14,3,2,39290,0.0,24,0,6.0,6,5,0,3,1.0,1.0,3.0,2,4,7.591120293847567,0,False,False,True,False,True,False,False,False,False,False,True,False,False,True,False,False,False,False,False,False,True,False,False,False,True,False,0
19,4,3,1,76440,1.0,15,2,1.0,2,1,0,0,1.0,4.0,4.0,3,3,7.875434681543468,2,False,False,True,False,True,False,False,False,False,True,False,False,False,True,False,False,False,False,False,False,False,True,False,False,False,True,1
45,26,1,3,27940,3.0,19,1,8.0,2,5,0,2,4.0,4.0,3.0,3,3,6.998797112090064,2,False,False,True,False,True,False,False,False,False,True,False,False,True,False,True,False,False,False,False,False,False,False,False,True,False,False,0
33,8,3,2,90690,3.0,25,1,15.0,3,13,4,7,3.0,4.0,1.0,3,4,7.480845570239844,0,False,True,False,False,True,False,False,False,False,False,False,True,False,True,False,False,True,False,False,False,False,False,False,True,False,False,0
26,2,2,2,20800,0.0,13,0,8.0,6,7,7,6,3.0,1.0,2.0,4,3,6.771128328741965,2,False,False,True,False,True,False,False,True,False,False,False,False,False,True,False,False,False,False,False,False,True,False,False,False,False,True,0
29,2,2,2,192370,9.0,11,1,9.0,2,5,1,2,4.0,3.0,3.0,3,3,7.925632515632516,2,False,False,True,False,True,False,False,True,False,False,False,False,False,True,False,False,False,False,False,False,True,False,False,False,True,False,0
45,19,4,3,34410,2.0,13,1,5.0,5,1,0,0,1.0,1.0,3.0,3,3,7.615660879629631,2,False,True,False,False,True,False,False,True,False,False,False,False,False,True,False,False,False,False,False,True,False,False,False,False,True,False,1
41,5,3,1,121690,1.0,19,0,5.0,2,5,0,4,3.0,1.0,3.0,3,3,6.291201790633608,2,False,False,True,False,True,False,False,False,False,True,False,False,False,True,False,False,False,False,False,False,False,False,True,True,False,False,0
40,6,3,3,104820,1.0,11,1,21.0,6,21,12,8,2.0,2.0,2.0,2,3,7.936594516594516,1,False,False,True,False,False,True,False,True,False,False,False,False,False,True,False,False,False,False,True,False,False,False,False,False,False,True,0
55,2,3,2,75470,7.0,16,0,31.0,2,9,6,2,3.0,1.0,4.0,2,3,6.079126492194675,1,True,False,False,False,True,False,False,False,False,True,False,False,True,False,False,False,False,True,False,False,False,False,False,False,False,True,0
40,26,4,2,194060,3.0,20,3,16.0,2,1,0,0,3.0,4.0,1.0,3,4,10.537147754137116,0,False,True,False,False,True,False,False,True,False,False,False,False,False,True,False,False,False,False,False,False,True,False,False,False,True,False,0
41,1,4,1,195170,2.0,13,0,20.0,5,18,2,17,4.0,1.0,3.0,3,3,10.6526492194674,1,False,False,True,False,True,False,False,False,False,True,False,False,False,True,False,False,False,False,False,False,True,False,False,False,False,True,0
38,7,4,2,50420,3.0,16,1,19.0,4,3,2,2,4.0,3.0,3.0,3,3,10.415906729900632,2,False,False,True,False,True,False,False,True,False,False,False,False,True,False,False,False,False,False,False,True,False,False,False,False,False,True,0
38,19,3,2,68930,0.0,17,0,16.0,3,15,5,8,4.0,2.0,3.0,3,3,7.904476359338061,1,False,False,True,False,True,False,False,True,False,False,False,False,True,False,False,False,False,False,False,False,False,True,False,False,True,False,0
18,5,4,2,32300,1.0,12,1,0.0,3,0,0,0,2.0,4.0,3.0,3,3,6.313124113475177,2,True,False,False,False,False,True,False,False,False,False,True,False,False,True,False,False,False,True,False,False,False,False,False,False,False,True,0
35,6,4,1,119960,1.0,19,2,16.0,3,16,10,1,3.0,3.0,2.0,3,3,9.598844907407408,1,False,False,True,False,True,False,False,False,False,True,False,False,True,False,False,False,False,False,True,False,False,False,False,True,False,False,0
31,20,1,3,99070,0.0,13,1,6.0,3,5,0,3,3.0,4.0,3.0,2,3,9.125665729020158,2,False,False,True,False,True,False,False,False,False,False,False,True,True,False,False,False,False,False,False,False,True,False,False,False,True,False,0
59,2,2,5,20660,4.0,12,1,12.0,3,1,0,0,3.0,1.0,2.0,3,3,10.021274231678488,2,False,False,True,False,False,True,False,False,True,False,False,False,True,False,False,False,False,False,False,False,False,False,True,False,True,False,0
25,11,3,2,100960,0.0,11,1,4.0,3,3,1,2,4.0,2.0,3.0,3,3,7.680787229137851,2,False,False,True,False,True,False,False,False,False,True,False,False,False,True,False,False,False,False,True,False,False,False,False,False,True,False,0
32,11,2,2,44870,1.0,11,0,1.0,5,1,0,0,3.0,1.0,3.0,2,3,6.594707175925925,2,True,False,False,False,True,False,False,False,False,False,True,False,True,False,False,False,False,False,False,False,True,False,False,True,False,False,0
40,9,3,2,20730,0.0,14,0,5.0,3,4,2,3,4.0,4.0,2.0,3,3,8.80456675811614,2,False,False,True,False,False,True,False,False,True,False,False,False,False,True,False,False,False,False,False,False,True,False,False,False,False,True,0
39,19,4,1,20620,1.0,13,0,21.0,4,21,13,3,3.0,4.0,3.0,3,3,6.07624634502924,1,False,True,False,False,True,False,False,False,False,True,False,False,True,False,False,False,False,False,False,False,True,False,False,False,True,False,0
37,9,1,1,15140,1.0,14,0,4.0,3,4,1,2,2.0,4.0,2.0,3,3,10.029451476793248,2,False,True,False,False,False,True,False,False,True,False,False,False,False,True,False,False,True,False,False,False,False,False,False,False,True,False,0
18,1,4,1,23350,1.0,14,2,0.0,3,0,0,0,3.0,3.0,3.0,2,3,6.775967939304944,2,False,False,True,False,True,False,False,True,False,False,False,False,False,True,False,False,False,False,False,False,False,True,False,False,False,True,1
30,26,3,2,44200,9.0,11,0,9.0,3,7,0,2,1.0,3.0,3.0,3,3,7.0870643153526975,2,False,False,True,False,False,True,False,False,True,False,False,False,True,False,False,False,False,True,False,False,False,False,False,False,False,True,0
18,3,5,1,24790,1.0,12,1,0.0,2,0,0,0,2.0,4.0,4.0,2,3,8.430085106382979,2,False,True,False,False,True,False,False,False,False,True,False,False,False,True,False,False,False,False,False,True,False,False,False,False,False,True,1
36,1,3,1,54860,7.0,12,1,10.0,2,5,0,3,3.0,1.0,3.0,3,3,6.500812621832359,2,False,False,True,False,True,False,False,True,False,False,False,False,False,True,False,False,False,False,False,True,False,False,False,False,False,True,1
31,2,4,1,29090,9.0,14,2,10.0,2,5,0,1,3.0,4.0,2.0,3,3,6.706642406598738,2,False,False,True,False,True,False,False,True,False,False,False,False,True,False,False,False,False,False,False,False,False,True,False,True,False,False,0
56,3,2,3,26910,6.0,16,1,36.0,6,7,7,7,4.0,2.0,3.0,3,3,7.954343765162543,1,False,False,True,False,False,True,False,False,False,True,False,False,True,False,False,False,False,False,True,False,False,False,False,False,False,True,0
39,25,3,2,197010,0.0,11,0,21.0,3,20,9,6,2.0,4.0,2.0,4,3,7.494827134000953,1,False,False,True,False,False,True,False,False,False,True,False,False,False,True,False,False,False,False,False,False,False,True,False,False,True,False,0
50,2,2,1,36880,0.0,11,0,19.0,3,18,0,13,4.0,3.0,3.0,2,3,6.506327025715672,1,True,False,False,True,False,False,False,True,False,False,False,False,False,True,False,False,True,False,False,False,False,False,False,False,True,False,0
50,5,4,1,118780,2.0,13,1,29.0,2,8,7,7,2.0,3.0,2.0,3,3,9.595780261969288,1,False,False,True,False,True,False,False,True,False,False,False,False,False,True,False,False,False,False,False,False,False,True,False,False,True,False,0
30,10,3,1,22070,6.0,14,0,6.0,4,4,1,2,3.0,4.0,2.0,3,3,6.707549951267056,2,False,True,False,False,True,False,False,True,False,False,False,False,True,False,False,True,False,False,False,False,False,False,False,True,False,False,1
34,27,2,1,36920,1.0,12,1,5.0,5,5,3,0,4.0,1.0,3.0,3,3,10.200662851692892,2,True,False,False,False,True,False,False,True,False,False,False,False,True,False,False,False,False,False,False,False,False,False,True,False,True,False,1
43,10,5,2,26830,4.0,11,0,21.0,3,1,0,0,2.0,4.0,2.0,3,3,8.685538548752834,2,False,False,True,False,True,False,False,False,False,False,False,True,True,False,False,False,False,False,False,False,False,True,False,True,False,False,0
36,1,3,2,28380,1.0,19,2,5.0,5,5,0,2,1.0,2.0,3.0,1,3,7.088763888888889,2,True,False,False,False,True,False,False,True,False,False,False,False,False,True,False,False,False,False,False,False,True,False,False,False,True,False,0
28,1,2,1,22310,1.0,12,0,8.0,3,8,7,5,2.0,2.0,3.0,2,3,9.909392076502732,2,False,False,True,False,False,True,False,False,False,False,False,True,True,False,False,False,False,False,False,False,False,True,False,False,True,False,0
39,1,1,2,23400,0.0,11,1,9.0,2,8,0,7,1.0,3.0,3.0,2,3,6.510007246376811,2,False,False,True,False,False,True,False,False,True,False,False,False,False,True,False,False,False,False,False,False,True,False,False,False,False,True,0
37,2,2,1,20220,1.0,12,0,10.0,1,10,3,7,1.0,4.0,3.0,3,3,8.006495911495911,2,False,False,True,False,True,False,False,False,False,True,False,False,False,True,False,False,False,False,False,False,True,False,False,False,True,False,0
37,1,5,2,62610,1.0,12,0,10.0,1,10,0,9,1.0,2.0,3.0,3,3,8.35173582295989,2,True,False,False,False,True,False,False,False,False,True,False,False,True,False,False,False,False,False,False,False,True,False,False,False,False,True,0
31,1,3,4,28670,0.0,24,0,3.0,5,2,2,2,3.0,2.0,3.0,3,4,10.785730286738351,0,False,False,True,False,True,False,False,True,False,False,False,False,False,True,False,True,False,False,False,False,False,False,False,False,False,True,0
45,26,1,3,27940,3.0,19,1,8.0,2,5,0,2,4.0,4.0,3.0,3,3,7.010718351548269,2,False,False,True,False,True,False,False,False,False,True,False,False,True,False,True,False,False,False,False,False,False,False,False,True,False,False,0
27,9,3,5,59930,0.0,14,1,5.0,3,4,1,1,1.0,4.0,3.0,1,3,7.000167394468705,2,False,False,True,False,False,True,False,False,True,False,False,False,False,True,False,False,False,False,False,True,False,False,False,False,False,True,0
33,7,3,5,109990,1.0,18,3,6.0,3,6,0,4,4.0,4.0,3.0,2,3,6.363958333333334,2,False,False,True,False,True,False,False,False,False,True,False,False,False,True,False,False,False,False,False,False,False,True,False,True,False,False,0
44,6,2,3,45580,1.0,13,1,6.0,2,6,0,2,3.0,3.0,3.0,1,3,10.428269318701416,2,False,False,True,True,False,False,True,False,False,False,False,False,False,True,False,False,False,False,False,False,False,True,False,False,False,True,1
30,2,4,3,51310,0.0,15,1,10.0,2,9,7,8,3.0,1.0,3.0,3,3,6.678385634588564,1,True,False,False,False,True,False,False,True,False,False,False,False,True,False,False,False,False,False,False,False,True,False,False,False,True,False,0
35,15,3,3,65490,1.0,20,0,9.0,3,9,1,8,2.0,1.0,2.0,3,4,6.477757246376812,0,False,True,False,False,True,False,False,False,False,True,False,False,False,True,False,False,False,False,True,False,False,False,False,False,True,False,0
28,19,4,4,52380,1.0,17,1,10.0,4,10,1,9,2.0,1.0,2.0,2,3,7.378290414878396,2,True,False,False,False,True,False,False,True,False,False,False,False,True,False,False,False,True,False,False,False,False,False,False,False,False,True,1
45,1,3,2,125040,1.0,12,1,15.0,2,15,4,12,2.0,3.0,3.0,3,3,6.015613026819923,1,True,False,False,False,True,False,False,False,False,True,False,False,True,False,False,True,False,False,False,False,False,False,False,False,True,False,0
29,3,3,2,48050,3.0,16,1,9.0,2,7,1,7,4.0,4.0,2.0,3,3,6.878174931129477,2,False,False,True,False,True,False,False,False,False,False,False,True,True,False,True,False,False,False,False,False,False,False,False,True,False,False,0
30,25,3,1,24060,2.0,20,1,11.0,5,5,0,2,3.0,4.0,3.0,3,4,7.322458937198068,0,False,False,True,False,False,True,False,False,True,False,False,False,False,True,False,False,False,False,False,False,False,True,False,False,False,True,0
30,10,3,3,28140,1.0,24,0,10.0,2,10,0,9,1.0,3.0,2.0,3,4,7.91181216931217,0,False,True,False,False,True,False,False,True,False,False,False,False,True,False,True,False,False,False,False,False,False,False,False,True,False,False,0
42,2,3,4,110310,3.0,12,1,8.0,2,5,1,2,2.0,1.0,3.0,2,3,7.534024390243902,2,False,False,True,False,True,False,False,False,False,True,False,False,True,False,False,False,False,True,False,False,False,False,False,True,False,False,0
40,1,4,2,192320,2.0,14,1,11.0,3,1,0,0,1.0,2.0,2.0,3,3,6.146567632850241,2,False,False,True,False,True,False,False,False,False,True,False,False,False,True,False,False,False,False,False,False,True,False,False,True,False,False,0
30,10,2,3,188800,0.0,22,1,12.0,3,11,6,7,3.0,4.0,2.0,3,4,6.286431712962963,0,True,False,False,False,False,True,False,True,False,False,False,False,False,True,False,False,True,False,False,False,False,False,False,False,False,True,0
41,1,4,1,195170,2.0,13,0,20.0,5,18,2,17,4.0,1.0,3.0,3,3,10.713868621840724,1,False,False,True,False,True,False,False,False,False,True,False,False,False,True,False,False,False,False,False,False,True,False,False,False,False,True,0
29,3,4,2,55930,1.0,13,1,1.0,3,1,0,0,4.0,1.0,3.0,3,3,6.287173611111111,2,False,False,True,False,True,False,False,False,False,False,True,False,True,False,False,False,False,False,False,False,False,False,True,True,False,False,0
34,1,2,2,86210,1.0,17,1,5.0,1,5,0,0,1.0,3.0,3.0,3,3,6.400724121557455,2,True,False,False,False,False,True,False,True,False,False,False,False,False,True,False,False,False,False,False,False,True,False,False,True,False,False,0
35,10,1,2,43230,2.0,18,3,15.0,3,7,1,7,2.0,4.0,3.0,3,3,6.684642531876139,2,True,False,False,False,False,True,False,True,False,False,False,False,True,False,False,False,False,False,False,True,False,False,False,True,False,False,0
28,6,3,2,23510,1.0,16,0,6.0,4,6,3,3,4.0,1.0,3.0,3,3,7.15125413711584,2,False,False,True,False,True,False,False,False,False,False,False,True,False,True,False,False,False,False,False,False,True,False,False,False,True,False,0
32,2,3,3,77560,0.0,21,0,9.0,3,8,0,7,4.0,4.0,4.0,3,4,6.505978561549101,0,False,True,False,False,False,True,False,False,True,False,False,False,False,True,False,False,True,False,False,False,False,False,False,True,False,False,0
47,1,4,1,45380,8.0,11,0,16.0,3,8,1,7,3.0,2.0,4.0,3,3,5.99063475177305,1,True,False,False,False,True,False,False,False,False,True,False,False,False,True,False,False,False,False,False,False,True,False,False,False,True,False,0
58,24,3,2,43170,7.0,17,0,40.0,2,31,13,8,4.0,2.0,3.0,3,3,8.896928240740742,1,False,False,True,False,True,False,False,False,False,False,True,False,True,False,False,False,False,False,False,False,True,False,False,False,False,True,1
41,18,4,5,53470,1.0,24,1,4.0,1,4,0,2,2.0,2.0,2.0,3,4,10.125495271867612,0,False,False,True,False,True,False,False,True,False,False,False,False,False,True,False,False,True,False,False,False,False,False,False,False,False,True,1
39,4,3,2,98520,0.0,12,1,21.0,5,20,11,10,2.0,1.0,3.0,2,3,6.089302083333333,1,False,False,True,False,True,False,False,True,False,False,False,False,False,True,False,False,False,False,False,False,False,True,False,False,False,True,0
52,29,3,2,29420,8.0,11,1,9.0,1,5,1,4,4.0,3.0,3.0,2,3,6.0589536252354055,2,False,False,True,False,True,False,False,True,False,False,False,False,False,True,False,False,False,False,True,False,False,False,False,False,True,False,0
41,29,3,2,52940,2.0,15,0,17.0,3,1,0,0,3.0,1.0,2.0,2,3,6.131716963877457,2,False,False,True,False,False,True,False,True,False,False,False,False,True,False,False,False,True,False,False,False,False,False,False,True,False,False,0
43,27,4,2,39770,4.0,18,1,8.0,3,5,0,2,3.0,3.0,3.0,3,3,8.935685990338163,2,False,False,True,False,False,True,False,True,False,False,False,False,False,True,False,False,False,False,False,False,False,False,True,True,False,False,0
50,5,4,1,118780,2.0,13,1,29.0,2,8,7,7,2.0,3.0,2.0,3,3,9.595219610636278,1,False,False,True,False,True,False,False,True,False,False,False,False,False,True,False,False,False,False,False,False,False,True,False,False,True,False,0
29,23,3,1,79690,0.0,14,0,6.0,3,5,1,3,2.0,4.0,2.0,3,3,8.911738128169663,2,False,False,True,False,True,False,False,False,False,True,False,False,False,True,False,False,False,False,False,False,False,True,False,False,True,False,0
39,26,1,2,34470,0.0,14,0,9.0,5,8,1,7,1.0,3.0,3.0,3,3,6.005927823315118,2,False,False,True,False,True,False,False,False,False,True,False,False,False,True,True,False,False,False,False,False,False,False,False,False,False,True,0
30,1,4,1,20330,1.0,14,1,12.0,3,12,3,7,3.0,4.0,3.0,1,3,6.813341335162323,2,False,True,False,False,True,False,False,False,False,True,False,False,False,True,False,False,False,False,False,False,True,False,False,False,False,True,0
28,7,5,2,171230,5.0,15,1,6.0,2,4,0,3,3.0,4.0,2.0,2,3,6.290863054412437,2,False,False,True,False,False,True,False,True,False,False,False,False,True,False,False,False,False,False,False,False,False,False,True,True,False,False,1
37,2,3,1,56470,6.0,19,0,7.0,2,0,0,0,4.0,3.0,3.0,3,3,8.492027417027417,2,False,False,True,False,True,False,False,True,False,False,False,False,False,True,False,False,False,False,False,False,False,True,False,False,False,True,1
33,7,3,5,109990,1.0,18,3,6.0,3,6,0,4,4.0,4.0,3.0,2,3,6.412126774351445,2,False,False,True,False,True,False,False,False,False,True,False,False,False,True,False,False,False,False,False,False,False,True,False,True,False,False,0
31,7,4,2,132250,3.0,21,1,9.0,2,2,1,0,1.0,1.0,3.0,3,4,6.831459786145978,0,False,False,True,False,False,True,False,False,True,False,False,False,False,True,False,False,False,False,False,False,False,True,False,False,True,False,0
44,1,1,3,15630,5.0,12,2,9.0,3,4,1,3,2.0,1.0,2.0,3,3,9.386280345471524,2,False,False,True,False,True,False,False,False,False,True,False,False,True,False,False,False,False,False,False,False,True,False,False,True,False,False,0
25,2,4,2,27850,0.0,21,0,6.0,2,5,0,4,1.0,3.0,2.0,3,4,7.971588934613626,0,False,False,True,False,True,False,False,False,False,True,False,False,True,False,False,False,False,False,True,False,False,False,False,True,False,False,0
30,2,4,3,51310,0.0,15,1,10.0,2,9,7,8,3.0,1.0,3.0,3,3,6.711006944444445,1,True,False,False,False,True,False,False,True,False,False,False,False,True,False,False,False,False,False,False,False,True,False,False,False,True,False,0
32,10,1,1,23420,4.0,12,2,9.0,2,6,0,4,4.0,1.0,3.0,3,3,8.006174603174603,2,False,False,True,False,True,False,False,False,False,True,False,False,False,True,False,False,False,False,False,False,False,True,False,False,False,True,0
35,8,1,3,37600,1.0,14,3,10.0,2,10,0,6,3.0,2.0,3.0,3,3,7.35771513002364,2,False,False,True,False,False,True,False,False,True,False,False,False,True,False,False,False,True,False,False,False,False,False,False,False,True,False,0
28,7,3,1,96370,1.0,13,0,5.0,6,5,0,2,4.0,4.0,3.0,2,3,6.702303051001821,2,False,False,True,False,True,False,False,False,False,False,True,False,False,True,False,True,False,False,False,False,False,False,False,False,False,True,0
28,8,3,4,11180,1.0,11,0,7.0,3,7,0,7,3.0,4.0,3.0,3,3,10.561230803974706,2,False,True,False,False,False,True,False,True,False,False,False,False,False,True,False,False,False,False,False,False,True,False,False,False,True,False,0
41,3,2,2,99360,7.0,17,1,16.0,2,14,1,10,4.0,4.0,3.0,2,3,6.21821618357488,1,True,False,False,False,True,False,False,True,False,False,False,False,True,False,False,False,False,False,False,False,True,False,False,False,False,True,0
51,1,2,1,41050,4.0,22,1,18.0,2,7,0,7,3.0,4.0,2.0,3,4,7.598426313342632,0,False,False,True,False,True,False,False,True,False,False,False,False,False,True,False,False,False,False,False,False,False,True,False,False,True,False,0
24,1,5,3,93800,0.0,16,0,5.0,2,4,1,3,1.0,3.0,2.0,2,3,6.907967535436671,2,True,False,False,False,True,False,False,True,False,False,False,False,False,True,False,False,False,False,False,False,True,False,False,True,False,False,0
24,7,3,1,12320,1.0,12,0,1.0,4,1,0,0,4.0,2.0,3.0,1,3,6.823666187739463,2,False,False,True,False,False,True,False,False,False,True,False,False,True,False,False,False,True,False,False,False,False,False,False,False,True,False,0
35,14,1,2,79880,1.0,18,0,4.0,3,4,1,1,3.0,4.0,3.0,3,3,6.858034934497816,2,False,False,True,True,False,False,False,True,False,False,False,False,False,True,False,False,False,False,False,False,True,False,False,False,True,False,0
34,4,3,1,12610,2.0,14,1,6.0,6,4,1,2,2.0,3.0,4.0,3,3,6.470493025493026,2,False,False,True,False,False,True,False,False,False,True,False,False,True,False,False,False,False,False,False,False,False,True,False,False,True,False,0
36,11,3,1,131910,1.0,14,1,10.0,2,10,1,7,2.0,3.0,3.0,2,3,9.49515924329502,2,False,False,True,False,True,False,False,True,False,False,False,False,False,True,False,False,False,False,False,False,False,True,False,False,True,False,0
38,6,2,1,47360,0.0,11,1,9.0,3,8,2,7,3.0,3.0,3.0,2,3,10.697828385065227,2,False,False,True,False,True,False,False,False,False,True,False,False,False,True,False,False,False,False,False,False,True,False,False,True,False,False,0
29,8,3,3,194310,1.0,11,0,10.0,3,10,0,7,2.0,3.0,3.0,3,3,7.175699035812673,2,False,False,True,False,True,False,False,False,False,True,False,False,True,False,False,False,False,False,True,False,False,False,False,False,True,False,0
51,2,1,1,39070,5.0,13,0,16.0,2,10,4,7,2.0,2.0,1.0,3,3,6.702637130801688,1,False,False,True,False,True,False,False,False,False,True,False,False,True,False,False,False,False,False,True,False,False,False,False,False,True,False,0
51,4,1,3,40280,3.0,14,0,29.0,3,5,0,3,4.0,2.0,2.0,3,3,7.494571708272149,2,False,False,True,False,True,False,False,False,False,True,False,False,True,False,False,False,False,False,True,False,False,False,False,False,False,True,0
35,4,3,2,74030,1.0,12,1,10.0,4,10,6,8,2.0,3.0,2.0,3,3,6.42009219348659,1,False,False,True,False,False,True,False,False,False,True,False,False,True,False,False,False,True,False,False,False,False,False,False,False,True,False,0
26,26,2,2,68120,1.0,13,0,1.0,2,1,1,0,2.0,3.0,2.0,2,3,9.306218303365606,2,False,False,True,False,True,False,False,True,False,False,False,False,False,True,False,True,False,False,False,False,False,False,False,False,True,False,0
20,11,3,2,93960,1.0,12,0,2.0,6,2,0,2,3.0,3.0,2.0,1,3,7.086974248927038,2,False,False,True,False,True,False,False,False,False,True,False,False,False,True,False,False,False,False,False,False,False,True,False,False,False,True,1
30,1,4,1,174260,2.0,12,1,12.0,0,10,7,4,2.0,4.0,3.0,2,3,6.886836355183635,1,False,False,True,True,False,False,True,False,False,False,False,False,True,False,False,False,False,True,False,False,False,False,False,False,True,False,0
44,2,2,1,40110,4.0,14,1,26.0,2,2,0,1,4.0,4.0,4.0,3,3,8.711613865932048,2,False,False,True,False,True,False,False,True,False,False,False,False,False,True,False,False,True,False,False,False,False,False,False,False,True,False,0
28,1,2,1,176390,0.0,13,1,6.0,0,5,1,3,4.0,1.0,3.0,3,3,6.513891156462586,2,False,False,True,False,True,False,False,False,False,False,False,True,True,False,False,False,False,False,False,False,True,False,False,False,False,True,0
29,3,3,3,59160,6.0,12,0,5.0,2,3,0,2,2.0,3.0,3.0,3,3,9.3763463356974,2,False,False,True,False,False,True,False,False,True,False,False,False,False,True,False,False,True,False,False,False,False,False,False,True,False,False,1
42,18,4,4,132060,0.0,13,2,7.0,2,6,0,4,4.0,4.0,4.0,3,3,6.5951353874883285,2,False,True,False,False,True,False,False,False,False,False,False,True,False,True,False,False,False,False,False,False,False,True,False,False,True,False,0
50,4,2,1,27990,4.0,12,1,27.0,0,1,0,0,3.0,3.0,3.0,1,3,9.415903642231443,2,False,False,True,False,True,False,False,False,False,True,False,False,True,False,False,False,True,False,False,False,False,False,False,False,True,False,0
32,5,3,1,96020,1.0,13,1,10.0,3,10,1,1,4.0,3.0,3.0,3,3,6.479733992467042,2,False,False,True,False,True,False,False,False,False,False,False,True,True,False,False,False,False,False,False,False,False,True,False,False,True,False,1
33,2,2,1,24400,0.0,18,3,4.0,4,3,0,2,3.0,4.0,4.0,3,3,6.8169341138659325,2,False,False,True,False,True,False,False,False,False,True,False,False,False,True,False,False,False,False,False,False,False,True,False,False,False,True,0
47,2,2,5,31960,4.0,14,1,7.0,3,2,2,0,2.0,3.0,3.0,2,3,6.100282694198623,2,False,False,True,False,False,True,False,True,False,False,False,False,True,False,False,False,False,True,False,False,False,False,False,False,False,True,0
34,1,1,2,26960,3.0,23,0,6.0,3,0,0,0,3.0,4.0,3.0,3,4,7.120342066957788,0,True,False,False,False,False,True,False,False,True,False,False,False,True,False,False,False,False,False,False,True,False,False,False,False,True,False,0
24,15,3,2,54880,1.0,22,1,6.0,6,6,1,3,1.0,4.0,3.0,3,4,8.687724314272431,0,False,True,False,False,True,False,False,True,False,False,False,False,False,True,False,False,False,False,False,False,True,False,False,False,False,True,0
29,29,4,1,28860,3.0,13,0,10.0,4,7,7,7,2.0,3.0,3.0,3,3,8.415431074227754,1,False,False,True,False,True,False,False,False,False,False,False,True,True,False,False,False,False,False,False,False,False,False,True,True,False,False,1
24,2,5,3,47680,2.0,11,1,6.0,2,2,2,0,2.0,4.0,2.0,2,3,9.683534013605444,2,False,False,True,True,False,False,True,False,False,False,False,False,False,True,False,False,False,False,False,False,False,True,False,False,True,False,1
48,1,4,2,132370,5.0,13,1,7.0,2,1,0,0,4.0,2.0,2.0,4,3,6.084178691678691,2,False,False,True,False,True,False,False,True,False,False,False,False,True,False,False,False,True,False,False,False,False,False,False,False,False,True,0
33,10,3,2,27000,0.0,14,3,5.0,2,4,0,3,4.0,1.0,3.0,3,3,7.285915103415103,2,False,True,False,True,False,False,False,False,False,True,False,False,True,False,False,False,False,False,False,False,False,True,False,False,True,False,0
33,1,2,3,28710,1.0,17,3,10.0,2,10,7,8,4.0,4.0,2.0,3,3,9.988328779599271,1,False,False,True,False,True,False,False,False,False,True,False,False,False,True,False,False,True,False,False,False,False,False,False,False,False,True,1
26,9,1,1,106860,1.0,14,1,3.0,2,3,0,2,4.0,3.0,4.0,3,3,7.71978231292517,2,False,False,True,False,True,False,False,False,False,True,False,False,False,True,False,False,False,False,False,False,False,True,False,False,True,False,0
33,7,3,2,38150,3.0,11,1,7.0,3,4,0,3,4.0,2.0,4.0,3,3,9.426710465652375,2,False,False,True,False,False,True,False,True,False,False,False,False,False,True,False,False,False,False,True,False,False,False,False,True,False,False,0
27,3,2,2,135770,1.0,12,1,6.0,2,5,1,2,2.0,2.0,2.0,3,3,7.285151072124757,2,False,False,True,False,False,True,False,False,False,False,False,True,False,True,True,False,False,False,False,False,False,False,False,False,True,False,0
29,19,4,1,99500,1.0,20,0,3.0,3,3,1,2,1.0,4.0,3.0,3,4,7.376378019323671,0,False,False,True,False,True,False,False,True,False,False,False,False,False,True,False,False,False,False,True,False,False,False,False,True,False,False,0
35,7,4,4,25530,1.0,14,1,1.0,4,1,0,0,4.0,3.0,3.0,2,3,6.602291972589329,2,False,False,True,False,False,True,False,False,False,False,True,False,True,False,True,False,False,False,False,False,False,False,False,False,True,False,0
55,2,3,2,74410,3.0,12,1,24.0,4,1,1,0,1.0,4.0,3.0,3,3,6.696436781609195,2,False,False,True,False,True,False,False,True,False,False,False,False,True,False,False,False,True,False,False,False,False,False,False,False,True,False,0
34,7,4,1,13930,1.0,11,2,10.0,4,10,1,9,4.0,3.0,2.0,4,3,6.80057391091532,2,False,True,False,True,False,False,False,False,False,False,True,False,True,False,False,False,False,False,False,False,True,False,False,False,True,False,0
52,3,2,3,25790,9.0,19,1,10.0,1,8,7,7,2.0,2.0,2.0,3,3,10.018041894353368,1,False,False,True,False,True,False,False,False,False,False,False,True,False,True,False,False,True,False,False,False,False,False,False,False,False,True,1
21,1,4,1,57750,1.0,18,0,1.0,2,1,1,0,3.0,1.0,2.0,3,3,6.645199093943729,2,False,False,True,False,True,False,False,True,False,False,False,False,False,True,False,False,False,True,False,False,False,False,False,False,False,True,1
32,3,2,3,47210,3.0,14,1,6.0,3,3,0,2,2.0,4.0,3.0,3,3,6.317826725403818,2,False,False,True,False,True,False,False,True,False,False,False,False,False,True,False,False,False,False,False,False,True,False,False,False,True,False,0
28,2,3,2,111590,1.0,12,0,5.0,2,5,0,4,3.0,1.0,3.0,3,3,6.722281576448243,2,False,False,True,False,True,False,False,True,False,False,False,False,True,False,True,False,False,False,False,False,False,False,False,False,True,False,0
26,22,4,1,20240,1.0,23,0,8.0,2,8,1,7,3.0,3.0,3.0,3,4,8.024657287157286,0,False,True,False,False,True,False,False,False,False,False,True,False,True,False,False,False,False,False,False,False,False,True,False,False,True,False,1
47,21,2,1,46390,0.0,11,1,14.0,2,13,5,12,3.0,2.0,1.0,2,3,7.224853076216712,1,True,False,False,False,True,False,False,False,False,True,False,False,False,True,False,False,False,False,False,False,False,True,False,False,True,False,0
30,4,3,1,21210,1.0,13,1,6.0,2,6,1,1,2.0,2.0,2.0,3,3,6.624580327080327,2,False,False,True,False,True,False,False,False,False,True,False,False,True,False,False,False,False,False,False,True,False,False,False,False,True,False,0
37,14,4,3,65770,1.0,13,0,14.0,1,14,3,11,4.0,4.0,2.0,1,3,6.775005715592137,1,False,False,True,False,True,False,False,True,False,False,False,False,False,True,False,False,False,False,False,False,True,False,False,False,True,False,0
34,8,1,3,25850,3.0,12,0,9.0,5,4,0,1,4.0,4.0,2.0,3,3,9.197162131519274,2,False,False,True,False,True,False,False,True,False,False,False,False,True,False,False,False,True,False,False,False,False,False,False,False,True,False,0
32,10,4,1,87400,2.0,11,1,12.0,2,7,0,7,2.0,2.0,3.0,3,3,6.016168372319688,2,True,False,False,False,True,False,False,True,False,False,False,False,True,False,False,False,True,False,False,False,False,False,False,False,False,True,0
36,16,4,1,67350,8.0,25,2,16.0,3,13,3,7,4.0,2.0,4.0,2,4,7.587336734693878,0,False,False,True,False,True,False,False,True,False,False,False,False,False,True,True,False,False,False,False,False,False,False,False,False,False,True,0
41,3,3,1,72600,1.0,16,0,22.0,2,22,2,10,4.0,3.0,3.0,3,3,6.236250581125058,1,False,False,True,False,True,False,False,False,False,True,False,False,False,True,False,False,False,False,True,False,False,False,False,False,True,False,0
50,4,2,4,44240,3.0,14,1,18.0,2,4,1,3,2.0,3.0,3.0,2,3,8.207366522366522,2,False,True,False,False,True,False,False,False,False,True,False,False,False,True,False,False,False,False,False,False,False,False,True,False,True,False,1
42,23,3,3,26420,0.0,13,1,21.0,3,20,0,9,3.0,1.0,3.0,3,3,6.129594856865599,1,False,False,True,False,False,True,False,False,True,False,False,False,True,False,False,False,False,False,False,False,True,False,False,False,True,False,0
32,7,3,2,24720,7.0,13,0,10.0,2,7,0,7,1.0,4.0,2.0,3,3,7.500045695045695,2,False,False,True,False,True,False,False,False,False,False,False,True,False,True,True,False,False,False,False,False,False,False,False,False,False,True,0
26,16,2,2,83800,2.0,14,0,8.0,3,7,7,7,3.0,4.0,3.0,4,3,6.074546783625731,2,False,True,False,False,False,True,False,True,False,False,False,False,False,True,True,False,False,False,False,False,False,False,False,False,True,False,0
29,28,3,5,44340,5.0,17,3,7.0,1,5,0,0,1.0,2.0,1.0,3,3,7.808987142163998,2,False,True,False,False,True,False,False,False,False,True,False,False,True,False,False,False,False,False,False,False,True,False,False,False,False,True,1
33,3,4,3,16110,0.0,14,0,10.0,2,9,8,1,2.0,4.0,3.0,2,3,9.103674504379898,2,False,False,True,False,False,True,False,False,False,True,False,False,False,True,True,False,False,False,False,False,False,False,False,False,True,False,0
40,1,1,1,42860,9.0,15,0,6.0,6,4,0,0,3.0,3.0,3.0,3,3,7.306210648148149,2,True,False,False,False,True,False,False,True,False,False,False,False,False,True,False,False,True,False,False,False,False,False,False,True,False,False,0
38,9,3,1,52040,3.0,13,1,10.0,2,6,1,2,3.0,3.0,3.0,3,3,6.897724051211705,2,False,True,False,False,False,True,False,False,True,False,False,False,False,True,False,False,False,False,True,False,False,False,False,False,True,False,0
27,10,3,1,29560,8.0,13,0,9.0,6,7,0,7,4.0,1.0,1.0,3,3,7.500663706739527,2,False,False,True,False,True,False,False,True,False,False,False,False,True,False,False,False,True,False,False,False,False,False,False,False,False,True,0
25,1,4,2,25000,4.0,14,2,7.0,2,3,0,2,1.0,4.0,2.0,1,3,7.972668128654971,2,False,False,True,False,True,False,False,False,False,True,False,False,False,True,False,False,False,False,False,False,False,True,False,False,True,False,0
29,28,3,5,44340,5.0,17,3,7.0,1,5,0,0,1.0,2.0,1.0,3,3,7.797684042066759,2,False,True,False,False,True,False,False,False,False,True,False,False,True,False,False,False,False,False,False,False,True,False,False,False,False,True,1
35,2,1,2,18590,0.0,25,1,4.0,2,3,0,2,4.0,2.0,3.0,2,4,10.515715105601467,0,False,False,True,False,False,True,False,False,False,False,False,True,False,True,False,False,True,False,False,False,False,False,False,False,True,False,0
30,10,3,1,22070,6.0,14,0,6.0,4,4,1,2,3.0,4.0,2.0,3,3,6.712487425697302,2,False,True,False,False,True,False,False,True,False,False,False,False,True,False,False,True,False,False,False,False,False,False,False,True,False,False,1
32,9,4,4,43270,8.0,13,0,4.0,4,0,0,0,4.0,4.0,4.0,3,3,7.611351931330473,2,False,True,False,False,False,True,False,True,False,False,False,False,False,True,False,False,False,False,False,False,False,True,False,False,False,True,0
36,1,3,2,33760,5.0,20,0,16.0,3,2,2,2,2.0,1.0,3.0,3,4,10.377021152952114,0,False,False,True,False,True,False,False,False,False,True,False,False,False,True,False,False,False,False,True,False,False,False,False,True,False,False,1
36,26,4,1,84740,0.0,14,0,17.0,3,16,4,11,3.0,4.0,2.0,3,3,10.330182186234818,1,False,False,True,False,True,False,False,False,False,True,False,False,False,True,False,False,True,False,False,False,False,False,False,False,True,False,0
45,19,4,3,34410,2.0,13,1,5.0,5,1,0,0,1.0,1.0,3.0,3,3,7.603039855072464,2,False,True,False,False,True,False,False,True,False,False,False,False,False,True,False,False,False,False,False,True,False,False,False,False,True,False,1
35,5,3,2,48830,1.0,18,1,10.0,1,10,0,9,3.0,4.0,3.0,1,3,8.815632850241546,2,False,False,True,False,True,False,False,True,False,False,False,False,False,True,False,False,False,False,False,False,False,False,True,False,True,False,0
22,8,3,3,108510,1.0,16,1,1.0,2,1,0,0,4.0,4.0,2.0,4,3,9.981459836459836,2,True,False,False,False,True,False,False,True,False,False,False,False,True,False,False,False,False,False,False,False,False,True,False,True,False,False,0
43,9,5,1,12740,1.0,19,0,6.0,3,5,1,4,4.0,3.0,2.0,2,3,6.508396248812916,2,False,False,True,False,False,True,False,False,False,False,False,True,True,False,False,False,False,False,False,True,False,False,False,True,False,False,0
25,26,3,1,88530,1.0,22,1,2.0,3,2,2,1,4.0,4.0,3.0,3,4,7.685013343037361,0,False,False,True,False,True,False,False,False,False,False,False,True,False,True,False,False,True,False,False,False,False,False,False,False,True,False,0
20,2,2,2,63970,1.0,17,1,1.0,3,1,0,0,4.0,1.0,3.0,3,3,8.311527171276081,2,False,False,True,False,True,False,False,True,False,False,False,False,True,False,False,False,False,False,False,False,True,False,False,False,False,True,1
34,9,3,2,53680,2.0,14,1,9.0,2,3,1,2,4.0,2.0,3.0,3,3,6.247778935185185,2,False,False,True,False,False,True,False,False,True,False,False,False,True,False,False,False,False,True,False,False,False,False,False,False,False,True,0
37,1,4,2,133480,7.0,14,0,8.0,4,6,0,4,4.0,4.0,2.0,3,3,6.001789351851852,2,False,False,True,False,False,True,False,True,False,False,False,False,False,True,True,False,False,False,False,False,False,False,False,True,False,False,0
40,8,1,1,59850,2.0,13,3,9.0,1,5,1,0,4.0,2.0,3.0,2,3,9.79205054840248,2,False,False,True,False,False,True,False,False,False,False,True,False,False,True,False,False,True,False,False,False,False,False,False,False,False,True,1
31,7,4,1,24370,9.0,14,1,9.0,3,2,2,2,2.0,3.0,3.0,4,3,7.298196173351775,2,False,True,False,False,True,False,False,False,False,True,False,False,False,True,False,False,False,False,False,False,True,False,False,True,False,False,0
37,22,3,2,174440,1.0,14,0,8.0,4,8,7,7,2.0,2.0,1.0,3,3,7.9860350241545905,1,False,False,True,False,True,False,False,True,False,False,False,False,True,False,True,False,False,False,False,False,False,False,False,False,True,False,0
29,10,3,1,34520,1.0,11,0,10.0,3,10,0,7,3.0,3.0,3.0,2,3,7.72597758702909,2,False,False,True,False,True,False,False,False,False,False,True,False,False,True,False,False,False,False,False,False,True,False,False,False,True,False,0
34,7,1,1,62880,0.0,15,1,16.0,2,15,10,10,1.0,2.0,4.0,3,3,8.527089890319504,1,False,False,True,False,True,False,False,False,False,True,False,False,False,True,False,False,False,False,False,False,True,False,False,False,False,True,1
47,15,4,3,65530,0.0,15,0,8.0,2,7,7,7,3.0,4.0,3.0,3,3,10.684698017519594,1,False,False,True,False,False,True,False,False,True,False,False,False,True,False,False,False,False,False,False,True,False,False,False,False,True,False,0
41,10,4,4,57430,2.0,12,3,7.0,2,5,1,4,3.0,1.0,3.0,4,3,7.996069739952718,2,False,False,True,False,True,False,False,False,False,True,False,False,False,True,False,False,False,False,False,False,True,False,False,False,True,False,0
56,15,3,2,33120,9.0,19,0,7.0,1,5,4,3,2.0,2.0,3.0,1,3,9.003661723163841,2,False,False,True,False,True,False,False,True,False,False,False,False,False,True,False,False,True,False,False,False,False,False,False,False,True,False,1
37,13,4,3,35640,5.0,11,0,10.0,1,5,0,0,3.0,4.0,3.0,1,3,7.370625285779607,2,False,True,False,False,True,False,False,True,False,False,False,False,True,False,False,True,False,False,False,False,False,False,False,False,True,False,0
43,1,3,1,73790,7.0,13,2,21.0,3,16,6,14,1.0,3.0,3.0,2,3,6.286693587860988,1,False,False,True,False,True,False,False,True,False,False,False,False,False,True,False,False,False,False,True,False,False,False,False,False,True,False,0
53,9,3,1,39200,6.0,16,1,22.0,3,17,15,2,3.0,3.0,4.0,3,3,6.507214944201844,1,False,False,True,False,True,False,False,False,False,False,False,True,False,True,False,False,False,True,False,False,False,False,False,True,False,False,0
28,1,3,5,56790,0.0,13,0,10.0,2,9,7,5,3.0,4.0,3.0,2,3,7.984185660018993,2,True,False,False,False,True,False,False,False,False,True,False,False,False,True,False,False,False,False,False,False,False,True,False,False,True,False,0
36,1,3,1,54860,7.0,12,1,10.0,2,5,0,3,3.0,1.0,3.0,3,3,6.475342066957788,2,False,False,True,False,True,False,False,True,False,False,False,False,False,True,False,False,False,False,False,True,False,False,False,False,False,True,1
44,10,4,1,28440,1.0,12,0,6.0,2,5,2,3,3.0,2.0,2.0,4,3,9.284885265700485,2,False,True,False,False,False,True,False,True,False,False,False,False,False,True,False,False,False,False,False,False,True,False,False,True,False,False,1
35,2,3,2,21570,1.0,25,0,16.0,1,16,1,10,2.0,1.0,3.0,2,4,7.590426328502415,0,False,False,True,False,True,False,False,False,False,True,False,False,True,False,False,False,False,False,False,False,False,True,False,False,True,False,0
31,10,4,3,21870,1.0,15,1,13.0,2,13,3,12,2.0,1.0,1.0,2,3,6.131909722222222,1,False,False,True,False,True,False,False,True,False,False,False,False,False,True,False,False,False,False,False,False,False,True,False,False,True,False,0
39,2,4,1,72640,0.0,17,0,10.0,5,10,0,7,3.0,3.0,3.0,3,3,6.894523107177975,2,False,False,True,False,False,True,False,True,False,False,False,False,False,True,False,False,True,False,False,False,False,False,False,True,False,False,0
40,26,4,2,54400,1.0,12,1,20.0,2,20,2,13,2.0,2.0,3.0,3,3,7.00086966713549,1,False,True,False,False,True,False,False,False,False,True,False,False,False,True,False,False,False,False,True,False,False,False,False,True,False,False,0
35,2,4,2,108830,3.0,12,0,8.0,3,1,0,1,2.0,3.0,3.0,4,3,8.999426937441642,2,False,False,True,False,True,False,False,True,False,False,False,False,True,False,False,False,False,False,False,True,False,False,False,False,True,False,1
21,10,2,1,53730,1.0,12,1,1.0,2,1,0,0,3.0,2.0,3.0,3,3,5.995219806763284,2,False,False,True,True,False,False,True,False,False,False,False,False,False,True,False,False,True,False,False,False,False,False,False,False,False,True,1
25,26,3,1,88530,1.0,22,1,2.0,3,2,2,1,4.0,4.0,3.0,3,4,7.701538647342994,0,False,False,True,False,True,False,False,False,False,False,False,True,False,True,False,False,True,False,False,False,False,False,False,False,True,False,0
48,1,4,1,21770,4.0,18,0,13.0,4,0,0,0,4.0,3.0,2.0,3,3,6.698589651883643,2,False,False,True,False,True,False,False,False,False,True,False,False,False,True,False,False,False,False,False,False,True,False,False,False,True,False,0
40,16,4,1,36330,3.0,16,2,10.0,0,4,0,3,1.0,1.0,1.0,3,3,10.486748633879785,2,False,False,True,False,False,True,False,False,True,False,False,False,False,True,False,False,False,False,False,True,False,False,False,False,False,True,1
31,3,1,1,71040,1.0,14,1,3.0,3,3,2,2,4.0,2.0,4.0,3,3,9.076394927536231,2,False,True,False,False,True,False,False,True,False,False,False,False,False,True,False,False,False,False,False,False,False,True,False,False,False,True,1
36,24,3,3,63970,4.0,14,1,11.0,3,3,0,2,3.0,1.0,2.0,3,3,7.316132653061226,2,False,False,True,False,True,False,False,False,False,False,True,False,True,False,False,False,False,False,False,True,False,False,False,False,True,False,0
29,8,4,1,23770,8.0,21,1,10.0,2,3,0,2,4.0,3.0,4.0,3,4,8.795385735080059,0,False,True,False,False,True,False,False,True,False,False,False,False,True,False,False,False,False,False,False,False,False,True,False,False,False,True,0
42,13,4,2,22880,5.0,16,1,8.0,4,2,2,2,2.0,4.0,3.0,2,3,8.005260631001372,2,False,True,False,False,False,True,False,True,False,False,False,False,True,False,False,False,True,False,False,False,False,False,False,False,False,True,0
46,12,1,1,20740,2.0,15,1,21.0,3,10,9,5,3.0,1.0,2.0,3,3,9.020947504708095,1,False,True,False,False,True,False,False,False,False,True,False,False,False,True,False,False,True,False,False,False,False,False,False,False,True,False,0
34,2,5,4,23230,0.0,17,0,4.0,2,3,0,2,3.0,4.0,1.0,3,3,6.892396694214876,2,False,False,True,False,False,True,False,True,False,False,False,False,False,True,False,False,False,False,False,False,True,False,False,False,True,False,0
44,1,3,1,48340,1.0,14,0,9.0,1,8,6,7,3.0,4.0,3.0,4,3,8.474362947658403,1,False,False,True,True,False,False,False,True,False,False,False,False,False,True,False,False,False,False,False,False,True,False,False,False,True,False,0
44,5,3,1,63220,4.0,11,1,10.0,2,3,1,2,1.0,1.0,4.0,3,3,5.984569383794275,2,False,False,True,False,False,True,False,True,False,False,False,False,False,True,False,False,True,False,False,False,False,False,False,False,True,False,1
45,16,1,2,54840,1.0,20,3,6.0,6,6,0,4,2.0,2.0,3.0,3,4,6.688949172576832,0,False,False,True,False,True,False,False,False,False,True,False,False,False,True,False,False,False,False,False,False,False,True,False,False,False,True,0
28,1,3,5,56790,0.0,13,0,10.0,2,9,7,5,3.0,4.0,3.0,2,3,8.013723628691983,2,True,False,False,False,True,False,False,False,False,True,False,False,False,True,False,False,False,False,False,False,False,True,False,False,True,False,0
56,4,3,4,25870,4.0,12,0,19.0,2,2,2,2,3.0,1.0,3.0,2,3,8.298600780532599,2,False,False,True,False,True,False,False,True,False,False,False,False,False,True,False,False,False,True,False,False,False,False,False,True,False,False,0
34,7,4,1,196260,1.0,21,0,15.0,5,15,0,7,4.0,3.0,3.0,2,4,8.186905255878285,0,True,False,False,False,True,False,False,False,False,True,False,False,True,False,False,False,False,False,False,False,True,False,False,True,False,False,0
36,1,4,3,41070,3.0,11,1,17.0,2,13,6,7,3.0,4.0,2.0,1,3,6.27741927825261,1,False,False,True,True,False,False,False,True,False,False,False,False,True,False,False,False,False,False,False,False,True,False,False,False,False,True,0
45,3,1,1,35400,1.0,13,0,24.0,6,24,9,11,1.0,1.0,3.0,3,3,7.29936099189318,1,False,True,False,False,True,False,False,False,False,True,False,False,True,False,False,False,False,False,False,False,False,True,False,True,False,False,0
53,14,2,5,35170,2.0,12,1,13.0,1,7,4,5,2.0,3.0,1.0,2,3,10.932706855791965,2,False,False,True,False,False,True,False,True,False,False,False,False,True,False,False,False,False,False,True,False,False,False,False,False,True,False,0
35,1,3,1,108550,3.0,13,1,17.0,2,8,1,6,3.0,3.0,4.0,3,3,6.994789915966386,2,False,False,True,False,True,False,False,False,False,True,False,False,False,True,False,False,False,False,False,True,False,False,False,False,False,True,0
34,19,3,1,33390,1.0,16,0,9.0,2,8,1,1,4.0,3.0,2.0,2,3,6.802054617909048,2,False,False,True,False,True,False,False,False,False,False,False,True,True,False,False,False,False,False,False,True,False,False,False,True,False,False,0
37,10,1,1,133410,1.0,14,1,18.0,3,18,12,17,4.0,1.0,2.0,3,3,6.481071769194086,1,False,False,True,False,True,False,False,False,False,False,False,True,False,True,False,False,False,False,False,False,False,True,False,True,False,False,0
30,3,3,3,51210,7.0,13,0,8.0,4,3,0,2,4.0,1.0,3.0,3,3,7.53879931972789,2,False,False,True,False,False,True,False,True,False,False,False,False,False,True,False,False,False,False,False,False,False,True,False,True,False,False,0
41,2,2,2,107980,6.0,14,2,10.0,5,3,1,2,3.0,2.0,3.0,1,3,7.69978044638525,2,True,False,False,False,False,True,False,False,False,True,False,False,False,True,False,False,False,False,False,False,True,False,False,False,True,False,0
29,1,2,3,26780,1.0,25,1,1.0,3,1,0,0,4.0,2.0,3.0,3,4,8.013264760576476,0,False,False,True,False,True,False,False,False,False,True,False,False,False,True,False,False,False,False,False,False,False,True,False,False,True,False,0
58,5,3,5,21540,4.0,21,1,29.0,3,1,0,0,4.0,4.0,2.0,3,4,9.88089598108747,0,False,False,True,False,False,True,False,False,True,False,False,False,False,True,False,False,False,False,False,False,False,False,True,False,True,False,0
43,27,4,2,39770,4.0,18,1,8.0,3,5,0,2,3.0,3.0,3.0,3,3,8.903843586075347,2,False,False,True,False,False,True,False,True,False,False,False,False,False,True,False,False,False,False,False,False,False,False,True,True,False,False,0
35,5,4,3,48980,2.0,15,2,10.0,2,4,2,3,3.0,1.0,3.0,3,3,9.50929442100328,2,True,False,False,False,True,False,False,False,False,False,False,True,True,False,False,False,False,False,True,False,False,False,False,False,True,False,0
27,2,1,4,44470,1.0,13,0,7.0,4,7,0,7,4.0,1.0,3.0,3,3,6.093734827264239,2,False,False,True,False,True,False,False,True,False,False,False,False,False,True,False,False,False,False,False,False,True,False,False,True,False,False,0
36,10,4,2,41520,9.0,19,1,10.0,3,8,0,5,1.0,1.0,3.0,3,3,6.0103244631185815,2,True,False,False,False,True,False,False,False,False,False,False,True,True,False,False,False,False,False,False,False,True,False,False,False,True,False,0
52,26,2,2,33750,2.0,21,0,28.0,2,5,0,4,4.0,3.0,3.0,2,4,8.202250957854407,0,False,False,True,False,True,False,False,True,False,False,False,False,True,False,False,False,False,False,False,False,False,False,True,False,True,False,0
32,3,4,4,30380,2.0,20,0,8.0,3,5,0,3,2.0,4.0,2.0,3,4,7.831357487922705,0,False,False,True,False,True,False,False,False,False,True,False,False,True,False,False,False,False,False,False,False,False,True,False,True,False,False,0
47,7,4,3,69310,1.0,11,0,20.0,3,19,2,7,3.0,3.0,4.0,3,3,10.079049886621316,1,False,True,False,False,True,False,False,True,False,False,False,False,False,True,False,False,False,False,False,False,False,True,False,True,False,False,0
26,1,3,2,24260,1.0,22,0,1.0,3,1,0,0,3.0,4.0,1.0,1,4,8.751425846447306,0,False,False,True,False,False,True,False,False,True,False,False,False,True,False,False,False,False,False,True,False,False,False,False,False,False,True,1
34,27,2,1,36920,1.0,12,1,5.0,5,5,3,0,4.0,1.0,3.0,3,3,10.18785106382979,2,True,False,False,False,True,False,False,True,False,False,False,False,True,False,False,False,False,False,False,False,False,False,True,False,True,False,1
42,10,1,1,50100,6.0,21,3,7.0,3,2,2,2,3.0,3.0,3.0,3,4,9.945424976258307,0,False,True,False,False,True,False,False,True,False,False,False,False,True,False,False,False,False,False,False,False,False,True,False,True,False,False,1
30,5,4,2,54100,0.0,17,1,6.0,2,5,4,4,2.0,3.0,3.0,3,3,7.5873362445414845,2,False,False,True,False,False,True,False,False,False,True,False,False,True,False,False,False,False,False,True,False,False,False,False,False,False,True,0
26,7,2,1,54540,1.0,13,1,3.0,5,3,0,2,3.0,4.0,3.0,4,3,9.963191029143898,2,False,False,True,False,True,False,False,True,False,False,False,False,False,True,False,False,False,False,True,False,False,False,False,False,True,False,0
45,8,1,2,33190,1.0,12,1,9.0,3,9,0,8,3.0,2.0,2.0,3,3,6.322636514719848,2,True,False,False,False,True,False,False,True,False,False,False,False,False,True,False,False,False,False,False,False,False,True,False,False,True,False,0
33,16,3,1,20900,4.0,16,0,10.0,2,6,0,5,1.0,3.0,3.0,3,3,7.402587597971415,2,False,False,True,False,True,False,False,False,False,True,False,False,True,False,False,False,True,False,False,False,False,False,False,True,False,False,0
32,12,5,1,95470,1.0,13,1,10.0,3,10,5,3,2.0,2.0,3.0,2,3,6.822150500910747,2,False,True,False,False,True,False,False,False,False,True,False,False,False,True,False,False,False,False,False,False,True,False,False,False,True,False,0
38,4,3,2,23060,2.0,19,1,13.0,5,4,1,2,1.0,1.0,2.0,3,3,7.583628618113912,2,False,True,False,False,False,True,False,False,False,True,False,False,False,True,False,False,False,False,False,False,True,False,False,True,False,False,0
50,3,4,4,61420,3.0,13,2,28.0,3,8,0,7,1.0,2.0,2.0,2,3,9.58414878397711,1,False,True,False,False,True,False,False,False,False,True,False,False,False,True,False,False,False,False,False,False,True,False,False,False,True,False,0
27,8,2,3,45990,1.0,15,1,1.0,3,1,0,0,4.0,1.0,3.0,2,3,7.619807132459972,2,False,False,True,False,False,True,False,False,True,False,False,False,True,False,False,False,False,False,False,False,True,False,False,True,False,False,0
29,9,3,1,111030,1.0,12,0,10.0,5,10,0,9,2.0,1.0,2.0,2,3,6.217927616413093,2,False,False,True,False,False,True,False,True,False,False,False,False,False,True,False,False,True,False,False,False,False,False,False,False,False,True,0
30,18,3,4,22960,1.0,18,1,10.0,2,10,3,0,4.0,4.0,2.0,3,3,9.17510808926081,2,False,False,True,False,False,True,False,True,False,False,False,False,False,True,False,True,False,False,False,False,False,False,False,False,True,False,0
46,12,4,1,23320,1.0,11,0,27.0,2,26,0,12,4.0,1.0,1.0,3,3,6.5991343937298295,1,False,False,True,False,True,False,False,False,False,False,False,True,False,True,False,False,True,False,False,False,False,False,False,False,False,True,0
40,8,1,1,59850,2.0,13,3,9.0,1,5,1,0,4.0,2.0,3.0,2,3,9.79710608237548,2,False,False,True,False,False,True,False,False,False,False,True,False,False,True,False,False,True,False,False,False,False,False,False,False,False,True,1
42,18,4,4,132060,0.0,13,2,7.0,2,6,0,4,4.0,4.0,4.0,3,3,6.615400572246066,2,False,True,False,False,True,False,False,False,False,False,False,True,False,True,False,False,False,False,False,False,False,True,False,False,True,False,0
27,2,3,1,139660,1.0,19,0,1.0,1,1,0,1,3.0,3.0,2.0,3,3,10.613379818594105,2,True,False,False,False,True,False,False,True,False,False,False,False,False,True,False,False,False,False,True,False,False,False,False,True,False,False,0
45,1,4,1,170480,4.0,15,0,10.0,3,8,5,7,3.0,3.0,4.0,2,3,7.199625122910521,1,True,False,False,False,False,True,False,False,False,False,False,True,False,True,False,False,False,False,False,False,True,False,False,False,True,False,0
41,17,2,1,52080,3.0,11,3,12.0,2,9,0,7,3.0,3.0,3.0,1,3,8.089008916323731,2,False,False,True,False,True,False,False,False,False,False,True,False,False,True,False,False,False,False,True,False,False,False,False,True,False,False,0
34,1,3,2,24000,4.0,18,1,14.0,3,10,1,8,3.0,2.0,4.0,3,3,7.470801005747127,2,False,True,False,False,False,True,False,True,False,False,False,False,False,True,False,False,False,False,False,False,False,True,False,False,True,False,0
33,3,3,3,97250,1.0,11,0,14.0,0,14,2,13,2.0,2.0,3.0,3,3,7.823783846872082,1,False,False,True,False,False,True,False,True,False,False,False,False,False,True,False,False,False,True,False,False,False,False,False,False,True,False,0
21,1,2,5,27910,1.0,14,0,1.0,3,1,1,0,2.0,2.0,3.0,4,3,7.522102657004831,2,False,False,True,False,False,True,False,False,True,False,False,False,False,True,True,False,False,False,False,False,False,False,False,False,False,True,1
53,18,3,1,34230,6.0,15,1,15.0,4,2,2,2,1.0,1.0,2.0,3,3,10.80865277777778,2,False,False,True,False,True,False,False,False,False,True,False,False,False,True,False,False,False,False,False,False,True,False,False,False,False,True,1
49,5,4,1,34240,4.0,11,0,10.0,3,3,1,2,3.0,1.0,3.0,3,3,6.390999755261869,2,False,False,True,False,True,False,False,True,False,False,False,False,True,False,False,False,False,False,False,False,True,False,False,False,True,False,0
40,8,1,1,59850,2.0,13,3,9.0,1,5,1,0,4.0,2.0,3.0,2,3,9.801315667131568,2,False,False,True,False,False,True,False,False,False,False,True,False,False,True,False,False,True,False,False,False,False,False,False,False,False,True,1
27,7,3,3,34080,1.0,24,0,9.0,2,9,6,8,1.0,1.0,2.0,3,4,9.17621483071054,0,False,False,True,False,True,False,False,True,False,False,False,False,False,True,False,False,False,False,True,False,False,False,False,False,True,False,0
38,19,3,2,64740,2.0,13,2,20.0,3,4,0,3,2.0,4.0,2.0,1,3,9.511932773109244,2,False,False,True,False,True,False,False,False,False,True,False,False,True,False,False,False,False,False,True,False,False,False,False,False,True,False,0
32,4,3,1,53260,4.0,14,1,7.0,2,4,0,3,4.0,4.0,2.0,3,3,7.510473995271868,2,False,False,True,False,False,True,False,False,True,False,False,False,False,True,False,False,False,False,False,False,True,False,False,False,True,False,0
28,2,3,1,22740,3.0,20,1,5.0,5,3,1,2,1.0,3.0,4.0,3,4,6.476399618502623,0,False,True,False,False,True,False,False,False,False,True,False,False,False,True,False,False,False,False,False,False,True,False,False,False,True,False,1
23,13,3,5,42210,1.0,11,1,5.0,4,4,0,2,2.0,1.0,4.0,3,3,7.827048762736536,2,False,False,True,False,False,True,False,False,True,False,False,False,False,True,False,False,False,False,False,False,False,True,False,False,True,False,0
38,5,2,3,63840,3.0,19,2,19.0,4,10,0,1,1.0,2.0,3.0,2,3,6.906424220272905,2,False,False,True,False,True,False,False,True,False,False,False,False,True,False,False,False,False,False,False,False,True,False,False,False,True,False,0
22,22,4,1,26540,0.0,24,0,1.0,5,0,0,0,3.0,4.0,3.0,2,4,9.89105984740105,0,False,True,False,False,True,False,False,False,False,True,False,False,False,True,False,False,False,False,False,False,False,False,True,False,True,False,1
35,6,4,2,94190,1.0,24,1,6.0,5,6,1,1,3.0,1.0,2.0,2,4,6.895604075691412,0,False,False,True,False,False,True,False,False,False,True,False,False,True,False,False,False,False,True,False,False,False,False,False,False,False,True,0
30,20,3,1,25230,3.0,13,1,7.0,2,2,0,2,4.0,3.0,3.0,3,3,7.168747563352826,2,False,False,True,False,True,False,False,False,False,True,False,False,False,True,False,False,True,False,False,False,False,False,False,False,True,False,0
31,7,4,1,65000,6.0,23,1,7.0,5,2,2,2,2.0,4.0,1.0,3,4,10.308444215820762,0,False,True,False,False,True,False,False,True,False,False,False,False,False,True,False,False,True,False,False,False,False,False,False,False,True,False,1
32,2,3,2,57470,1.0,13,0,8.0,0,8,0,7,3.0,2.0,3.0,3,3,7.719472101972102,2,False,False,True,False,True,False,False,False,False,True,False,False,False,True,False,False,False,False,False,False,True,False,False,False,True,False,0
26,19,4,4,119940,1.0,14,1,6.0,6,5,1,4,1.0,2.0,4.0,3,3,7.3836464424951265,2,False,False,True,False,True,False,False,False,False,False,False,True,True,False,False,False,False,False,False,False,False,True,False,False,True,False,0
56,10,4,2,40780,8.0,24,1,14.0,3,10,9,8,4.0,3.0,1.0,3,4,6.820679413179413,0,False,False,True,False,False,True,False,False,False,False,True,False,False,True,False,False,False,False,False,False,False,True,False,False,True,False,1
45,1,5,2,20880,4.0,15,3,18.0,2,5,0,2,4.0,1.0,3.0,3,3,8.491444931773879,2,False,False,True,False,True,False,False,False,False,False,False,True,False,True,True,False,False,False,False,False,False,False,False,True,False,False,0
34,2,3,2,28180,1.0,13,1,10.0,2,10,8,6,4.0,3.0,3.0,3,3,10.299240063233963,1,False,False,True,True,False,False,True,False,False,False,False,False,False,True,False,False,False,False,True,False,False,False,False,False,True,False,0
32,22,4,1,29730,3.0,22,0,12.0,0,7,2,5,4.0,2.0,3.0,4,4,7.286747538677917,0,False,False,True,False,True,False,False,False,False,True,False,False,False,True,False,False,False,False,False,False,False,True,False,False,True,False,0
53,10,4,2,20700,4.0,13,2,27.0,2,3,0,2,1.0,3.0,2.0,4,3,8.123122448979592,2,True,False,False,False,True,False,False,False,False,True,False,False,False,True,True,False,False,False,False,False,False,False,False,False,True,False,0
42,5,4,1,60290,3.0,17,1,10.0,5,3,0,2,4.0,1.0,3.0,3,3,8.4856290174472,2,False,False,True,False,True,False,False,False,False,True,False,False,True,False,False,False,False,False,False,False,True,False,False,False,False,True,0
47,2,2,5,31960,4.0,14,1,7.0,3,2,2,0,2.0,3.0,3.0,2,3,6.1155828584995255,2,False,False,True,False,False,True,False,True,False,False,False,False,True,False,False,False,False,True,False,False,False,False,False,False,False,True,0
29,2,4,1,26790,2.0,15,0,10.0,2,3,0,2,4.0,4.0,3.0,2,3,6.092954126325495,2,False,False,True,False,True,False,False,False,False,True,False,False,False,True,False,False,True,False,False,False,False,False,False,True,False,False,0
45,24,2,2,54760,4.0,13,1,9.0,3,5,0,3,3.0,1.0,4.0,3,3,8.125163328564616,2,False,False,True,False,True,False,False,False,False,True,False,False,False,True,False,False,False,False,False,False,False,True,False,True,False,False,0
39,26,4,2,81610,7.0,12,1,7.0,2,3,1,2,3.0,3.0,3.0,4,3,6.318844537815126,2,False,False,True,False,False,True,False,True,False,False,False,False,False,True,False,False,False,False,False,True,False,False,False,True,False,False,0
35,15,3,3,65490,1.0,20,0,9.0,3,9,1,8,2.0,1.0,2.0,3,4,6.509724596391263,0,False,True,False,False,True,False,False,False,False,True,False,False,False,True,False,False,False,False,True,False,False,False,False,False,True,False,0
45,17,2,2,79910,0.0,13,2,21.0,2,20,4,10,3.0,4.0,3.0,2,3,8.403485477178425,1,False,False,True,False,True,False,False,False,False,True,False,False,False,True,False,False,True,False,False,False,False,False,False,False,True,False,0
50,25,4,2,32020,2.0,24,1,32.0,2,2,2,2,4.0,1.0,3.0,3,4,7.172575973409307,0,False,True,False,False,True,False,False,True,False,False,False,False,True,False,True,False,False,False,False,False,False,False,False,False,True,False,0
38,13,3,1,32100,0.0,17,2,3.0,5,2,0,2,3.0,3.0,2.0,2,3,7.685276585598473,2,False,True,False,False,True,False,False,False,False,False,False,True,False,True,False,False,False,False,True,False,False,False,False,False,True,False,0
41,9,2,1,54870,6.0,19,2,8.0,0,5,1,2,4.0,2.0,3.0,3,3,9.70906462585034,2,False,False,True,False,True,False,False,True,False,False,False,False,True,False,False,False,True,False,False,False,False,False,False,False,False,True,0
37,4,3,1,98840,1.0,14,0,10.0,3,10,7,8,3.0,3.0,3.0,2,3,6.214981325863679,1,False,False,True,False,True,False,False,False,False,True,False,False,False,True,False,False,False,True,False,False,False,False,False,False,True,False,0
46,6,3,4,46150,6.0,12,0,19.0,3,10,0,9,3.0,2.0,3.0,2,3,7.615646551724137,1,False,False,True,False,True,False,False,False,False,True,False,False,False,True,False,False,False,False,False,False,False,True,False,False,False,True,0
36,6,3,2,47710,4.0,13,1,16.0,2,13,1,12,1.0,4.0,3.0,3,3,7.088579710144927,1,False,True,False,False,True,False,False,True,False,False,False,False,True,False,False,False,False,False,False,False,True,False,False,False,True,False,0
41,7,2,1,20990,8.0,12,1,8.0,2,6,0,5,2.0,4.0,1.0,3,3,8.586371082621083,2,False,False,True,False,True,False,False,True,False,False,False,False,True,False,False,False,False,False,False,False,True,False,False,False,False,True,1
30,10,3,2,55070,1.0,12,2,10.0,2,10,1,2,4.0,3.0,3.0,2,3,7.58909243295019,2,False,False,True,False,True,False,False,True,False,False,False,False,False,True,False,False,False,False,False,False,True,False,False,True,False,False,0
43,3,3,1,90940,1.0,12,1,10.0,0,10,0,9,1.0,3.0,3.0,3,3,7.491992753623188,2,False,False,True,False,True,False,False,False,False,True,False,False,False,True,False,False,False,False,False,False,True,False,False,False,True,False,0
47,23,4,2,62740,7.0,14,2,17.0,0,6,1,2,1.0,4.0,2.0,3,3,7.791398225957049,2,False,False,True,False,True,False,False,True,False,False,False,False,True,False,False,False,False,False,False,False,False,True,False,False,True,False,0
30,3,4,1,64340,5.0,14,1,10.0,3,8,7,7,3.0,3.0,4.0,2,3,8.003096797671034,1,False,False,True,False,False,True,False,False,True,False,False,False,False,True,False,False,False,False,False,False,False,True,False,True,False,False,0
33,26,2,1,42300,0.0,12,0,15.0,0,14,4,10,1.0,4.0,3.0,3,3,6.08662962962963,1,False,False,True,False,False,True,False,False,True,False,False,False,False,True,False,False,False,False,False,False,True,False,False,False,True,False,0
31,25,5,2,180610,1.0,14,1,10.0,2,10,8,7,4.0,1.0,3.0,3,3,6.921297468354431,1,False,True,False,False,True,False,False,False,False,False,False,True,True,False,False,True,False,False,False,False,False,False,False,False,True,False,0
28,8,4,1,163070,1.0,16,0,1.0,3,1,0,0,1.0,3.0,1.0,2,3,6.122644675925926,2,False,False,True,False,False,True,False,False,True,False,False,False,False,True,False,False,True,False,False,False,False,False,False,True,False,False,0
25,8,3,2,74840,1.0,15,0,6.0,3,6,1,4,3.0,4.0,2.0,3,3,7.709783950617283,2,False,False,True,False,True,False,False,True,False,False,False,False,False,True,False,False,False,False,False,False,True,False,False,False,False,True,0
22,2,2,1,11020,6.0,19,0,4.0,3,2,2,2,4.0,4.0,1.0,2,3,6.472758112094395,2,False,False,True,False,True,False,False,True,False,False,False,False,False,True,False,False,False,False,False,False,False,False,True,False,True,False,0
49,25,2,2,43450,4.0,15,0,29.0,3,26,1,7,1.0,2.0,2.0,2,3,6.991830699233716,1,False,False,True,False,True,False,False,True,False,False,False,False,True,False,False,False,False,False,False,False,False,True,False,False,True,False,0
30,1,3,3,103060,5.0,13,0,8.0,5,3,2,2,4.0,1.0,3.0,3,3,6.72096978557505,2,False,False,True,False,True,False,False,False,False,True,False,False,True,False,False,False,False,False,False,False,False,True,False,True,False,False,0
38,8,3,1,68700,1.0,11,1,8.0,5,8,7,7,1.0,1.0,3.0,3,3,9.294923215898825,1,False,False,True,False,True,False,False,True,False,False,False,False,True,False,False,False,False,True,False,False,False,False,False,True,False,False,0
36,25,1,2,31170,6.0,21,1,7.0,2,3,0,1,2.0,2.0,3.0,4,4,6.7990124764595095,0,False,False,True,True,False,False,True,False,False,False,False,False,False,True,False,False,False,False,False,False,True,False,False,True,False,False,0
36,9,2,2,119350,1.0,11,3,7.0,6,7,1,7,3.0,3.0,3.0,4,3,6.611998132586368,2,False,False,True,False,True,False,False,False,False,True,False,False,False,True,False,False,False,False,False,False,False,True,False,True,False,False,0
31,7,4,1,65000,6.0,23,1,7.0,5,2,2,2,2.0,4.0,1.0,3,4,10.276630532971996,0,False,True,False,False,True,False,False,True,False,False,False,False,False,True,False,False,True,False,False,False,False,False,False,False,True,False,1
48,6,3,1,108540,2.0,14,1,14.0,6,9,6,7,2.0,4.0,3.0,3,3,6.779623617123617,1,False,False,True,False,True,False,False,False,False,True,False,False,False,True,False,False,True,False,False,False,False,False,False,False,True,False,0
37,2,3,2,97560,4.0,19,0,13.0,2,9,5,8,1.0,4.0,3.0,3,3,7.020965550703542,1,False,True,False,False,False,True,False,False,True,False,False,False,True,False,False,False,True,False,False,False,False,False,False,True,False,False,0
33,2,2,2,34790,3.0,12,0,5.0,3,3,0,2,2.0,4.0,3.0,3,3,7.51569330601093,2,False,False,True,False,True,False,False,False,False,False,False,True,False,True,False,False,True,False,False,False,False,False,False,False,False,True,0
27,10,4,3,194190,7.0,14,1,5.0,2,3,0,2,2.0,3.0,3.0,1,3,7.170411835748793,2,False,False,True,False,False,True,False,True,False,False,False,False,False,True,False,False,False,False,False,False,False,True,False,False,True,False,0
33,2,3,1,59140,3.0,16,1,6.0,4,3,0,2,3.0,1.0,3.0,3,3,10.548225957049487,2,False,False,True,False,False,True,False,False,True,False,False,False,True,False,False,False,False,False,False,False,False,True,False,False,False,True,0
58,24,3,2,43170,7.0,17,0,40.0,2,31,13,8,4.0,2.0,3.0,3,3,8.896329022988505,1,False,False,True,False,True,False,False,False,False,False,True,False,True,False,False,False,False,False,False,False,True,False,False,False,False,True,1
31,2,1,3,70940,1.0,14,1,10.0,2,10,0,8,1.0,4.0,3.0,3,3,10.31769995210728,2,False,True,False,False,True,False,False,False,False,False,True,False,False,True,False,False,False,False,False,False,False,True,False,False,True,False,1
35,9,3,2,131420,1.0,25,2,10.0,4,10,0,8,2.0,3.0,3.0,3,4,7.986352859135286,0,False,False,True,False,True,False,False,False,False,True,False,False,True,False,False,False,False,False,False,False,False,True,False,False,False,True,0
38,5,2,3,63840,3.0,19,2,19.0,4,10,0,1,1.0,2.0,3.0,2,3,6.88454523107178,2,False,False,True,False,True,False,False,True,False,False,False,False,True,False,False,False,False,False,False,False,True,False,False,False,True,False,0
30,4,3,1,21210,1.0,13,1,6.0,2,6,1,1,2.0,2.0,2.0,3,3,6.562242489270386,2,False,False,True,False,True,False,False,False,False,True,False,False,True,False,False,False,False,False,False,True,False,False,False,False,True,False,0
31,16,4,3,42440,9.0,13,0,8.0,3,3,0,2,4.0,2.0,3.0,3,3,6.6833535137701805,2,False,False,True,False,True,False,False,True,False,False,False,False,False,True,False,True,False,False,False,False,False,False,False,False,False,True,0
27,2,3,2,48510,8.0,18,0,5.0,2,1,0,0,3.0,3.0,3.0,3,3,7.097427983539093,2,False,False,True,False,True,False,False,True,False,False,False,False,True,False,False,False,True,False,False,False,False,False,False,False,True,False,0
41,1,1,3,25150,0.0,18,0,23.0,2,22,13,5,3.0,3.0,4.0,2,3,10.281769675925927,1,False,False,True,False,True,False,False,False,False,False,False,True,False,True,False,False,True,False,False,False,False,False,False,True,False,False,0
27,2,3,1,139660,1.0,19,0,1.0,1,1,0,1,3.0,3.0,2.0,3,3,10.577804659498208,2,True,False,False,False,True,False,False,True,False,False,False,False,False,True,False,False,False,False,True,False,False,False,False,True,False,False,0
48,10,4,3,22700,2.0,14,3,23.0,2,2,2,2,3.0,4.0,3.0,3,3,7.09489406779661,2,False,True,False,False,False,True,False,False,True,False,False,False,True,False,False,False,False,True,False,False,False,False,False,False,True,False,0
51,1,3,3,80080,2.0,15,1,10.0,4,1,0,0,2.0,3.0,3.0,3,3,7.583658625730995,2,False,False,True,False,True,False,False,False,False,False,True,False,True,False,False,False,False,False,False,True,False,False,False,False,True,False,0
36,1,3,2,175670,5.0,13,0,7.0,6,1,0,0,1.0,4.0,3.0,3,3,7.506159003831419,2,False,False,True,False,True,False,False,False,False,True,False,False,True,False,False,False,False,False,True,False,False,False,False,True,False,False,0
35,12,2,2,23180,3.0,19,0,10.0,4,5,0,4,1.0,3.0,3.0,4,3,9.31344467885607,2,False,False,True,False,False,True,False,True,False,False,False,False,True,False,False,False,False,False,False,False,False,True,False,False,False,True,0
40,2,3,5,24550,1.0,15,1,8.0,2,7,7,5,3.0,1.0,2.0,3,3,6.077394296951819,2,False,False,True,True,False,False,False,False,False,True,False,False,False,True,False,False,False,False,False,False,False,True,False,False,True,False,0
33,8,5,2,82240,6.0,19,0,14.0,3,10,7,6,4.0,1.0,3.0,3,3,8.043768861454046,1,False,False,True,False,True,False,False,False,False,True,False,False,False,True,False,False,True,False,False,False,False,False,False,False,True,False,0
44,8,1,1,26100,6.0,15,0,6.0,2,4,1,2,2.0,4.0,3.0,3,3,10.79869467984934,2,False,False,True,False,True,False,False,True,False,False,False,False,True,False,False,False,False,False,False,False,False,False,True,False,False,True,0
60,10,3,1,22690,5.0,18,1,33.0,4,29,11,10,1.0,1.0,1.0,3,3,6.164361829501916,1,False,False,True,False,True,False,False,True,False,False,False,False,True,False,False,False,False,False,True,False,False,False,False,False,True,False,0
21,16,2,3,87260,1.0,11,1,3.0,2,3,1,2,3.0,3.0,3.0,1,3,7.165077546296296,2,False,False,True,False,False,True,False,True,False,False,False,False,False,True,False,False,False,False,False,False,False,True,False,False,False,True,0
24,3,3,1,14160,1.0,15,1,6.0,3,6,1,2,2.0,1.0,4.0,2,3,5.979858229598894,2,False,False,True,False,True,False,False,True,False,False,False,False,True,False,False,False,False,False,False,False,True,False,False,True,False,False,0
36,1,3,2,175670,5.0,13,0,7.0,6,1,0,0,1.0,4.0,3.0,3,3,7.500177595628415,2,False,False,True,False,True,False,False,False,False,True,False,False,True,False,False,False,False,False,True,False,False,False,False,True,False,False,0
53,6,3,4,23250,7.0,18,1,35.0,1,5,0,4,1.0,4.0,3.0,4,3,10.391128117913832,1,False,False,True,False,False,True,False,False,True,False,False,False,False,True,False,False,False,False,False,False,False,True,False,False,True,False,0
36,9,3,4,142750,3.0,18,1,7.0,5,3,1,2,3.0,4.0,2.0,2,3,9.097270685579195,2,False,False,True,False,False,True,False,False,True,False,False,False,True,False,False,False,False,False,False,False,True,False,False,False,False,True,0
38,2,3,1,27780,2.0,13,0,8.0,5,3,1,2,2.0,2.0,4.0,2,3,7.210002334267039,2,False,False,True,False,True,False,False,True,False,False,False,False,True,False,False,False,False,False,True,False,False,False,False,False,False,True,0
35,1,3,3,136750,1.0,15,3,5.0,5,5,1,0,3.0,3.0,3.0,2,3,6.370707923112986,2,False,False,True,True,False,False,True,False,False,False,False,False,False,True,False,False,True,False,False,False,False,False,False,False,True,False,0
31,10,1,1,41890,0.0,23,1,6.0,3,5,1,4,3.0,2.0,4.0,2,4,7.718968926553672,0,False,True,False,False,True,False,False,True,False,False,False,False,True,False,False,False,False,False,False,False,True,False,False,False,False,True,1
27,7,3,1,28110,2.0,20,0,6.0,3,4,1,2,4.0,4.0,2.0,3,4,6.4101211705532695,0,False,True,False,False,True,False,False,True,False,False,False,False,False,True,False,False,False,False,False,False,True,False,False,False,False,True,0
27,2,4,1,37080,1.0,16,2,6.0,2,6,4,4,4.0,4.0,3.0,3,3,10.299616620752984,2,False,False,True,False,True,False,False,True,False,False,False,False,False,True,False,True,False,False,False,False,False,False,False,False,True,False,0
27,10,4,3,194190,7.0,14,1,5.0,2,3,0,2,2.0,3.0,3.0,1,3,7.234342706904435,2,False,False,True,False,False,True,False,True,False,False,False,False,False,True,False,False,False,False,False,False,False,True,False,False,True,False,0
32,1,1,2,88580,6.0,16,1,10.0,2,5,1,3,1.0,3.0,2.0,3,3,6.908069075712881,2,False,True,False,False,False,True,False,False,True,False,False,False,False,True,False,False,True,False,False,False,False,False,False,False,True,False,0
30,1,4,1,174260,2.0,12,1,12.0,0,10,7,4,2.0,4.0,3.0,2,3,6.890506120527308,1,False,False,True,True,False,False,True,False,False,False,False,False,True,False,False,False,False,True,False,False,False,False,False,False,True,False,0
19,15,3,2,160640,1.0,15,1,1.0,3,1,0,0,4.0,2.0,4.0,3,3,10.615016136468418,2,False,False,True,False,True,False,False,True,False,False,False,False,False,True,False,False,False,False,False,False,True,False,False,False,False,True,1
37,1,3,3,20080,3.0,22,0,15.0,5,13,10,7,2.0,3.0,3.0,2,4,10.68521694214876,0,True,False,False,False,True,False,False,False,False,True,False,False,False,True,False,False,True,False,False,False,False,False,False,False,True,False,0
27,3,2,2,135770,1.0,12,1,6.0,2,5,1,2,2.0,2.0,2.0,3,3,7.257912494039103,2,False,False,True,False,False,True,False,False,False,False,False,True,False,True,True,False,False,False,False,False,False,False,False,False,True,False,0
31,1,4,3,61420,4.0,13,2,10.0,2,6,0,5,2.0,4.0,4.0,2,3,8.724735996326904,2,False,False,True,False,True,False,False,True,False,False,False,False,False,True,False,False,False,False,False,True,False,False,False,False,False,True,0
46,2,3,2,165550,8.0,14,2,28.0,4,26,15,9,3.0,1.0,3.0,3,3,5.988304597701149,1,False,False,True,False,True,False,False,True,False,False,False,False,False,True,False,False,False,False,False,False,True,False,False,False,True,False,0
33,3,4,4,59020,0.0,12,1,14.0,2,13,3,7,3.0,3.0,4.0,3,3,7.04480278980279,1,False,False,True,False,True,False,False,True,False,False,False,False,False,True,False,False,False,False,True,False,False,False,False,False,True,False,0
28,1,2,1,22310,1.0,12,0,8.0,3,8,7,5,2.0,2.0,3.0,2,3,9.899078884078884,2,False,False,True,False,False,True,False,False,False,False,False,True,True,False,False,False,False,False,False,False,False,True,False,False,True,False,0
20,4,4,2,99240,1.0,22,0,1.0,3,1,1,0,4.0,4.0,3.0,3,4,10.712137533875335,0,False,True,False,False,False,True,False,True,False,False,False,False,True,False,True,False,False,False,False,False,False,False,False,False,False,True,1
27,2,4,2,33460,1.0,21,1,9.0,2,9,0,8,3.0,4.0,3.0,2,4,10.525373015873017,0,False,False,True,False,False,True,False,False,False,True,False,False,False,True,False,False,False,True,False,False,False,False,False,True,False,False,0
58,2,4,1,26220,2.0,23,0,24.0,3,6,0,4,3.0,2.0,3.0,3,4,8.320311483031148,0,False,False,True,False,True,False,False,True,False,False,False,False,False,True,False,False,False,False,False,False,True,False,False,True,False,False,0
34,10,3,3,47390,5.0,24,2,6.0,2,3,1,2,3.0,1.0,3.0,3,4,7.914244492337165,0,False,False,True,False,True,False,False,True,False,False,False,False,False,True,True,False,False,False,False,False,False,False,False,False,True,False,0
51,1,4,1,40330,2.0,14,0,15.0,2,2,2,2,1.0,3.0,3.0,3,3,6.703338102050548,2,False,False,True,False,True,False,False,True,False,False,False,False,True,False,False,False,False,True,False,False,False,False,False,False,True,False,0
54,25,1,1,48550,9.0,25,1,16.0,2,4,0,3,1.0,3.0,1.0,2,4,7.585544029506686,0,False,False,True,False,True,False,False,False,False,True,False,False,True,False,False,False,True,False,False,False,False,False,False,False,True,False,0
35,13,3,3,20420,0.0,16,0,6.0,2,5,1,4,1.0,4.0,4.0,3,3,8.188280313508528,2,False,True,False,False,True,False,False,True,False,False,False,False,False,True,False,False,False,False,False,False,False,True,False,False,False,True,0
45,12,3,2,43060,2.0,11,2,26.0,3,24,1,11,1.0,2.0,3.0,3,3,9.911379818594105,1,False,False,True,True,False,False,True,False,False,False,False,False,False,True,False,False,True,False,False,False,False,False,False,False,False,True,1
29,13,2,1,52200,1.0,17,0,1.0,3,1,1,0,4.0,4.0,2.0,2,3,8.589410018993352,2,False,True,False,False,True,False,False,True,False,False,False,False,True,False,False,False,True,False,False,False,False,False,False,False,False,True,1
47,23,4,2,62740,7.0,14,2,17.0,0,6,1,2,1.0,4.0,2.0,3,3,7.789321378340365,2,False,False,True,False,True,False,False,True,False,False,False,False,True,False,False,False,False,False,False,False,False,True,False,False,True,False,0
46,25,1,5,34330,7.0,18,0,17.0,3,4,0,3,4.0,1.0,3.0,3,3,6.019111346516007,2,False,False,True,False,True,False,False,False,False,True,False,False,False,True,False,False,False,False,False,False,True,False,False,True,False,False,0
35,20,2,1,51540,0.0,19,0,12.0,2,11,6,9,3.0,2.0,2.0,2,3,7.690160390516039,1,False,False,True,False,False,True,False,True,False,False,False,False,False,True,False,False,True,False,False,False,False,False,False,False,True,False,0
26,9,3,2,68110,1.0,11,1,8.0,4,8,2,2,3.0,4.0,2.0,3,3,8.707262583095915,2,False,False,True,True,False,False,False,True,False,False,False,False,False,True,False,False,False,False,False,False,True,False,False,False,False,True,0
27,24,3,4,31720,1.0,20,1,9.0,1,9,1,7,4.0,3.0,3.0,3,4,6.773530543530543,0,False,True,False,False,False,True,False,True,False,False,False,False,False,True,True,False,False,False,False,False,False,False,False,False,False,True,0
40,10,4,2,65670,1.0,13,1,8.0,3,8,3,7,3.0,2.0,3.0,4,3,6.371433615819209,2,False,True,False,False,True,False,False,False,False,True,False,False,False,True,False,False,False,False,True,False,False,False,False,False,True,False,0
29,3,2,2,68110,0.0,15,1,9.0,2,8,7,7,3.0,4.0,3.0,3,3,8.584576661814653,1,False,True,False,False,False,True,False,False,True,False,False,False,True,False,False,False,True,False,False,False,False,False,False,False,False,True,1
33,1,1,1,42560,1.0,13,3,5.0,1,5,0,2,4.0,2.0,3.0,3,3,7.202849239280774,2,False,False,True,False,True,False,False,True,False,False,False,False,False,True,False,False,False,False,False,False,True,False,False,False,False,True,0
34,3,3,2,20440,1.0,11,0,1.0,2,1,0,0,1.0,4.0,1.0,3,3,7.419126461988305,2,False,False,True,False,True,False,False,True,False,False,False,False,False,True,False,False,False,False,False,False,False,True,False,False,False,True,0
33,14,3,1,108200,5.0,12,0,11.0,2,9,1,7,4.0,2.0,2.0,3,3,6.713771551724137,2,True,False,False,False,True,False,False,False,False,False,True,False,False,True,False,False,False,False,False,False,True,False,False,True,False,False,0
37,1,4,5,39440,6.0,11,2,8.0,3,6,4,3,2.0,2.0,2.0,3,3,6.8842312125403415,2,False,False,True,False,True,False,False,False,False,False,False,True,True,False,False,False,False,False,False,False,True,False,False,False,True,False,0
31,14,2,2,23020,4.0,14,0,13.0,3,11,4,8,3.0,3.0,4.0,3,3,6.112748665696263,1,True,False,False,False,True,False,False,True,False,False,False,False,False,True,True,False,False,False,False,False,False,False,False,False,True,False,0
41,23,3,2,26700,2.0,15,2,10.0,2,8,0,7,1.0,3.0,3.0,2,3,9.292572463768115,2,True,False,False,False,True,False,False,True,False,False,False,False,False,True,False,False,False,False,True,False,False,False,False,False,False,True,0
48,8,1,2,53760,7.0,13,1,21.0,3,3,0,2,4.0,1.0,1.0,4,3,7.013436474449132,2,False,False,True,False,True,False,False,False,False,True,False,False,False,True,False,False,True,False,False,False,False,False,False,False,True,False,0
42,4,3,2,20830,0.0,12,2,21.0,3,20,2,10,3.0,3.0,2.0,2,3,9.696563829787234,1,True,False,False,False,True,False,False,True,False,False,False,False,False,True,False,False,True,False,False,False,False,False,False,False,True,False,0
44,26,1,1,107610,3.0,11,1,24.0,5,20,14,17,4.0,1.0,4.0,2,3,7.908601851851852,1,False,False,True,False,False,True,False,False,True,False,False,False,False,True,False,False,False,False,False,False,False,False,True,False,True,False,0
39,10,4,4,66960,7.0,11,0,8.0,3,2,2,2,4.0,1.0,1.0,3,3,10.708079297245964,2,False,False,True,False,True,False,False,True,False,False,False,False,True,False,False,True,False,False,False,False,False,False,False,False,True,False,1
24,6,2,2,20070,1.0,12,0,1.0,2,1,0,0,4.0,3.0,3.0,2,3,6.430741134751774,2,False,False,True,False,False,True,False,False,False,True,False,False,True,False,False,False,False,True,False,False,False,False,False,False,True,False,1
43,8,3,1,36000,1.0,23,0,7.0,2,7,7,7,1.0,4.0,3.0,3,4,6.996897342995168,0,False,True,False,False,False,True,False,False,False,True,False,False,False,True,False,False,False,False,False,True,False,False,False,False,True,False,0
44,21,4,2,62720,1.0,19,1,10.0,3,10,0,5,1.0,4.0,3.0,3,3,6.012525584795322,2,False,False,True,False,True,False,False,True,False,False,False,False,True,False,False,False,True,False,False,False,False,False,False,False,True,False,1
40,15,3,2,25710,7.0,14,0,22.0,1,20,5,13,2.0,3.0,3.0,3,3,7.32916785884597,1,False,False,True,False,True,False,False,True,False,False,False,False,True,False,False,False,True,False,False,False,False,False,False,False,False,True,0
27,7,3,3,34080,1.0,24,0,9.0,2,9,6,8,1.0,1.0,2.0,3,4,9.207650759734094,0,False,False,True,False,True,False,False,True,False,False,False,False,False,True,False,False,False,False,True,False,False,False,False,False,True,False,0
36,3,4,1,40250,1.0,11,0,10.0,3,10,9,7,2.0,4.0,2.0,3,3,7.22925660291439,1,True,False,False,False,True,False,False,False,False,True,False,False,False,True,False,False,False,False,False,False,True,False,False,False,False,True,0
43,5,3,3,45220,8.0,15,1,7.0,3,4,1,3,1.0,3.0,2.0,3,3,7.493321360153257,2,False,False,True,False,False,True,False,False,True,False,False,False,True,False,False,False,False,False,False,False,True,False,False,False,False,True,1
43,7,4,2,48760,4.0,16,2,4.0,4,1,0,0,1.0,2.0,4.0,3,3,6.578010603964961,2,False,False,True,False,False,True,False,False,True,False,False,False,False,True,False,False,False,False,False,False,False,True,False,True,False,False,0
49,9,3,2,190330,2.0,18,1,7.0,5,4,0,2,3.0,1.0,3.0,3,3,7.469465191332411,2,False,False,True,False,False,True,False,False,False,False,False,True,True,False,False,False,False,False,False,False,False,False,True,False,True,False,0
38,2,5,4,84460,0.0,14,0,7.0,3,6,1,2,4.0,2.0,3.0,2,3,8.016118084611808,2,False,True,False,False,True,False,False,False,False,True,False,False,True,False,False,False,False,False,False,False,False,True,False,False,True,False,0
52,29,3,2,29420,8.0,11,1,9.0,1,5,1,4,4.0,3.0,3.0,2,3,6.073565400843882,2,False,False,True,False,True,False,False,True,False,False,False,False,False,True,False,False,False,False,True,False,False,False,False,False,True,False,0
33,1,3,5,12230,1.0,13,1,10.0,3,10,0,9,2.0,3.0,2.0,3,3,6.366932773109244,2,False,False,True,False,False,True,False,True,False,False,False,False,True,False,False,False,False,False,False,False,False,True,False,False,False,True,0
24,2,3,2,39190,1.0,21,0,6.0,3,6,1,2,1.0,3.0,3.0,3,4,10.796519396551725,0,False,True,False,False,True,False,False,False,False,True,False,False,False,True,False,False,False,False,False,False,True,False,False,False,True,False,1
46,9,2,2,57310,8.0,17,0,6.0,2,2,2,2,2.0,2.0,3.0,3,3,6.701427895981087,2,True,False,False,False,True,False,False,True,False,False,False,False,False,True,False,False,False,False,True,False,False,False,False,False,False,True,0
50,5,4,1,118780,2.0,13,1,29.0,2,8,7,7,2.0,3.0,2.0,3,3,9.583764528126451,1,False,False,True,False,True,False,False,True,False,False,False,False,False,True,False,False,False,False,False,False,False,True,False,False,True,False,0
59,5,3,2,56740,3.0,12,0,14.0,6,6,0,4,2.0,4.0,1.0,3,3,8.113466235632185,2,False,False,True,False,True,False,False,True,False,False,False,False,False,True,False,False,False,False,False,False,True,False,False,False,True,False,0
33,9,1,1,76420,2.0,20,1,8.0,2,2,2,2,1.0,1.0,1.0,2,4,7.118943474041728,0,False,False,True,False,True,False,False,False,False,True,False,False,False,True,True,False,False,False,False,False,False,False,False,False,True,False,0
27,8,2,3,45990,1.0,15,1,1.0,3,1,0,0,4.0,1.0,3.0,2,3,7.592880055788005,2,False,False,True,False,False,True,False,False,True,False,False,False,True,False,False,False,False,False,False,False,True,False,False,True,False,False,0
40,2,3,5,24550,1.0,15,1,8.0,2,7,7,5,3.0,1.0,2.0,3,3,6.090655006858711,2,False,False,True,True,False,False,False,False,False,True,False,False,False,True,False,False,False,False,False,False,False,True,False,False,True,False,0
43,9,5,1,12740,1.0,19,0,6.0,3,5,1,4,4.0,3.0,2.0,2,3,6.499559426229508,2,False,False,True,False,False,True,False,False,False,False,False,True,True,False,False,False,False,False,False,True,False,False,False,True,False,False,0
47,2,3,5,50210,2.0,17,0,20.0,3,7,1,7,4.0,1.0,3.0,3,3,6.696672358834244,2,False,False,True,False,True,False,False,False,False,True,False,False,True,False,False,False,False,False,False,False,False,True,False,False,False,True,0
47,19,5,2,28270,8.0,14,1,28.0,3,22,14,10,3.0,2.0,3.0,3,3,10.694584520417852,1,False,False,True,False,True,False,False,False,False,True,False,False,True,False,False,False,False,False,False,False,True,False,False,True,False,False,0
55,19,3,1,46800,6.0,14,3,24.0,0,19,3,8,1.0,3.0,2.0,4,3,8.709841106538637,1,False,False,True,False,True,False,False,False,False,False,False,True,False,True,False,True,False,False,False,False,False,False,False,False,False,True,1
40,9,3,3,22380,6.0,14,0,10.0,3,1,0,0,1.0,3.0,3.0,3,3,6.904626113455227,2,False,True,False,False,False,True,False,False,True,False,False,False,False,True,False,False,False,False,True,False,False,False,False,False,False,True,0
23,12,2,2,75250,1.0,14,2,3.0,2,3,0,2,3.0,4.0,3.0,3,3,9.224344070961717,2,False,False,True,False,True,False,False,False,False,True,False,False,False,True,False,False,False,False,False,False,True,False,False,True,False,False,1
20,6,3,5,83920,1.0,17,0,2.0,5,2,1,2,1.0,3.0,2.0,3,3,6.699550094966762,2,False,False,True,False,True,False,False,False,False,True,False,False,False,True,False,False,False,False,False,True,False,False,False,False,False,True,0
35,5,3,1,57150,6.0,24,2,10.0,0,8,1,7,4.0,3.0,3.0,3,4,7.065130934899657,0,False,False,True,False,True,False,False,False,False,True,False,False,False,True,True,False,False,False,False,False,False,False,False,False,True,False,0
38,5,3,1,154270,3.0,16,1,18.0,2,1,0,0,3.0,3.0,3.0,3,3,6.010115641392465,2,False,False,True,False,True,False,False,True,False,False,False,False,True,False,False,False,False,False,False,False,True,False,False,False,True,False,0
30,2,3,1,48500,0.0,12,1,4.0,4,3,1,2,4.0,2.0,3.0,3,3,6.538957175925926,2,False,False,True,False,True,False,False,True,False,False,False,False,False,True,False,False,False,False,False,False,False,True,False,False,False,True,0
31,2,4,5,103770,1.0,14,0,10.0,2,10,0,2,2.0,3.0,3.0,3,3,7.516973022405122,2,False,False,True,False,True,False,False,True,False,False,False,False,True,False,False,False,False,True,False,False,False,False,False,True,False,False,0
34,2,2,1,64100,1.0,13,1,1.0,5,1,0,0,3.0,3.0,3.0,2,3,9.214501182033096,2,False,False,True,False,True,False,False,True,False,False,False,False,False,True,False,False,False,False,False,False,False,False,True,False,True,False,0
48,24,3,2,16010,4.0,12,0,15.0,3,2,2,2,3.0,1.0,3.0,3,3,7.119044917257683,2,False,False,True,False,True,False,False,False,False,False,False,True,False,True,False,False,False,False,False,False,True,False,False,True,False,False,0
37,10,4,3,30720,5.0,14,0,17.0,3,14,11,7,1.0,3.0,1.0,2,3,6.330157367668098,1,False,False,True,False,False,True,False,False,True,False,False,False,True,False,False,True,False,False,False,False,False,False,False,False,True,False,1
58,2,2,1,43850,1.0,13,1,40.0,2,40,15,6,4.0,4.0,2.0,2,3,7.626250586029068,1,False,False,True,False,False,True,False,False,False,True,False,False,True,False,False,False,False,False,False,False,True,False,False,False,True,False,1
35,19,3,1,21450,1.0,13,0,10.0,6,10,0,8,3.0,3.0,4.0,2,3,6.029894636015325,2,False,True,False,False,True,False,False,True,False,False,False,False,True,False,False,False,False,False,False,False,False,True,False,False,False,True,0
23,10,3,2,64390,3.0,22,3,3.0,2,0,0,0,3.0,1.0,3.0,3,4,6.400710514233242,0,False,False,True,False,True,False,False,False,False,True,False,False,False,True,False,False,True,False,False,False,False,False,False,True,False,False,0
27,5,4,4,44000,9.0,17,1,6.0,3,2,2,2,1.0,2.0,3.0,2,3,6.3870397153351695,2,False,False,True,False,False,True,False,False,False,True,False,False,True,False,False,False,False,False,True,False,False,False,False,False,True,False,0
44,1,2,2,103330,3.0,14,1,19.0,2,1,0,0,4.0,3.0,1.0,2,3,11.000575998076,2,False,True,False,False,True,False,False,False,False,True,False,False,False,True,False,False,False,False,False,False,True,False,False,True,False,False,1
40,5,5,1,52310,1.0,12,2,21.0,4,21,7,7,3.0,4.0,3.0,3,3,8.432153916211293,1,False,False,True,False,False,True,False,True,False,False,False,False,False,True,False,False,False,False,True,False,False,False,False,False,False,True,0
28,9,3,2,47660,1.0,12,0,5.0,3,5,0,3,3.0,4.0,4.0,3,3,7.366939890710382,2,False,False,True,False,False,True,False,False,False,True,False,False,True,False,False,False,False,False,False,False,False,True,False,False,True,False,0
26,9,3,2,68110,1.0,11,1,8.0,4,8,2,2,3.0,4.0,2.0,3,3,8.701572504708098,2,False,False,True,True,False,False,False,True,False,False,False,False,False,True,False,False,False,False,False,False,True,False,False,False,False,True,0
18,2,3,1,34680,1.0,18,2,0.0,4,0,0,0,2.0,2.0,3.0,4,3,9.204595744680852,2,False,True,False,False,True,False,False,False,False,False,False,True,False,True,False,False,False,False,False,False,False,True,False,False,False,True,1
34,27,2,1,36920,1.0,12,1,5.0,5,5,3,0,4.0,1.0,3.0,3,3,10.21411495911496,2,True,False,False,False,True,False,False,True,False,False,False,False,True,False,False,False,False,False,False,False,False,False,True,False,True,False,1
35,7,2,2,32290,1.0,25,0,10.0,2,10,0,2,3.0,3.0,4.0,2,4,8.381166666666669,0,False,True,False,False,False,True,False,True,False,False,False,False,False,True,False,False,False,False,True,False,False,False,False,False,True,False,0
28,9,3,1,46480,0.0,23,2,9.0,2,8,0,7,2.0,1.0,3.0,2,4,7.201573315118397,0,False,False,True,False,True,False,False,False,False,True,False,False,False,True,False,False,False,False,False,False,False,False,True,False,False,True,0
42,18,1,2,199990,2.0,23,1,17.0,6,5,1,3,3.0,4.0,2.0,3,4,9.61358806404658,0,False,False,True,False,True,False,False,False,False,False,False,True,True,False,False,False,False,False,False,False,True,False,False,False,True,False,0
33,2,2,1,24400,0.0,18,3,4.0,4,3,0,2,3.0,4.0,4.0,3,3,6.7899182299182295,2,False,False,True,False,True,False,False,False,False,True,False,False,False,True,False,False,False,False,False,False,False,True,False,False,False,True,0
32,3,1,3,62090,5.0,17,1,9.0,5,5,1,2,3.0,4.0,3.0,4,3,6.603065843621399,2,True,False,False,False,True,False,False,True,False,False,False,False,False,True,False,False,False,True,False,False,False,False,False,True,False,False,0
50,1,3,2,134960,3.0,18,1,22.0,3,12,1,5,4.0,3.0,3.0,3,3,9.49256083562902,1,False,False,True,False,True,False,False,False,False,False,False,True,True,False,False,False,False,False,False,False,False,True,False,False,True,False,0
37,1,3,1,170680,3.0,23,0,8.0,6,4,0,1,4.0,2.0,2.0,3,4,7.283771630236795,0,False,False,True,False,True,False,False,True,False,False,False,False,False,True,False,False,True,False,False,False,False,False,False,False,False,True,0
23,2,4,2,61790,1.0,11,0,1.0,3,1,1,0,4.0,1.0,2.0,3,3,8.025331384015594,2,False,True,False,False,True,False,False,True,False,False,False,False,True,False,False,False,False,False,True,False,False,False,False,False,True,False,1
36,1,3,5,196360,1.0,12,1,10.0,3,10,9,0,2.0,3.0,3.0,3,3,6.366151129943503,2,False,False,True,False,True,False,False,False,False,True,False,False,True,False,True,False,False,False,False,False,False,False,False,False,True,False,0
54,1,3,2,23620,6.0,13,1,9.0,2,5,1,4,3.0,1.0,3.0,4,3,10.46367270531401,2,False,False,True,False,True,False,False,False,False,True,False,False,True,False,False,True,False,False,False,False,False,False,False,False,False,True,0
24,1,5,3,93800,0.0,16,0,5.0,2,4,1,3,1.0,3.0,2.0,2,3,6.901887706855792,2,True,False,False,False,True,False,False,True,False,False,False,False,False,True,False,False,False,False,False,False,True,False,False,True,False,False,0
43,11,2,3,168350,3.0,17,1,25.0,3,8,0,7,3.0,4.0,3.0,3,3,6.6082968455743885,1,False,False,True,False,True,False,False,True,False,False,False,False,False,True,False,False,True,False,False,False,False,False,False,False,True,False,0
27,2,3,1,168230,0.0,17,0,6.0,3,5,1,4,3.0,2.0,3.0,3,3,9.298370132953464,2,True,False,False,False,True,False,False,True,False,False,False,False,False,True,False,False,False,False,False,True,False,False,False,False,True,False,0
24,2,3,2,39190,1.0,21,0,6.0,3,6,1,2,1.0,3.0,3.0,3,4,10.791623300515704,0,False,True,False,False,True,False,False,False,False,True,False,False,False,True,False,False,False,False,False,False,True,False,False,False,True,False,1
48,12,4,1,55620,8.0,13,1,18.0,2,8,7,7,3.0,3.0,3.0,3,3,7.873355696798494,1,False,False,True,False,True,False,False,False,False,True,False,False,False,True,False,False,True,False,False,False,False,False,False,True,False,False,0
36,2,3,2,43200,3.0,17,0,5.0,2,1,0,0,2.0,4.0,3.0,3,3,7.192458804143127,2,False,False,True,False,True,False,False,True,False,False,False,False,False,True,False,False,False,False,False,False,False,False,True,False,True,False,0
28,2,4,3,20750,7.0,18,3,10.0,0,7,3,7,1.0,2.0,3.0,2,3,8.10241850321396,2,False,False,True,False,False,True,False,True,False,False,False,False,False,True,False,False,False,False,False,False,True,False,False,False,False,True,1
38,28,4,1,65830,0.0,12,0,12.0,1,11,2,9,3.0,4.0,3.0,3,3,8.990253164556963,1,False,False,True,False,True,False,False,False,False,True,False,False,False,True,False,False,True,False,False,False,False,False,False,True,False,False,0
48,16,3,1,97240,3.0,13,0,12.0,2,2,2,2,2.0,2.0,3.0,4,3,7.118721524872153,2,False,False,True,False,True,False,False,False,False,False,False,True,False,True,False,False,False,False,False,False,False,True,False,False,True,False,0
40,8,3,2,24040,6.0,17,0,18.0,2,4,3,3,3.0,4.0,2.0,2,3,9.252811016144348,2,False,False,True,False,True,False,False,False,False,False,False,True,True,False,True,False,False,False,False,False,False,False,False,False,False,True,0
34,7,2,1,86200,0.0,13,1,10.0,2,9,8,7,2.0,3.0,3.0,2,3,7.779143026004728,1,True,False,False,False,True,False,False,False,False,False,False,True,True,False,False,False,False,False,False,False,True,False,False,False,False,True,0
34,3,2,2,26590,0.0,24,3,10.0,2,9,1,6,4.0,4.0,2.0,3,4,7.40742337164751,0,False,False,True,False,True,False,False,False,False,False,False,True,False,True,False,False,False,False,False,True,False,False,False,True,False,False,0
36,2,4,4,54820,1.0,18,0,18.0,3,17,15,14,3.0,1.0,3.0,3,3,7.827982941447671,1,False,False,True,False,False,True,False,False,False,False,False,True,False,True,False,False,False,False,False,False,False,True,False,False,False,True,1
31,1,4,3,61420,4.0,13,2,10.0,2,6,0,5,2.0,4.0,4.0,2,3,8.677375910746814,2,False,False,True,False,True,False,False,True,False,False,False,False,False,True,False,False,False,False,False,True,False,False,False,False,False,True,0
35,2,1,2,18590,0.0,25,1,4.0,2,3,0,2,4.0,2.0,3.0,2,4,10.506960580912862,0,False,False,True,False,False,True,False,False,False,False,False,True,False,True,False,False,True,False,False,False,False,False,False,False,True,False,0
33,28,2,5,55610,1.0,21,1,1.0,3,1,0,0,4.0,3.0,3.0,1,4,10.495708218549128,0,False,False,True,True,False,False,True,False,False,False,False,False,True,False,False,False,False,True,False,False,False,False,False,False,False,True,1
34,2,3,2,53430,1.0,14,0,10.0,5,10,4,8,2.0,3.0,3.0,2,3,7.376714120370369,1,False,False,True,False,True,False,False,True,False,False,False,False,False,True,False,False,True,False,False,False,False,False,False,False,True,False,0
52,21,5,3,28890,1.0,11,1,34.0,2,34,1,16,3.0,1.0,4.0,3,3,5.994694444444445,1,False,False,True,False,False,True,False,False,False,False,False,True,False,True,False,False,False,True,False,False,False,False,False,False,True,False,0
28,10,3,2,52100,1.0,15,0,1.0,1,1,0,0,4.0,2.0,3.0,4,3,7.768436639118458,2,False,False,True,False,True,False,False,False,False,False,True,False,False,True,False,False,False,False,False,False,False,False,True,False,True,False,0
55,26,3,1,104480,2.0,13,0,30.0,3,5,1,2,3.0,4.0,3.0,3,3,8.690298309178743,1,False,False,True,False,False,True,False,False,True,False,False,False,False,True,False,False,True,False,False,False,False,False,False,False,False,True,0
28,25,3,1,187890,3.0,16,1,6.0,4,2,2,2,4.0,3.0,3.0,3,3,9.39283240353324,2,False,False,True,False,True,False,False,False,False,False,False,True,False,True,False,False,False,False,False,True,False,False,False,False,False,True,1
38,6,3,2,87890,1.0,11,3,15.0,4,15,5,11,4.0,1.0,3.0,3,3,7.0820662568306005,1,False,False,True,False,False,True,False,False,False,False,True,False,False,True,False,False,False,False,False,False,False,True,False,False,True,False,0
26,3,3,2,139640,1.0,11,2,5.0,1,5,1,3,1.0,3.0,3.0,2,3,7.70509728082513,2,False,True,False,False,True,False,False,False,False,True,False,False,False,True,False,False,True,False,False,False,False,False,False,True,False,False,0
27,5,4,4,44000,9.0,17,1,6.0,3,2,2,2,1.0,2.0,3.0,2,3,6.404782250470809,2,False,False,True,False,False,True,False,False,False,True,False,False,True,False,False,False,False,False,True,False,False,False,False,False,True,False,0
54,1,3,2,22970,6.0,18,2,29.0,2,20,12,7,4.0,4.0,2.0,2,3,6.19813768115942,1,False,False,True,False,False,True,False,False,False,True,False,False,True,False,False,False,False,True,False,False,False,False,False,False,False,True,0
30,8,3,2,52090,7.0,14,1,10.0,3,8,7,7,3.0,4.0,2.0,3,3,7.521103958035288,1,False,False,True,False,True,False,False,True,False,False,False,False,False,True,False,False,False,False,False,False,False,True,False,True,False,False,0
37,15,3,2,44850,5.0,11,1,15.0,2,1,0,0,1.0,2.0,1.0,4,3,6.598324879227054,2,False,False,True,False,False,True,False,False,True,False,False,False,False,True,False,False,True,False,False,False,False,False,False,False,True,False,1
40,10,4,2,65670,1.0,13,1,8.0,3,8,3,7,3.0,2.0,3.0,4,3,6.453228166438043,2,False,True,False,False,True,False,False,False,False,True,False,False,False,True,False,False,False,False,True,False,False,False,False,False,True,False,0
45,2,3,3,60740,0.0,14,0,9.0,2,8,3,1,2.0,3.0,3.0,3,3,5.978927895981087,2,False,False,True,False,False,True,False,True,False,False,False,False,False,True,True,False,False,False,False,False,False,False,False,False,False,True,0
42,7,4,2,34450,1.0,11,2,22.0,2,22,11,15,3.0,4.0,3.0,3,3,6.369136989553656,1,False,False,True,False,True,False,False,True,False,False,False,False,True,False,False,False,False,False,False,False,False,True,False,False,True,False,0
46,28,3,3,190450,6.0,11,3,13.0,2,8,0,7,4.0,3.0,3.0,3,3,6.909803051001822,2,False,False,True,False,True,False,False,False,False,True,False,False,True,False,False,True,False,False,False,False,False,False,False,True,False,False,0
33,13,4,2,45680,0.0,18,1,6.0,2,5,1,2,3.0,3.0,3.0,3,3,7.303262436076244,2,False,False,True,False,False,True,False,False,True,False,False,False,True,False,False,False,False,False,True,False,False,False,False,True,False,False,0
36,26,4,1,84740,0.0,14,0,17.0,3,16,4,11,3.0,4.0,2.0,3,3,10.273963122605364,1,False,False,True,False,True,False,False,False,False,True,False,False,False,True,False,False,True,False,False,False,False,False,False,False,True,False,0
27,11,3,2,99850,1.0,14,1,3.0,3,3,1,2,1.0,3.0,3.0,2,3,7.992474105461394,2,True,False,False,False,False,True,False,False,False,False,False,True,True,False,False,False,True,False,False,False,False,False,False,False,True,False,0
34,18,1,1,27030,1.0,21,1,9.0,2,8,7,7,4.0,2.0,4.0,3,4,6.781649232914924,0,False,False,True,False,True,False,False,False,False,True,False,False,False,True,True,False,False,False,False,False,False,False,False,False,False,True,0
25,2,3,1,190940,1.0,16,0,7.0,3,7,0,6,2.0,3.0,3.0,2,3,7.405586419753087,2,False,False,True,False,True,False,False,True,False,False,False,False,False,True,False,False,False,False,False,False,True,False,False,False,True,False,0
52,2,1,2,117130,2.0,14,0,24.0,2,5,0,2,4.0,3.0,2.0,3,3,9.143808668582375,2,False,True,False,False,True,False,False,True,False,False,False,False,False,True,False,False,False,False,False,False,False,True,False,False,True,False,0
39,1,4,1,36730,3.0,14,1,19.0,3,1,0,0,4.0,4.0,4.0,3,3,6.523863745210727,2,False,False,True,True,False,False,False,False,False,True,False,False,False,True,False,False,False,False,False,False,False,True,False,False,True,False,1
36,2,4,1,27250,9.0,21,1,18.0,4,16,5,12,3.0,2.0,3.0,2,4,10.606711583924351,0,False,False,True,False,True,False,False,False,False,True,False,False,False,True,True,False,False,False,False,False,False,False,False,False,False,True,0
33,3,2,1,49360,0.0,14,0,6.0,2,5,0,3,1.0,1.0,3.0,2,3,8.984980405716918,2,False,False,True,False,True,False,False,True,False,False,False,False,False,True,False,False,False,False,False,False,False,True,False,False,False,True,1
39,2,4,1,72640,0.0,17,0,11.0,5,10,0,7,3.0,3.0,3.0,3,3,6.903323917137477,2,False,False,True,False,False,True,False,True,False,False,False,False,False,True,False,False,True,False,False,False,False,False,False,True,False,False,0
25,25,2,2,37020,0.0,20,0,5.0,4,4,1,2,1.0,3.0,3.0,3,4,7.718641078838175,0,False,False,True,False,True,False,False,True,False,False,False,False,False,True,False,False,False,False,False,False,False,True,False,False,True,False,0
24,28,4,3,28860,1.0,19,1,1.0,5,1,0,0,4.0,2.0,1.0,3,3,6.598539312617702,2,False,False,True,True,False,False,True,False,False,False,False,False,False,True,False,False,False,False,True,False,False,False,False,False,True,False,1
43,14,3,1,37480,7.0,14,2,10.0,3,3,1,2,4.0,4.0,3.0,2,3,7.67480543318649,2,False,True,False,False,False,True,False,True,False,False,False,False,True,False,False,False,False,False,True,False,False,False,False,False,True,False,0
22,29,4,1,46630,0.0,13,1,3.0,1,2,2,1,3.0,4.0,3.0,3,3,6.379811676082863,2,False,False,True,False,False,True,False,False,False,False,False,True,False,True,False,False,False,False,False,False,False,True,False,False,True,False,0
34,2,2,2,65860,9.0,18,1,9.0,3,2,2,1,2.0,4.0,2.0,3,3,6.112743362831859,2,False,False,True,False,True,False,False,True,False,False,False,False,False,True,False,False,False,False,False,False,True,False,False,False,True,False,0
29,1,2,3,26780,1.0,25,1,1.0,3,1,0,0,4.0,2.0,3.0,3,4,7.963377871542429,0,False,False,True,False,True,False,False,False,False,True,False,False,False,True,False,False,False,False,False,False,False,True,False,False,True,False,0
28,11,2,2,58130,2.0,20,1,5.0,2,0,0,0,3.0,3.0,1.0,3,4,6.909532163742691,0,False,False,True,False,True,False,False,False,False,True,False,False,False,True,False,False,False,False,False,False,False,True,False,False,False,True,1
33,3,3,3,97250,1.0,11,0,14.0,0,14,2,13,2.0,2.0,3.0,3,3,7.78063557384545,1,False,False,True,False,False,True,False,True,False,False,False,False,False,True,False,False,False,True,False,False,False,False,False,False,True,False,0
27,8,1,4,102310,1.0,13,1,1.0,2,1,0,0,1.0,2.0,3.0,3,3,6.498731032794908,2,False,True,False,False,False,True,False,True,False,False,False,False,False,True,False,False,True,False,False,False,False,False,False,False,True,False,1
36,10,3,3,22320,1.0,12,1,16.0,2,16,3,7,3.0,4.0,3.0,3,3,9.800581847279378,1,False,False,True,False,True,False,False,False,False,True,False,False,False,True,False,False,False,False,False,False,False,True,False,False,True,False,1
31,7,4,2,132250,3.0,21,1,9.0,2,2,1,0,1.0,1.0,3.0,3,4,6.793423095584667,0,False,False,True,False,False,True,False,False,True,False,False,False,False,True,False,False,False,False,False,False,False,True,False,False,True,False,0
58,2,4,1,23760,4.0,12,1,37.0,3,16,14,14,2.0,2.0,2.0,3,3,6.604357567443987,1,True,False,False,False,True,False,False,False,False,True,False,False,False,True,False,False,True,False,False,False,False,False,False,True,False,False,0
47,4,3,2,59060,4.0,23,0,21.0,4,3,1,1,4.0,3.0,3.0,4,4,6.493810013717422,0,False,False,True,False,True,False,False,True,False,False,False,False,True,False,True,False,False,False,False,False,False,False,False,False,True,False,0
46,23,1,2,34910,2.0,14,0,25.0,0,19,2,8,1.0,1.0,3.0,3,3,7.934115402956604,1,False,False,True,False,True,False,False,True,False,False,False,False,False,True,False,False,True,False,False,False,False,False,False,True,False,False,0
29,5,3,1,51300,4.0,11,0,8.0,3,3,1,2,4.0,4.0,4.0,2,3,7.425431697931698,2,False,False,True,False,True,False,False,False,False,True,False,False,False,True,False,False,False,False,False,False,True,False,False,True,False,False,0
43,2,2,1,78610,1.0,14,2,20.0,1,20,1,8,1.0,3.0,1.0,3,3,9.686829297245962,1,False,False,True,False,True,False,False,False,False,True,False,False,False,True,False,False,True,False,False,False,False,False,False,False,False,True,0
40,28,2,1,167040,9.0,22,0,5.0,2,3,0,2,4.0,4.0,1.0,4,4,6.091838741396264,0,True,False,False,False,True,False,False,True,False,False,False,False,False,True,False,False,False,False,True,False,False,False,False,False,True,False,0
36,1,3,1,54860,7.0,12,1,10.0,2,5,0,3,3.0,1.0,3.0,3,3,6.495408357075024,2,False,False,True,False,True,False,False,True,False,False,False,False,False,True,False,False,False,False,False,True,False,False,False,False,False,True,1
34,9,1,2,26570,2.0,13,1,5.0,3,3,0,2,4.0,3.0,2.0,2,3,7.982483451536643,2,False,True,False,False,False,True,False,False,False,False,False,True,False,True,False,False,False,False,False,False,False,True,False,False,False,True,0
55,14,4,1,55380,0.0,17,0,37.0,2,36,4,13,4.0,1.0,3.0,3,3,9.27186226851852,1,False,False,True,False,True,False,False,True,False,False,False,False,True,False,False,False,False,False,False,False,False,True,False,False,False,True,0
31,16,4,2,28040,0.0,19,2,3.0,0,2,2,2,3.0,4.0,1.0,3,3,8.603252650991239,2,False,False,True,False,False,True,False,False,True,False,False,False,True,False,False,False,False,False,False,False,True,False,False,True,False,False,0
50,8,4,1,96670,3.0,23,0,28.0,2,10,1,6,1.0,2.0,2.0,2,4,6.008613495469718,0,False,False,True,False,False,True,False,True,False,False,False,False,False,True,False,False,False,False,False,False,True,False,False,True,False,False,0
33,11,4,1,71400,5.0,21,0,8.0,2,5,0,4,3.0,4.0,1.0,2,4,10.884872534872532,0,False,False,True,False,False,True,False,False,True,False,False,False,False,True,False,False,False,False,False,False,True,False,False,False,True,False,1
36,9,3,2,24360,4.0,13,0,16.0,3,11,3,9,3.0,3.0,3.0,1,3,7.096325863678805,1,False,False,True,False,True,False,False,True,False,False,False,False,True,False,True,False,False,False,False,False,False,False,False,False,False,True,0
31,7,4,1,24370,9.0,14,1,9.0,3,2,2,2,2.0,3.0,3.0,4,3,7.313733521657251,2,False,True,False,False,True,False,False,False,False,True,False,False,False,True,False,False,False,False,False,False,True,False,False,True,False,False,0
34,2,1,5,26860,5.0,11,0,10.0,3,4,1,3,4.0,1.0,3.0,4,3,7.592990664845173,2,False,True,False,False,False,True,False,False,True,False,False,False,True,False,False,False,False,True,False,False,False,False,False,True,False,False,0
23,7,2,3,105520,2.0,11,0,4.0,2,2,2,2,4.0,3.0,3.0,3,3,6.687368541380887,2,False,False,True,False,True,False,False,True,False,False,False,False,True,False,False,False,False,True,False,False,False,False,False,False,True,False,0
36,9,2,2,119350,1.0,11,3,7.0,6,7,1,7,3.0,3.0,3.0,4,3,6.629711352657005,2,False,False,True,False,True,False,False,False,False,True,False,False,False,True,False,False,False,False,False,False,False,True,False,True,False,False,0
28,9,3,2,59330,0.0,11,0,5.0,3,4,1,3,3.0,1.0,3.0,3,3,7.012275948788294,2,False,True,False,False,True,False,False,True,False,False,False,False,True,False,False,False,False,False,False,False,False,True,False,False,False,True,0
44,20,3,1,45560,2.0,13,0,6.0,4,0,0,0,4.0,3.0,3.0,3,3,6.1708656609195405,2,True,False,False,False,True,False,False,True,False,False,False,False,False,True,False,False,False,False,False,False,False,False,True,False,False,True,0
56,4,3,2,198470,4.0,14,0,6.0,6,0,0,0,4.0,1.0,3.0,3,3,7.89697337962963,2,False,False,True,False,True,False,False,False,False,False,False,True,True,False,False,False,False,False,False,False,False,True,False,False,True,False,0
24,7,4,1,25760,8.0,17,3,6.0,3,4,1,2,4.0,2.0,3.0,3,3,7.866042884990253,2,False,False,True,False,False,True,False,True,False,False,False,False,True,False,False,False,True,False,False,False,False,False,False,False,False,True,0
30,10,3,2,55070,1.0,12,2,10.0,2,10,1,2,4.0,3.0,3.0,2,3,7.615994585687383,2,False,False,True,False,True,False,False,True,False,False,False,False,False,True,False,False,False,False,False,False,True,False,False,True,False,False,0
39,2,3,2,131940,0.0,11,0,10.0,2,9,3,8,1.0,3.0,1.0,3,3,6.660232860520095,2,False,True,False,False,True,False,False,False,False,False,False,True,True,False,False,False,False,True,False,False,False,False,False,False,False,True,0
48,2,3,2,62720,4.0,14,0,29.0,3,22,12,9,4.0,2.0,3.0,2,3,6.11030064014632,1,False,False,True,False,True,False,False,True,False,False,False,False,True,False,False,False,False,True,False,False,False,False,False,False,True,False,0
32,20,3,1,45810,3.0,14,1,8.0,3,5,1,4,3.0,3.0,3.0,3,3,6.933930795019157,2,False,False,True,False,True,False,False,False,False,True,False,False,True,False,False,False,False,False,True,False,False,False,False,False,False,True,0
53,7,1,2,28590,3.0,18,1,32.0,2,5,1,3,3.0,3.0,3.0,3,3,6.809521604938272,1,False,False,True,False,True,False,False,True,False,False,False,False,False,True,False,False,True,False,False,False,False,False,False,False,True,False,0
50,1,3,2,134960,3.0,18,1,22.0,3,12,1,5,4.0,3.0,3.0,3,3,9.487657367668096,1,False,False,True,False,True,False,False,False,False,False,False,True,True,False,False,False,False,False,False,False,False,True,False,False,True,False,0
27,24,3,4,31720,1.0,20,1,9.0,1,9,1,7,4.0,3.0,3.0,3,4,6.842362854486285,0,False,True,False,False,False,True,False,True,False,False,False,False,False,True,True,False,False,False,False,False,False,False,False,False,False,True,0
30,3,3,3,51210,7.0,13,0,8.0,4,3,0,2,4.0,1.0,3.0,3,3,7.491903248587571,2,False,False,True,False,False,True,False,True,False,False,False,False,False,True,False,False,False,False,False,False,False,True,False,True,False,False,0
41,7,3,3,27820,1.0,14,0,10.0,2,10,0,7,2.0,1.0,3.0,2,3,6.64466714559387,2,False,False,True,False,True,False,False,False,False,False,False,True,True,False,False,False,False,False,False,False,True,False,False,False,True,False,0
29,1,3,1,23140,3.0,13,0,9.0,5,7,0,7,3.0,1.0,3.0,4,3,6.17307438794727,2,False,False,True,False,True,False,False,False,False,True,False,False,True,False,False,False,False,True,False,False,False,False,False,False,True,False,0
50,4,2,1,27990,4.0,12,1,27.0,0,1,0,0,3.0,3.0,3.0,1,3,9.387326388888887,2,False,False,True,False,True,False,False,False,False,True,False,False,True,False,False,False,True,False,False,False,False,False,False,False,True,False,0
34,28,4,5,103250,1.0,11,1,9.0,3,9,7,2,3.0,4.0,3.0,2,3,6.102161785216179,2,False,True,False,False,False,True,False,False,True,False,False,False,False,True,False,False,False,False,True,False,False,False,False,True,False,False,0
51,18,2,4,77250,1.0,13,1,33.0,2,33,0,10,3.0,2.0,3.0,3,3,9.48023530762167,1,False,False,True,False,False,True,False,True,False,False,False,False,False,True,False,False,False,False,True,False,False,False,False,True,False,False,0
45,2,1,2,57680,5.0,23,1,9.0,4,6,0,3,3.0,4.0,2.0,3,4,7.409882478632478,0,False,False,True,False,True,False,False,False,False,False,False,True,True,False,True,False,False,False,False,False,False,False,False,False,False,True,0
29,5,3,2,109340,6.0,17,2,11.0,2,9,0,7,1.0,1.0,1.0,3,3,6.55087706855792,2,False,False,True,False,True,False,False,True,False,False,False,False,True,False,False,False,False,False,False,False,True,False,False,False,False,True,1
36,9,3,4,142750,3.0,18,1,7.0,5,3,1,2,3.0,4.0,2.0,2,3,9.089532103825135,2,False,False,True,False,False,True,False,False,True,False,False,False,True,False,False,False,False,False,False,False,True,False,False,False,False,True,0
60,17,4,1,40250,3.0,13,1,19.0,5,1,0,0,3.0,4.0,4.0,2,3,6.223042824074074,2,False,False,True,False,False,True,False,False,False,True,False,False,False,True,False,False,False,True,False,False,False,False,False,True,False,False,0
41,4,2,2,25430,3.0,12,0,6.0,3,1,0,0,2.0,4.0,3.0,3,3,8.124268207282913,2,False,False,True,False,True,False,False,False,False,True,False,False,False,True,False,False,False,False,False,False,True,False,False,False,True,False,0
26,4,3,3,68540,2.0,11,0,5.0,5,3,0,2,1.0,2.0,3.0,2,3,10.13693533697632,2,False,False,True,False,True,False,False,False,False,True,False,False,False,True,False,False,False,False,False,False,True,False,False,True,False,False,1
38,29,2,1,39170,1.0,15,3,4.0,2,4,3,3,4.0,2.0,3.0,3,3,7.8067266021207935,2,False,True,False,False,False,True,False,False,False,True,False,False,True,False,False,False,False,False,False,False,False,True,False,False,False,True,0
36,8,3,3,69620,4.0,12,2,4.0,2,1,0,0,3.0,4.0,3.0,2,3,7.18869976359338,2,False,True,False,False,True,False,False,False,False,False,True,False,True,False,False,False,False,False,False,False,False,True,False,False,True,False,0
58,2,3,2,39680,2.0,13,2,12.0,3,5,1,2,4.0,3.0,3.0,2,3,10.898085399449036,2,True,False,False,False,True,False,False,True,False,False,False,False,False,True,False,False,False,False,True,False,False,False,False,True,False,False,0
26,1,4,2,104470,1.0,18,0,6.0,3,6,1,4,3.0,2.0,1.0,3,3,7.590778256704982,2,False,True,False,False,True,False,False,False,False,False,True,False,False,True,False,False,True,False,False,False,False,False,False,True,False,False,0
42,7,4,3,22260,0.0,12,1,4.0,3,3,1,0,3.0,3.0,3.0,2,3,8.805406445406446,2,False,False,True,False,False,True,False,False,False,True,False,False,False,True,False,False,False,False,False,False,True,False,False,True,False,False,0
47,4,3,1,27740,4.0,13,1,8.0,2,5,1,3,2.0,3.0,3.0,3,3,10.009682033096926,2,False,True,False,False,True,False,False,True,False,False,False,False,False,True,False,False,False,False,False,True,False,False,False,False,False,True,1
27,10,3,5,132450,1.0,23,1,9.0,3,9,0,7,3.0,1.0,3.0,2,4,6.449521475256771,0,False,False,True,False,True,False,False,False,False,True,False,False,False,True,False,False,False,False,False,False,True,False,False,False,True,False,0
45,8,1,2,33190,1.0,12,1,9.0,3,9,0,8,3.0,2.0,2.0,3,3,6.265175925925926,2,True,False,False,False,True,False,False,True,False,False,False,False,False,True,False,False,False,False,False,False,False,True,False,False,True,False,0
31,3,3,2,46210,2.0,18,1,9.0,3,5,1,4,4.0,4.0,2.0,3,3,6.461306022408964,2,False,True,False,False,False,True,False,False,True,False,False,False,False,True,False,False,False,False,False,False,False,True,False,False,False,True,0
29,1,2,2,42400,1.0,14,0,10.0,2,10,0,9,1.0,2.0,2.0,2,3,10.692972910927455,2,False,False,True,False,True,False,False,False,False,True,False,False,False,True,False,False,False,False,False,False,False,False,True,True,False,False,0
22,8,3,2,49070,1.0,21,1,4.0,2,4,1,1,2.0,1.0,2.0,3,4,7.311087006427916,0,False,False,True,False,True,False,False,False,False,False,True,False,False,True,False,False,False,False,False,False,False,False,True,False,True,False,0
34,2,1,5,26860,5.0,11,0,10.0,3,4,1,3,4.0,1.0,3.0,4,3,7.603156676413255,2,False,True,False,False,False,True,False,False,True,False,False,False,True,False,False,False,False,True,False,False,False,False,False,True,False,False,0
30,20,3,3,48100,8.0,18,0,8.0,3,4,0,3,3.0,1.0,3.0,2,3,7.494121557454891,2,False,False,True,False,False,True,False,False,True,False,False,False,False,True,False,False,False,False,False,False,False,True,False,True,False,False,0
49,4,2,2,108450,3.0,24,0,27.0,4,4,1,2,1.0,2.0,3.0,2,4,7.800969316596932,0,False,False,True,False,False,True,False,True,False,False,False,False,False,True,False,False,False,False,False,True,False,False,False,False,True,False,0
49,2,3,2,52040,8.0,14,1,26.0,3,5,0,0,2.0,3.0,3.0,3,3,7.795346618357488,2,False,False,True,False,False,True,False,False,False,False,False,True,False,True,False,False,False,False,True,False,False,False,False,False,False,True,0
44,24,5,1,25660,9.0,11,1,10.0,3,5,2,3,4.0,2.0,2.0,3,3,6.295518755935423,2,False,False,True,False,False,True,False,False,False,True,False,False,True,False,False,False,False,False,False,False,False,True,False,False,False,True,0
30,1,2,3,102210,0.0,19,1,6.0,2,5,1,3,3.0,3.0,4.0,3,3,6.1372968673519335,2,False,False,True,False,True,False,False,True,False,False,False,False,False,True,False,False,False,False,False,False,False,True,False,True,False,False,0
44,1,1,3,15630,5.0,12,2,9.0,3,4,1,3,2.0,1.0,2.0,3,3,9.391213080168775,2,False,False,True,False,True,False,False,False,False,True,False,False,True,False,False,False,False,False,False,False,True,False,False,True,False,False,0
38,8,2,2,32010,1.0,11,1,5.0,3,5,0,4,4.0,3.0,3.0,2,3,6.379568032015065,2,False,False,True,False,True,False,False,True,False,False,False,False,True,False,False,False,False,False,False,False,False,True,False,False,True,False,0
28,2,3,1,22740,3.0,20,1,5.0,5,3,1,2,1.0,3.0,4.0,3,4,6.492943287037036,0,False,True,False,False,True,False,False,False,False,True,False,False,False,True,False,False,False,False,False,False,True,False,False,False,True,False,1
35,6,3,3,31020,1.0,13,1,6.0,3,5,1,4,3.0,3.0,1.0,2,3,6.802122359963271,2,False,False,True,False,True,False,False,True,False,False,False,False,True,False,False,False,True,False,False,False,False,False,False,False,False,True,0
30,10,2,3,188800,0.0,22,1,12.0,3,11,6,7,3.0,4.0,2.0,3,4,6.263877826941986,0,True,False,False,False,False,True,False,True,False,False,False,False,False,True,False,False,True,False,False,False,False,False,False,False,False,True,0
30,9,1,4,40890,0.0,18,0,10.0,2,9,6,7,1.0,4.0,3.0,4,3,6.166816415180612,2,False,False,True,False,False,True,False,False,True,False,False,False,False,True,False,False,False,False,False,True,False,False,False,False,True,False,0
52,2,4,2,35370,0.0,11,1,34.0,3,33,11,9,3.0,3.0,3.0,3,3,6.283778756730298,1,False,False,True,False,True,False,False,False,False,True,False,False,True,False,False,False,False,False,False,False,False,False,True,False,True,False,0
53,24,3,3,22690,7.0,11,1,18.0,2,14,8,10,4.0,1.0,4.0,2,3,7.113752955082743,1,False,False,True,False,True,False,False,False,False,False,True,False,True,False,False,False,False,True,False,False,False,False,False,False,False,True,0
25,2,3,1,190940,1.0,16,0,7.0,3,7,0,6,2.0,3.0,3.0,2,3,7.404134199134199,2,False,False,True,False,True,False,False,True,False,False,False,False,False,True,False,False,False,False,False,False,True,False,False,False,True,False,0
42,2,4,1,22850,0.0,16,0,22.0,3,21,13,14,3.0,1.0,2.0,1,3,8.053107714701602,1,False,True,False,False,False,True,False,True,False,False,False,False,False,True,False,False,True,False,False,False,False,False,False,False,False,True,1
35,9,3,2,173990,6.0,12,0,7.0,3,2,2,2,3.0,4.0,2.0,1,3,10.69871586629002,2,False,False,True,False,True,False,False,True,False,False,False,False,False,True,False,False,False,True,False,False,False,False,False,True,False,False,1
50,27,3,2,33100,4.0,22,1,8.0,3,1,0,0,1.0,4.0,3.0,4,4,6.182229468599033,0,False,False,True,False,False,True,False,False,False,True,False,False,False,True,False,False,False,False,False,False,False,True,False,False,True,False,0
44,1,1,3,15630,5.0,12,2,9.0,3,4,1,3,2.0,1.0,2.0,3,3,9.40453509995351,2,False,False,True,False,True,False,False,False,False,True,False,False,True,False,False,False,False,False,False,False,True,False,False,True,False,False,0
32,2,3,2,57470,1.0,13,0,8.0,0,8,0,7,3.0,2.0,3.0,3,3,7.722377344877344,2,False,False,True,False,True,False,False,False,False,True,False,False,False,True,False,False,False,False,False,False,True,False,False,False,True,False,0
39,4,4,1,134020,7.0,14,1,18.0,1,7,1,7,1.0,4.0,3.0,3,3,8.004868173258004,2,False,False,True,False,True,False,False,True,False,False,False,False,False,True,False,False,False,False,False,False,False,True,False,False,False,True,0
29,10,2,3,169590,4.0,14,3,11.0,5,8,1,1,2.0,3.0,2.0,3,3,6.293542824074075,2,False,False,True,False,True,False,False,False,False,True,False,False,False,True,False,False,False,False,True,False,False,False,False,False,True,False,0
24,7,4,1,25760,8.0,17,3,6.0,3,4,1,2,4.0,2.0,3.0,3,3,7.908282163742689,2,False,False,True,False,False,True,False,True,False,False,False,False,True,False,False,False,True,False,False,False,False,False,False,False,False,True,0
38,23,3,3,39040,1.0,22,0,10.0,3,10,1,9,1.0,4.0,3.0,2,4,6.927081560283688,0,False,False,True,False,True,False,False,False,False,True,False,False,False,True,False,False,False,False,False,False,False,False,True,False,True,False,0
59,12,2,2,47230,9.0,14,0,30.0,0,3,2,2,3.0,4.0,3.0,3,3,7.205767763471626,1,True,False,False,False,True,False,False,True,False,False,False,False,False,True,False,False,False,False,False,False,False,True,False,False,True,False,0
34,9,4,2,27410,0.0,15,1,2.0,3,1,0,0,3.0,3.0,2.0,3,3,5.984335901027077,2,False,False,True,False,False,True,False,False,False,True,False,False,True,False,False,False,True,False,False,False,False,False,False,False,True,False,0
45,10,2,1,38330,2.0,14,0,24.0,1,7,0,7,2.0,1.0,3.0,3,3,10.501073286052009,1,False,False,True,False,False,True,False,False,True,False,False,False,False,True,False,False,False,False,False,False,False,True,False,True,False,False,0
36,6,3,2,42000,0.0,22,0,10.0,3,9,0,5,3.0,2.0,3.0,3,4,7.686010101010102,0,False,False,True,False,False,True,False,False,False,True,False,False,True,False,False,False,False,False,False,False,False,True,False,False,True,False,0
27,3,3,1,66940,1.0,13,1,6.0,2,6,1,4,3.0,4.0,2.0,2,3,6.303799126637554,2,False,False,True,False,False,True,False,True,False,False,False,False,False,True,False,False,False,True,False,False,False,False,False,False,False,True,0
31,2,4,5,103770,1.0,14,0,10.0,2,10,0,2,2.0,3.0,3.0,3,3,7.479487994350283,2,False,False,True,False,True,False,False,True,False,False,False,False,True,False,False,False,False,True,False,False,False,False,False,True,False,False,0
29,10,3,1,34520,1.0,11,0,10.0,3,10,0,7,3.0,3.0,3.0,2,3,7.683185990338163,2,False,False,True,False,True,False,False,False,False,False,True,False,False,True,False,False,False,False,False,False,True,False,False,False,True,False,0
35,3,2,1,63880,3.0,13,0,4.0,6,2,2,2,3.0,1.0,3.0,2,3,8.797342403628118,2,False,False,True,True,False,False,False,True,False,False,False,False,True,False,False,False,True,False,False,False,False,False,False,False,True,False,0
30,9,4,1,87220,1.0,17,1,10.0,3,10,0,8,2.0,4.0,2.0,3,3,7.298294175232501,2,False,False,True,False,False,True,False,False,True,False,False,False,False,True,False,False,True,False,False,False,False,False,False,False,True,False,0
46,1,3,1,190810,3.0,21,0,12.0,2,9,4,7,4.0,4.0,2.0,3,4,7.183088842975206,0,False,False,True,True,False,False,False,True,False,False,False,False,True,False,False,False,True,False,False,False,False,False,False,True,False,False,0
47,3,2,2,39550,7.0,12,1,4.0,5,1,0,0,3.0,2.0,1.0,3,3,7.717876647834275,2,True,False,False,False,True,False,False,True,False,False,False,False,True,False,False,False,False,False,False,False,False,True,False,False,True,False,0
43,26,1,1,135490,3.0,11,2,7.0,3,2,2,2,4.0,4.0,3.0,3,3,7.093515283842795,2,False,True,False,False,True,False,False,True,False,False,False,False,False,True,False,False,True,False,False,False,False,False,False,False,True,False,0
34,10,3,3,47390,5.0,24,2,6.0,2,3,1,2,3.0,1.0,3.0,3,4,7.936015283842794,0,False,False,True,False,True,False,False,True,False,False,False,False,False,True,True,False,False,False,False,False,False,False,False,False,True,False,0
51,16,3,3,94390,2.0,15,3,29.0,0,20,4,17,1.0,3.0,2.0,3,3,6.114925444925444,1,False,False,True,False,False,True,False,False,False,True,False,False,False,True,False,False,False,False,False,False,True,False,False,False,True,False,0
31,9,4,1,161240,2.0,23,1,8.0,2,5,1,4,3.0,4.0,3.0,2,4,8.327236652236651,0,False,False,True,False,False,True,False,True,False,False,False,False,True,False,False,False,False,False,False,False,False,True,False,True,False,False,0
28,6,3,2,23510,1.0,16,0,6.0,4,6,3,3,4.0,1.0,3.0,3,3,7.164030683403069,2,False,False,True,False,True,False,False,False,False,False,False,True,False,True,False,False,False,False,False,False,True,False,False,False,True,False,0
27,7,3,3,34080,1.0,24,0,9.0,2,9,6,8,1.0,1.0,2.0,3,4,9.161649011299437,0,False,False,True,False,True,False,False,True,False,False,False,False,False,True,False,False,False,False,True,False,False,False,False,False,True,False,0
21,3,1,1,170990,1.0,14,1,3.0,2,2,2,2,3.0,4.0,3.0,3,3,7.880823877068558,2,False,False,True,False,True,False,False,True,False,False,False,False,True,False,False,False,True,False,False,False,False,False,False,False,False,True,0
36,7,3,1,26900,0.0,11,0,10.0,1,9,2,8,2.0,4.0,3.0,3,3,8.026875283446712,2,False,True,False,True,False,False,False,False,False,True,False,False,False,True,False,False,False,False,False,False,True,False,False,False,True,False,0
30,7,3,3,23130,2.0,11,0,12.0,5,7,1,7,3.0,1.0,3.0,3,3,8.030652958152958,2,False,False,True,False,False,True,False,True,False,False,False,False,False,True,False,False,False,False,False,False,False,True,False,True,False,False,0
46,25,1,5,34330,7.0,18,0,17.0,3,4,0,3,4.0,1.0,3.0,3,3,6.036308668582376,2,False,False,True,False,True,False,False,False,False,True,False,False,False,True,False,False,False,False,False,False,True,False,False,True,False,False,0
34,14,2,1,22350,2.0,14,1,9.0,2,5,1,0,3.0,4.0,3.0,3,3,8.067217553688142,2,False,False,True,False,False,True,False,False,False,False,False,True,True,False,False,False,False,False,False,False,False,True,False,False,True,False,0
51,1,2,1,41050,4.0,22,1,18.0,2,7,0,7,3.0,4.0,2.0,3,4,7.619401803118908,0,False,False,True,False,True,False,False,True,False,False,False,False,False,True,False,False,False,False,False,False,False,True,False,False,True,False,0
37,5,3,4,21440,6.0,19,0,17.0,3,5,0,3,3.0,1.0,3.0,4,3,8.022877314814815,2,False,False,True,False,True,False,False,True,False,False,False,False,False,True,False,False,False,False,False,False,True,False,False,False,True,False,0
46,1,4,1,23400,2.0,13,1,26.0,2,11,0,8,4.0,2.0,3.0,1,3,6.879879070881225,1,False,False,True,False,True,False,False,True,False,False,False,False,False,True,False,False,False,False,True,False,False,False,False,False,True,False,0
37,2,2,1,54050,7.0,15,0,8.0,3,6,1,3,3.0,3.0,3.0,4,3,10.399134393729828,2,False,False,True,False,True,False,False,False,False,True,False,False,True,False,True,False,False,False,False,False,False,False,False,False,True,False,0
34,6,2,1,43060,0.0,11,0,14.0,2,13,4,9,4.0,1.0,3.0,3,3,7.522875816993465,1,False,True,False,False,True,False,False,True,False,False,False,False,False,True,False,False,False,False,False,True,False,False,False,False,False,True,0
35,1,3,1,108550,3.0,13,1,17.0,2,8,1,6,3.0,3.0,4.0,3,3,7.024023532265891,2,False,False,True,False,True,False,False,False,False,True,False,False,False,True,False,False,False,False,False,True,False,False,False,False,False,True,0
35,2,3,5,24960,4.0,17,3,9.0,3,3,0,2,1.0,4.0,3.0,3,3,7.861873306233062,2,False,False,True,False,True,False,False,True,False,False,False,False,True,False,False,False,False,False,False,False,False,True,False,False,False,True,0
51,6,3,1,15690,2.0,11,0,18.0,2,4,0,3,1.0,4.0,3.0,4,3,7.190898903195039,2,False,True,False,False,True,False,False,True,False,False,False,False,True,False,False,False,False,True,False,False,False,False,False,False,False,True,1
27,4,3,5,21940,1.0,12,0,6.0,5,6,0,4,4.0,4.0,3.0,3,3,8.88621676163343,2,False,True,False,False,False,True,False,False,False,False,False,True,False,True,False,False,True,False,False,False,False,False,False,True,False,False,0
47,1,4,3,183030,6.0,22,1,29.0,2,3,1,2,2.0,2.0,3.0,2,4,6.711067188983855,0,False,False,True,False,True,False,False,False,False,True,False,False,False,True,False,False,True,False,False,False,False,False,False,True,False,False,0
46,4,2,3,138260,8.0,11,0,23.0,1,13,5,1,3.0,2.0,4.0,2,3,7.023066331417624,1,False,False,True,False,True,False,False,True,False,False,False,False,False,True,False,False,False,False,True,False,False,False,False,False,True,False,0
44,1,2,4,187110,2.0,12,1,10.0,0,2,2,2,2.0,1.0,3.0,3,3,7.077287920700783,2,False,False,True,False,False,True,False,False,False,True,False,False,False,True,False,False,False,True,False,False,False,False,False,False,True,False,0
33,2,4,1,27660,1.0,12,1,2.0,2,2,0,2,3.0,4.0,2.0,3,3,6.78583455165692,2,False,False,True,False,True,False,False,True,False,False,False,False,True,False,False,False,False,False,False,False,False,True,False,False,True,False,0
21,10,5,3,66870,1.0,19,3,2.0,0,2,1,2,3.0,1.0,3.0,3,3,8.209698275862069,2,False,False,True,False,False,True,False,False,False,True,False,False,False,True,False,False,False,False,False,False,True,False,False,False,False,True,0
38,11,2,1,198450,7.0,11,1,7.0,3,0,0,0,4.0,3.0,2.0,3,3,7.388344955834496,2,False,False,True,False,True,False,False,True,False,False,False,False,False,True,False,False,False,False,False,False,False,True,False,False,True,False,0
29,29,4,1,28860,3.0,13,0,10.0,4,7,7,7,2.0,3.0,3.0,3,3,8.39062440645774,1,False,False,True,False,True,False,False,False,False,False,False,True,True,False,False,False,False,False,False,False,False,False,True,True,False,False,1
34,28,3,2,176500,1.0,19,1,15.0,6,15,4,13,2.0,4.0,4.0,1,3,7.9967980009298,1,False,False,True,False,False,True,False,True,False,False,False,False,True,False,False,False,False,False,False,False,True,False,False,False,True,False,0
40,2,4,4,50330,2.0,14,2,6.0,6,4,0,2,2.0,4.0,2.0,3,3,9.914107744107746,2,False,False,True,False,True,False,False,False,False,False,True,False,False,True,False,False,False,False,False,False,True,False,False,False,True,False,0
42,2,2,1,21330,3.0,13,2,14.0,2,1,0,0,1.0,4.0,3.0,3,3,6.09727502295684,2,False,False,True,False,False,True,False,False,False,True,False,False,True,False,False,False,True,False,False,False,False,False,False,False,False,True,0
38,1,3,3,96190,4.0,13,1,10.0,2,1,0,0,3.0,3.0,4.0,3,3,9.841307617661329,2,False,False,True,False,True,False,False,False,False,True,False,False,True,False,False,False,False,True,False,False,False,False,False,False,False,True,0
38,7,3,2,76250,1.0,15,0,4.0,2,4,0,3,4.0,3.0,3.0,2,3,6.4456438865643895,2,False,True,False,False,True,False,False,False,False,True,False,False,True,False,False,False,False,False,False,False,False,False,True,True,False,False,0
31,25,2,3,182130,8.0,21,2,4.0,3,2,2,2,1.0,3.0,2.0,4,4,6.829941331417625,0,False,False,True,False,False,True,False,True,False,False,False,False,True,False,False,False,False,False,True,False,False,False,False,True,False,False,0
34,29,4,1,115100,0.0,14,1,7.0,5,6,0,4,1.0,4.0,2.0,3,3,6.688168328584995,2,False,True,False,False,False,True,False,False,True,False,False,False,False,True,False,False,False,False,False,False,True,False,False,False,False,True,0
41,10,2,3,79450,4.0,12,1,21.0,6,7,7,7,4.0,1.0,2.0,2,3,7.281752955082743,1,False,True,False,False,False,True,False,False,False,True,False,False,True,False,False,False,False,False,True,False,False,False,False,True,False,False,0
29,10,2,1,128080,1.0,13,0,10.0,6,10,0,4,3.0,3.0,3.0,3,3,7.03019090077732,2,False,False,True,False,False,True,False,True,False,False,False,False,True,False,False,False,False,False,False,False,False,True,False,True,False,False,0
25,20,5,2,85000,4.0,12,0,6.0,2,2,1,2,3.0,2.0,3.0,3,3,6.211339243498818,2,False,False,True,False,False,True,False,False,False,True,False,False,True,False,False,False,True,False,False,False,False,False,False,False,True,False,0
46,8,4,3,17020,5.0,21,0,25.0,2,4,0,3,4.0,2.0,3.0,3,4,7.305633101851852,0,False,False,True,False,True,False,False,False,False,False,True,False,False,True,False,False,False,True,False,False,False,False,False,False,True,False,0
38,8,2,2,32010,1.0,11,1,5.0,3,5,0,4,4.0,3.0,3.0,2,3,6.388770180436847,2,False,False,True,False,True,False,False,True,False,False,False,False,True,False,False,False,False,False,False,False,False,True,False,False,True,False,0
42,18,2,1,23980,0.0,14,1,10.0,2,9,7,8,4.0,3.0,3.0,2,3,9.51556007226739,1,False,False,True,False,False,True,False,False,False,True,False,False,False,True,False,False,True,False,False,False,False,False,False,True,False,False,0
36,1,3,2,166270,3.0,12,0,10.0,5,7,1,7,4.0,3.0,3.0,2,3,6.693960113960115,2,False,False,True,False,False,True,False,False,True,False,False,False,False,True,False,False,False,False,False,False,False,True,False,False,True,False,0
51,6,3,1,15690,2.0,11,0,18.0,2,4,0,3,1.0,4.0,3.0,4,3,7.193490896358543,2,False,True,False,False,True,False,False,True,False,False,False,False,True,False,False,False,False,True,False,False,False,False,False,False,False,True,1
32,7,3,3,44030,2.0,20,0,10.0,3,5,0,0,3.0,4.0,4.0,2,4,7.386145374449339,0,False,False,True,False,True,False,False,True,False,False,False,False,True,False,False,False,True,False,False,False,False,False,False,False,False,True,0
52,2,3,1,45070,1.0,14,0,33.0,3,33,15,12,1.0,3.0,4.0,2,3,8.798592278719397,1,True,False,False,False,True,False,False,False,False,False,False,True,False,True,False,False,False,False,False,False,False,True,False,False,False,True,0
36,2,4,1,79180,2.0,12,2,8.0,3,6,0,1,2.0,4.0,3.0,2,3,6.503389121338912,2,False,False,True,True,False,False,False,False,False,False,False,True,False,True,False,False,False,False,False,False,False,True,False,False,False,True,0
27,8,2,1,164220,1.0,20,1,6.0,3,6,0,3,2.0,2.0,3.0,3,4,9.328113275613276,0,False,False,True,False,True,False,False,False,False,True,False,False,False,True,False,False,True,False,False,False,False,False,False,False,True,False,0
28,2,2,3,28580,1.0,12,0,7.0,2,7,0,7,2.0,4.0,3.0,2,3,7.11750354609929,2,False,False,True,False,True,False,False,False,False,True,False,False,False,True,False,False,False,True,False,False,False,False,False,False,False,True,0
31,7,3,1,52580,0.0,14,3,3.0,5,2,2,2,3.0,4.0,3.0,3,3,6.595106744298883,2,False,True,False,False,True,False,False,True,False,False,False,False,False,True,False,False,False,False,False,False,False,True,False,False,True,False,0
34,25,1,1,22590,1.0,14,0,8.0,2,8,7,7,4.0,3.0,2.0,3,3,5.9954394157088124,1,False,True,False,False,True,False,False,True,False,False,False,False,True,False,False,False,False,True,False,False,False,False,False,False,True,False,0
56,10,4,2,40780,8.0,24,1,14.0,3,10,9,8,4.0,3.0,1.0,3,4,6.812821327683616,0,False,False,True,False,False,True,False,False,False,False,True,False,False,True,False,False,False,False,False,False,False,True,False,False,True,False,1
30,3,2,3,11290,9.0,19,0,3.0,2,1,0,0,3.0,4.0,3.0,2,3,8.179294871794871,2,False,True,False,False,False,True,False,False,True,False,False,False,False,True,False,False,False,False,False,False,True,False,False,False,False,True,1
41,3,3,3,35970,3.0,13,1,11.0,2,3,1,2,2.0,2.0,1.0,1,3,7.8185585901027075,2,False,False,True,False,True,False,False,True,False,False,False,False,False,True,False,False,False,False,False,False,True,False,False,False,False,True,0
35,2,4,2,101240,0.0,14,1,16.0,2,15,2,8,3.0,1.0,3.0,4,3,5.999399906235349,1,False,False,True,False,True,False,False,False,False,True,False,False,False,True,True,False,False,False,False,False,False,False,False,False,False,True,0
33,7,3,2,38150,3.0,11,1,7.0,3,4,0,3,4.0,2.0,4.0,3,3,9.403011204481794,2,False,False,True,False,False,True,False,True,False,False,False,False,False,True,False,False,False,False,True,False,False,False,False,True,False,False,0
24,17,2,1,25010,9.0,12,0,4.0,3,2,2,0,1.0,3.0,3.0,1,3,7.5126982480405715,2,False,False,True,False,True,False,False,True,False,False,False,False,True,False,True,False,False,False,False,False,False,False,False,False,False,True,1
53,9,3,3,48090,2.0,18,0,19.0,2,2,2,2,4.0,4.0,3.0,3,3,6.282684792843692,2,False,False,True,False,True,False,False,True,False,False,False,False,True,False,False,False,True,False,False,False,False,False,False,False,False,True,0
46,25,1,5,34330,7.0,18,0,17.0,3,4,0,3,4.0,1.0,3.0,3,3,5.985083697234352,2,False,False,True,False,True,False,False,False,False,True,False,False,False,True,False,False,False,False,False,False,True,False,False,True,False,False,0
32,26,3,2,88230,6.0,13,2,10.0,3,0,0,0,1.0,2.0,3.0,3,3,7.000198087431694,2,False,False,True,False,True,False,False,False,False,True,False,False,True,False,False,False,False,False,False,True,False,False,False,False,False,True,1
42,7,3,2,182650,9.0,12,1,18.0,4,13,5,7,3.0,1.0,4.0,3,3,7.421599576271186,1,False,False,True,False,True,False,False,False,False,False,False,True,True,False,False,False,False,False,False,False,False,True,False,False,True,False,0
34,9,4,2,26250,1.0,12,3,16.0,4,15,6,11,3.0,4.0,3.0,3,3,8.898696493624774,1,False,True,False,False,True,False,False,True,False,False,False,False,True,False,False,False,False,False,True,False,False,False,False,False,True,False,0
36,7,3,1,26900,0.0,11,0,10.0,1,9,2,8,2.0,4.0,3.0,3,3,7.984710550887021,2,False,True,False,True,False,False,False,False,False,True,False,False,False,True,False,False,False,False,False,False,True,False,False,False,True,False,0
33,28,4,1,60910,1.0,15,0,5.0,6,5,1,4,2.0,3.0,3.0,1,3,7.840530612244898,2,False,False,True,False,True,False,False,True,False,False,False,False,True,False,False,False,False,True,False,False,False,False,False,False,True,False,0
21,1,3,2,104000,1.0,13,1,1.0,2,1,0,0,4.0,4.0,2.0,3,3,7.927981562348375,2,False,False,True,False,True,False,False,False,False,True,False,False,False,True,False,False,False,False,False,False,False,True,False,False,False,True,1
29,8,3,3,194310,1.0,11,0,10.0,3,10,0,7,2.0,3.0,3.0,3,3,7.181322126847878,2,False,False,True,False,True,False,False,False,False,True,False,False,True,False,False,False,False,False,True,False,False,False,False,False,True,False,0
34,8,2,1,24390,3.0,11,2,14.0,2,7,5,7,4.0,3.0,3.0,4,3,7.611215998155832,1,False,False,True,False,False,True,False,True,False,False,False,False,False,True,False,False,True,False,False,False,False,False,False,True,False,False,0
39,10,3,2,26840,4.0,12,0,7.0,2,5,1,0,4.0,2.0,3.0,3,3,6.755457302280447,2,False,False,True,False,False,True,False,False,True,False,False,False,True,False,False,False,False,False,False,True,False,False,False,False,True,False,0
40,26,4,2,54400,1.0,12,1,20.0,2,20,2,13,2.0,2.0,3.0,3,3,7.022685969868173,1,False,True,False,False,True,False,False,False,False,True,False,False,False,True,False,False,False,False,True,False,False,False,False,True,False,False,0
48,2,3,2,197400,3.0,14,0,24.0,2,22,4,7,4.0,4.0,3.0,4,3,7.232274805669867,1,False,True,False,False,True,False,False,True,False,False,False,False,False,True,False,False,False,False,False,True,False,False,False,True,False,False,0
31,10,2,2,112440,3.0,12,1,10.0,3,7,1,7,4.0,4.0,2.0,3,3,6.096067129629629,2,False,False,True,False,False,True,False,True,False,False,False,False,True,False,False,False,False,False,False,False,True,False,False,True,False,False,0
32,3,1,3,62090,5.0,17,1,9.0,5,5,1,2,3.0,4.0,3.0,4,3,6.60344301382928,2,True,False,False,False,True,False,False,True,False,False,False,False,False,True,False,False,False,True,False,False,False,False,False,True,False,False,0
42,9,4,1,92080,1.0,15,1,24.0,2,24,14,9,2.0,4.0,2.0,4,3,7.822759412304867,1,False,True,False,False,True,False,False,False,False,True,False,False,False,True,False,False,False,False,True,False,False,False,False,True,False,False,0
39,2,4,2,43810,2.0,15,2,11.0,1,1,0,0,1.0,1.0,4.0,2,3,9.3863808870599,2,True,False,False,False,True,False,False,False,False,True,False,False,False,True,False,False,False,False,True,False,False,False,False,False,False,True,1
35,1,3,3,136750,1.0,15,3,5.0,5,5,1,0,3.0,3.0,3.0,2,3,6.378281174187288,2,False,False,True,True,False,False,True,False,False,False,False,False,False,True,False,False,True,False,False,False,False,False,False,False,True,False,0
24,3,3,2,76540,2.0,17,1,4.0,3,0,0,0,2.0,1.0,2.0,2,3,8.507790456431536,2,False,True,False,False,False,True,False,True,False,False,False,False,False,True,False,False,False,False,False,False,True,False,False,False,False,True,1
46,2,1,3,49410,9.0,13,2,23.0,2,2,2,2,4.0,4.0,3.0,2,3,7.396068376068375,2,False,False,True,False,True,False,False,False,False,True,False,False,True,False,False,False,False,False,False,False,True,False,False,True,False,False,0
31,3,2,3,77560,1.0,15,2,6.0,3,5,0,2,1.0,3.0,3.0,4,3,7.615965986394558,2,False,False,True,False,True,False,False,True,False,False,False,False,False,True,False,False,True,False,False,False,False,False,False,False,True,False,0
35,15,4,2,19040,1.0,22,1,10.0,4,10,7,7,3.0,4.0,3.0,3,4,8.594216643421666,0,False,False,True,False,True,False,False,True,False,False,False,False,False,True,False,False,False,False,False,False,True,False,False,False,False,True,1
21,3,2,1,42130,1.0,12,3,3.0,3,3,1,0,4.0,3.0,4.0,2,3,6.619040626529614,2,False,False,True,False,True,False,False,True,False,False,False,False,False,True,False,False,True,False,False,False,False,False,False,False,False,True,0
29,10,4,3,58690,1.0,11,1,10.0,6,10,0,9,4.0,3.0,3.0,4,3,6.079574879227053,2,True,False,False,False,True,False,False,False,False,False,False,True,False,True,True,False,False,False,False,False,False,False,False,False,True,False,0
36,1,3,2,10510,2.0,14,0,15.0,2,4,1,3,1.0,2.0,3.0,3,3,6.0031409331409336,2,False,False,True,False,True,False,False,True,False,False,False,False,True,False,True,False,False,False,False,False,False,False,False,False,False,True,0
19,1,3,5,152020,1.0,18,3,1.0,2,1,0,0,2.0,2.0,3.0,2,3,6.391567109144543,2,False,False,True,False,True,False,False,False,False,False,True,False,True,False,False,False,False,False,True,False,False,False,False,False,False,True,0
48,1,4,1,21770,4.0,18,0,13.0,4,0,0,0,4.0,3.0,2.0,3,3,6.721184640522876,2,False,False,True,False,True,False,False,False,False,True,False,False,False,True,False,False,False,False,False,False,True,False,False,False,True,False,0
27,2,3,1,39040,1.0,15,0,7.0,2,7,0,7,4.0,4.0,3.0,3,3,7.889389357712142,2,False,False,True,False,False,True,False,True,False,False,False,False,True,False,False,False,False,True,False,False,False,False,False,False,False,True,0
34,7,4,1,13930,1.0,11,2,10.0,4,10,1,9,4.0,3.0,2.0,4,3,6.819717553688142,2,False,True,False,True,False,False,False,False,False,False,True,False,True,False,False,False,False,False,False,False,True,False,False,False,True,False,0
38,13,3,1,32100,0.0,17,2,3.0,5,2,0,2,3.0,3.0,2.0,2,3,7.704971539162114,2,False,True,False,False,True,False,False,False,False,False,False,True,False,True,False,False,False,False,True,False,False,False,False,False,True,False,0
34,17,1,1,20010,9.0,22,1,11.0,5,3,0,2,2.0,1.0,3.0,4,4,10.986562213039486,0,False,True,False,False,False,True,False,False,True,False,False,False,False,True,False,False,False,False,False,True,False,False,False,True,False,False,1
41,1,5,1,40810,2.0,13,0,14.0,3,5,0,4,3.0,2.0,3.0,3,3,7.083069561157797,2,False,False,True,False,True,False,False,False,False,True,False,False,False,True,True,False,False,False,False,False,False,False,False,True,False,False,0
58,2,4,1,26220,2.0,23,0,24.0,3,6,0,4,3.0,2.0,3.0,3,4,8.330816924519457,0,False,False,True,False,True,False,False,True,False,False,False,False,False,True,False,False,False,False,False,False,True,False,False,True,False,False,0
47,19,5,2,28270,8.0,14,1,28.0,3,22,14,10,3.0,2.0,3.0,3,3,10.678910165484634,1,False,False,True,False,True,False,False,False,False,True,False,False,True,False,False,False,False,False,False,False,True,False,False,True,False,False,0
33,9,3,4,193920,6.0,12,1,12.0,3,10,8,8,4.0,2.0,3.0,3,3,6.763073997233748,1,False,True,False,False,True,False,False,True,False,False,False,False,False,True,False,False,False,False,False,True,False,False,False,False,True,False,0
41,1,4,2,55610,0.0,11,0,10.0,2,9,1,7,3.0,1.0,3.0,2,3,7.690605200945626,2,False,True,False,False,False,True,False,False,False,False,True,False,True,False,True,False,False,False,False,False,False,False,False,True,False,False,0
28,4,4,2,54330,1.0,13,1,5.0,4,5,0,2,3.0,4.0,1.0,2,3,6.481372126436781,2,False,False,True,False,False,True,False,True,False,False,False,False,False,True,True,False,False,False,False,False,False,False,False,False,True,False,0
42,1,3,1,23720,3.0,12,1,14.0,3,0,0,0,2.0,4.0,3.0,3,3,8.701982167352536,2,False,False,True,False,False,True,False,True,False,False,False,False,True,False,False,False,False,False,False,False,False,True,False,True,False,False,0
29,29,4,2,21270,0.0,11,1,10.0,3,9,0,8,4.0,3.0,3.0,2,3,10.724693853427896,2,False,False,True,False,False,True,False,True,False,False,False,False,False,True,False,False,True,False,False,False,False,False,False,False,False,True,0
34,10,4,1,192460,3.0,15,1,15.0,5,13,3,12,4.0,1.0,3.0,3,3,6.873781435756745,1,False,False,True,False,True,False,False,True,False,False,False,False,True,False,False,False,False,False,False,False,False,False,True,False,False,True,0
41,2,3,2,47410,6.0,16,0,8.0,3,2,2,1,4.0,3.0,3.0,3,3,6.910598108747045,2,False,False,True,False,True,False,False,True,False,False,False,False,False,True,False,False,False,False,False,False,True,False,False,False,False,True,0
28,9,4,1,56730,5.0,14,1,5.0,4,3,2,2,1.0,4.0,2.0,2,3,10.722796296296297,2,False,False,True,False,True,False,False,False,False,True,False,False,False,True,False,False,False,False,False,False,False,True,False,False,True,False,1
32,5,4,5,50030,2.0,13,0,10.0,5,9,1,6,4.0,2.0,2.0,3,3,6.599085038986354,2,False,False,True,False,True,False,False,False,False,False,False,True,False,True,False,False,False,False,False,False,True,False,False,True,False,False,0
36,5,1,1,13590,4.0,12,0,17.0,2,5,0,3,3.0,4.0,3.0,3,3,7.697297358834244,2,False,True,False,False,True,False,False,False,False,False,False,True,False,True,False,False,False,False,False,False,False,True,False,False,True,False,0
29,3,5,1,27230,6.0,11,1,3.0,2,0,0,0,4.0,1.0,3.0,2,3,10.280916902071564,2,False,False,True,True,False,False,False,True,False,False,False,False,False,True,False,False,False,False,False,False,False,True,False,False,False,True,1
32,6,3,1,36600,3.0,11,2,10.0,0,4,0,2,4.0,3.0,1.0,2,3,7.59164048269581,2,False,False,True,False,True,False,False,False,False,False,False,True,False,True,False,False,False,False,False,False,True,False,False,False,True,False,0
21,1,3,2,104000,1.0,13,1,1.0,2,1,0,0,3.0,4.0,2.0,3,3,7.8779353741496605,2,False,False,True,False,True,False,False,False,False,True,False,False,False,True,False,False,False,False,False,False,False,True,False,False,False,True,1
39,7,3,1,196580,4.0,13,1,17.0,3,15,5,9,4.0,3.0,4.0,4,3,7.877014739229025,1,False,False,True,False,True,False,False,True,False,False,False,False,True,False,False,False,False,False,False,False,True,False,False,False,True,False,0
26,9,1,1,106860,1.0,14,1,3.0,2,3,0,2,4.0,3.0,4.0,3,3,7.681713534522176,2,False,False,True,False,True,False,False,False,False,True,False,False,False,True,False,False,False,False,False,False,False,True,False,False,True,False,0
45,7,2,1,56610,3.0,12,0,26.0,2,9,1,1,4.0,4.0,4.0,2,3,7.3994878829446735,2,False,False,True,False,True,False,False,False,False,False,True,False,False,True,False,True,False,False,False,False,False,False,False,False,True,False,0
33,2,4,4,168800,1.0,14,3,9.0,2,9,2,8,4.0,3.0,3.0,3,3,7.887598308184728,2,False,True,False,False,True,False,False,False,False,True,False,False,True,False,False,False,False,False,False,False,False,True,False,True,False,False,0
43,7,2,1,195020,3.0,18,2,23.0,3,21,15,17,4.0,4.0,4.0,4,3,6.400272967772969,1,False,False,True,False,True,False,False,False,False,True,False,False,True,False,False,False,True,False,False,False,False,False,False,False,False,True,0
47,8,4,2,23660,3.0,17,0,11.0,5,5,1,2,3.0,3.0,2.0,2,3,10.849712962962965,2,False,False,True,False,True,False,False,False,False,True,False,False,True,False,False,False,False,False,False,False,False,False,True,False,True,False,0
20,4,4,2,99240,1.0,22,0,1.0,3,1,1,0,4.0,4.0,3.0,3,4,10.725876251788268,0,False,True,False,False,False,True,False,True,False,False,False,False,True,False,True,False,False,False,False,False,False,False,False,False,False,True,1
32,10,3,1,102660,1.0,11,0,2.0,3,2,2,2,3.0,2.0,3.0,3,3,7.265763593380615,2,False,True,False,False,False,True,False,True,False,False,False,False,True,False,False,False,False,False,False,False,False,True,False,False,True,False,0
50,6,3,1,23420,1.0,12,1,32.0,2,32,13,9,3.0,4.0,3.0,2,3,9.987019489247311,1,False,True,False,False,True,False,False,False,False,True,False,False,False,True,False,False,False,True,False,False,False,False,False,False,False,True,0
51,4,1,3,40280,3.0,14,0,29.0,3,5,0,3,4.0,2.0,2.0,3,3,7.469346549192364,2,False,False,True,False,True,False,False,False,False,True,False,False,True,False,False,False,False,False,True,False,False,False,False,False,False,True,0
24,6,2,2,40870,0.0,20,3,4.0,1,3,0,2,1.0,3.0,2.0,3,4,7.795473995271868,0,False,False,True,False,False,True,False,False,True,False,False,False,False,True,False,False,False,False,False,False,True,False,False,False,True,False,0
38,9,2,3,23720,4.0,12,0,20.0,3,1,0,0,1.0,1.0,2.0,2,3,7.179834247828075,2,False,False,True,False,True,False,False,False,False,False,False,True,False,True,False,False,False,False,False,False,False,False,True,False,False,True,0
59,5,3,3,198330,3.0,13,0,7.0,2,1,0,0,3.0,4.0,3.0,3,3,6.164645593869731,2,False,False,True,False,True,False,False,True,False,False,False,False,True,False,False,False,False,True,False,False,False,False,False,False,True,False,0
19,2,4,3,115570,1.0,22,0,1.0,0,1,0,1,2.0,4.0,3.0,3,4,10.772186192468618,0,False,False,True,False,False,True,False,False,True,False,False,False,False,True,False,False,True,False,False,False,False,False,False,False,False,True,0
47,25,4,2,148520,3.0,19,3,27.0,3,5,1,0,4.0,3.0,3.0,2,3,6.011422413793104,2,False,False,True,False,True,False,False,False,False,True,False,False,False,True,False,False,False,False,False,False,True,False,False,False,True,False,0
53,24,3,3,22690,7.0,11,1,18.0,2,14,8,10,4.0,1.0,4.0,2,3,7.110381083562901,1,False,False,True,False,True,False,False,False,False,False,True,False,True,False,False,False,False,True,False,False,False,False,False,False,False,True,0
29,20,1,2,41630,9.0,15,1,8.0,4,5,1,4,3.0,3.0,3.0,2,3,7.289530567685589,2,False,False,True,False,True,False,False,False,False,True,False,False,True,False,False,False,False,True,False,False,False,False,False,False,False,True,0
56,1,2,5,25590,1.0,21,0,5.0,3,4,1,0,1.0,4.0,3.0,3,4,6.864824434824436,0,False,False,True,True,False,False,False,False,False,True,False,False,True,False,False,False,False,False,False,False,False,True,False,False,False,True,1
38,1,3,1,38160,1.0,13,2,7.0,2,7,5,0,3.0,3.0,4.0,2,3,6.495622032288698,2,False,False,True,False,True,False,False,False,False,True,False,False,True,False,False,True,False,False,False,False,False,False,False,False,True,False,0
37,1,4,5,39440,6.0,11,2,8.0,3,6,4,3,2.0,2.0,2.0,3,3,6.899095171120488,2,False,False,True,False,True,False,False,False,False,False,False,True,True,False,False,False,False,False,False,False,True,False,False,False,True,False,0
49,23,1,2,92410,1.0,19,1,7.0,5,7,1,7,4.0,4.0,3.0,3,3,9.578439046333784,2,True,False,False,False,True,False,False,False,False,False,True,False,True,False,False,False,False,False,False,False,False,True,False,True,False,False,0
37,10,1,1,133410,1.0,14,1,18.0,3,18,12,17,4.0,1.0,2.0,3,3,6.464834960483496,1,False,False,True,False,True,False,False,False,False,False,False,True,False,True,False,False,False,False,False,False,False,True,False,True,False,False,0
35,12,2,2,28090,4.0,23,1,10.0,2,8,0,0,4.0,3.0,3.0,1,4,8.896620956399437,0,False,False,True,False,True,False,False,False,False,True,False,False,True,False,False,False,False,False,False,False,False,False,True,False,True,False,0
56,2,1,2,26440,4.0,11,1,37.0,2,6,0,2,4.0,4.0,2.0,3,3,6.30531795224977,1,False,False,True,True,False,False,False,False,False,True,False,False,False,True,False,False,False,False,False,False,False,True,False,False,False,True,0
38,3,4,1,44900,2.0,21,1,10.0,1,5,0,3,2.0,4.0,4.0,3,4,7.61587962962963,0,False,False,True,False,True,False,False,True,False,False,False,False,True,False,False,False,False,False,False,False,False,False,True,True,False,False,0
50,19,4,2,53770,4.0,14,1,16.0,3,2,2,1,3.0,4.0,3.0,4,3,7.084341339155749,2,False,True,False,False,True,False,False,True,False,False,False,False,False,True,False,False,False,False,False,False,False,True,False,False,False,True,0
56,20,4,3,53210,9.0,14,0,36.0,1,7,7,7,3.0,1.0,2.0,3,3,7.4406742535487025,1,False,True,False,False,True,False,False,True,False,False,False,False,True,False,False,False,False,False,False,False,False,True,False,False,True,False,0
30,1,3,3,179240,1.0,13,2,10.0,2,10,6,7,2.0,1.0,3.0,3,3,7.3961793372319695,1,False,False,True,False,True,False,False,False,False,False,True,False,False,True,False,False,False,False,False,False,False,True,False,False,True,False,1
41,11,3,1,168720,2.0,15,1,21.0,2,18,0,11,1.0,3.0,4.0,3,3,7.89010795730228,1,False,True,False,False,False,True,False,False,False,False,True,False,False,True,False,False,True,False,False,False,False,False,False,True,False,False,0
29,16,4,1,65130,1.0,11,1,10.0,2,10,0,9,2.0,4.0,2.0,3,3,7.103465491923642,2,False,True,False,False,True,False,False,False,False,True,False,False,False,True,False,False,True,False,False,False,False,False,False,False,False,True,0
49,14,4,2,62300,2.0,14,0,23.0,2,1,0,0,1.0,3.0,4.0,2,3,6.688532088122606,2,False,False,True,False,False,True,False,True,False,False,False,False,False,True,False,False,False,False,False,False,True,False,False,False,True,False,0
33,28,4,1,60910,1.0,15,0,5.0,6,5,1,4,2.0,3.0,3.0,1,3,7.799461382113821,2,False,False,True,False,True,False,False,True,False,False,False,False,True,False,False,False,False,True,False,False,False,False,False,False,True,False,0
29,28,4,1,48410,0.0,11,0,6.0,3,5,0,4,3.0,2.0,3.0,3,3,7.797563131313131,2,False,False,True,False,True,False,False,True,False,False,False,False,True,False,False,False,False,False,False,False,False,False,True,False,True,False,0
46,4,4,2,27430,5.0,25,1,14.0,1,8,0,7,3.0,2.0,3.0,4,4,7.888104166666666,0,False,False,True,False,True,False,False,False,False,True,False,False,True,False,False,False,False,False,False,False,False,False,True,False,True,False,1
31,14,2,1,167560,1.0,11,2,6.0,5,5,0,3,2.0,3.0,4.0,3,3,7.224268115942028,2,False,False,True,False,True,False,False,True,False,False,False,False,False,True,False,False,False,False,False,False,False,True,False,False,True,False,0
39,19,4,1,20620,1.0,13,0,21.0,4,21,13,3,3.0,4.0,3.0,3,3,6.06022340425532,1,False,True,False,False,True,False,False,False,False,True,False,False,True,False,False,False,False,False,False,False,True,False,False,False,True,False,0
41,19,1,2,58280,1.0,13,0,21.0,0,21,5,10,2.0,3.0,3.0,3,3,6.273640479686735,1,True,False,False,False,True,False,False,True,False,False,False,False,False,True,False,False,False,False,False,False,True,False,False,True,False,False,0
35,8,4,1,24610,2.0,20,1,17.0,4,7,0,7,4.0,3.0,3.0,3,4,7.4058831018518525,0,False,False,True,False,False,True,False,True,False,False,False,False,False,True,False,False,True,False,False,False,False,False,False,False,True,False,0
54,18,4,2,49630,9.0,15,1,9.0,2,5,1,4,4.0,1.0,3.0,3,3,8.909899817850638,2,False,False,True,False,True,False,False,False,False,True,False,False,True,False,False,False,True,False,False,False,False,False,False,True,False,False,0
28,21,4,1,25000,1.0,16,2,6.0,3,5,0,4,2.0,4.0,3.0,3,3,6.29157244248654,2,False,False,True,False,True,False,False,True,False,False,False,False,True,False,True,False,False,False,False,False,False,False,False,True,False,False,0
35,22,3,1,29660,9.0,18,0,15.0,2,11,6,9,2.0,3.0,3.0,2,3,5.992435990338165,1,False,False,True,False,True,False,False,False,False,True,False,False,True,False,False,False,False,False,False,False,False,False,True,False,True,False,0
35,5,3,1,57150,6.0,24,2,10.0,0,8,1,7,4.0,3.0,3.0,3,4,7.1192670093000485,0,False,False,True,False,True,False,False,False,False,True,False,False,False,True,True,False,False,False,False,False,False,False,False,False,True,False,0
44,1,3,1,48340,1.0,14,0,9.0,1,8,6,7,3.0,4.0,3.0,4,3,8.53535123966942,1,False,False,True,True,False,False,False,True,False,False,False,False,False,True,False,False,False,False,False,False,True,False,False,False,True,False,0
28,1,2,3,44770,1.0,15,0,3.0,6,3,1,2,3.0,1.0,3.0,3,3,7.611939871970735,2,False,False,True,False,False,True,False,True,False,False,False,False,False,True,False,False,False,True,False,False,False,False,False,False,True,False,0
52,1,4,5,97380,0.0,18,2,5.0,2,4,1,2,4.0,4.0,3.0,3,3,7.245820105820106,2,True,False,False,False,True,False,False,True,False,False,False,False,False,True,False,False,False,False,False,False,False,True,False,False,True,False,0
30,1,4,1,20330,1.0,14,1,12.0,3,12,3,7,3.0,4.0,3.0,1,3,6.816597525473072,2,False,True,False,False,True,False,False,False,False,True,False,False,False,True,False,False,False,False,False,False,True,False,False,False,False,True,0
33,9,3,2,28990,1.0,17,0,15.0,3,15,5,7,2.0,3.0,3.0,2,3,10.617287649219469,1,False,False,True,False,True,False,False,False,False,True,False,False,True,False,False,False,False,False,True,False,False,False,False,False,True,False,0
42,7,4,3,22260,0.0,12,1,4.0,3,3,1,0,3.0,3.0,3.0,2,3,8.831585038986356,2,False,False,True,False,False,True,False,False,False,True,False,False,False,True,False,False,False,False,False,False,True,False,False,True,False,False,0
55,11,1,1,26930,1.0,18,0,36.0,6,36,2,13,3.0,4.0,3.0,2,3,6.409076113558492,1,False,False,True,False,True,False,False,False,False,True,False,False,True,False,False,False,True,False,False,False,False,False,False,False,True,False,0
49,23,1,2,92410,1.0,19,1,7.0,5,7,1,7,4.0,4.0,3.0,3,3,9.59264058956916,2,True,False,False,False,True,False,False,False,False,False,True,False,True,False,False,False,False,False,False,False,False,True,False,True,False,False,0
43,1,1,1,46780,5.0,25,1,8.0,0,6,0,2,4.0,2.0,3.0,4,4,7.004932071809802,0,False,False,True,False,True,False,False,False,False,False,True,False,False,True,False,False,False,True,False,False,False,False,False,True,False,False,0
55,9,3,2,119160,4.0,15,1,35.0,3,10,1,4,3.0,2.0,3.0,2,3,8.186591016548462,1,False,False,True,False,False,True,False,False,True,False,False,False,False,True,False,False,True,False,False,False,False,False,False,False,True,False,0
41,23,3,2,26700,2.0,15,2,10.0,2,8,0,7,1.0,3.0,3.0,2,3,9.313776340996167,2,True,False,False,False,True,False,False,True,False,False,False,False,False,True,False,False,False,False,True,False,False,False,False,False,False,True,0
30,9,3,2,68250,1.0,14,0,1.0,2,1,0,0,2.0,1.0,4.0,3,3,6.877650214592275,2,False,True,False,False,True,False,False,False,False,False,True,False,False,True,True,False,False,False,False,False,False,False,False,False,True,False,1
35,17,4,1,54720,3.0,11,1,13.0,3,11,6,7,4.0,4.0,4.0,2,3,8.41637077294686,1,False,True,False,False,True,False,False,False,False,True,False,False,False,True,False,False,False,False,False,True,False,False,False,False,False,True,1
36,9,3,2,24360,4.0,13,0,16.0,3,11,3,9,3.0,3.0,3.0,1,3,7.10312833575934,1,False,False,True,False,True,False,False,True,False,False,False,False,True,False,True,False,False,False,False,False,False,False,False,False,False,True,0
28,1,3,2,74570,3.0,11,2,10.0,1,8,1,7,3.0,3.0,4.0,4,3,6.568142791551883,2,False,False,True,False,True,False,False,True,False,False,False,False,False,True,True,False,False,False,False,False,False,False,False,False,False,True,0
38,13,3,1,32100,0.0,17,2,3.0,5,2,0,2,3.0,3.0,2.0,2,3,7.698125300625301,2,False,True,False,False,True,False,False,False,False,False,False,True,False,True,False,False,False,False,True,False,False,False,False,False,True,False,0
40,6,3,1,60770,1.0,16,2,22.0,2,22,11,11,3.0,2.0,2.0,2,3,7.40623228166438,1,False,True,False,False,True,False,False,False,False,True,False,False,False,True,True,False,False,False,False,False,False,False,False,False,True,False,0
35,7,4,1,24380,7.0,16,0,10.0,5,7,6,2,2.0,2.0,2.0,2,3,6.960253831417625,2,False,False,True,False,False,True,False,True,False,False,False,False,False,True,False,False,False,False,False,False,False,False,True,True,False,False,0
48,2,3,2,62720,4.0,14,0,29.0,3,22,12,9,4.0,2.0,3.0,2,3,6.085625909752547,1,False,False,True,False,True,False,False,True,False,False,False,False,True,False,False,False,False,True,False,False,False,False,False,False,True,False,0
54,9,3,2,63230,4.0,23,1,24.0,2,4,1,2,1.0,1.0,2.0,2,4,5.9906901989325565,0,False,False,True,True,False,False,False,True,False,False,False,False,True,False,False,False,False,False,True,False,False,False,False,False,True,False,0
32,1,1,2,88580,6.0,16,1,10.0,2,5,1,3,1.0,3.0,2.0,3,3,6.894498171010516,2,False,True,False,False,False,True,False,False,True,False,False,False,False,True,False,False,True,False,False,False,False,False,False,False,True,False,0
41,9,2,1,54870,6.0,19,2,8.0,0,5,1,2,4.0,2.0,3.0,3,3,9.688633193863318,2,False,False,True,False,True,False,False,True,False,False,False,False,True,False,False,False,True,False,False,False,False,False,False,False,False,True,0
23,2,3,1,76370,2.0,11,1,5.0,3,3,0,2,1.0,1.0,4.0,3,3,7.078298156234836,2,False,False,True,False,True,False,False,True,False,False,False,False,False,True,True,False,False,False,False,False,False,False,False,False,True,False,0
35,9,3,2,173990,6.0,12,0,7.0,3,2,2,2,3.0,4.0,2.0,1,3,10.70255060728745,2,False,False,True,False,True,False,False,True,False,False,False,False,False,True,False,False,False,True,False,False,False,False,False,True,False,False,1
51,4,2,2,25700,3.0,18,0,21.0,2,7,1,0,4.0,2.0,3.0,3,3,7.40208273724368,2,False,False,True,True,False,False,True,False,False,False,False,False,False,True,False,False,False,False,False,False,False,False,True,False,False,True,0
32,2,4,4,21090,0.0,13,1,4.0,3,3,2,2,3.0,4.0,3.0,2,3,6.141971365638766,2,True,False,False,False,False,True,False,False,True,False,False,False,False,True,False,False,False,False,False,False,True,False,False,False,True,False,0
36,11,3,1,131910,1.0,14,1,10.0,2,10,1,7,2.0,3.0,3.0,2,3,9.496987922705312,2,False,False,True,False,True,False,False,True,False,False,False,False,False,True,False,False,False,False,False,False,False,True,False,False,True,False,0
34,26,3,1,190380,6.0,13,0,13.0,3,11,5,9,4.0,1.0,3.0,2,3,6.414911894273128,1,False,False,True,False,True,False,False,False,False,False,True,False,True,False,False,False,False,False,False,False,False,True,False,False,True,False,0
43,7,2,1,195020,3.0,18,2,23.0,3,21,15,17,4.0,4.0,4.0,4,3,6.413299663299664,1,False,False,True,False,True,False,False,False,False,True,False,False,True,False,False,False,True,False,False,False,False,False,False,False,False,True,0
23,6,4,3,103220,1.0,14,2,3.0,2,3,1,2,3.0,2.0,1.0,3,3,6.026296690307328,2,False,False,True,False,False,True,False,True,False,False,False,False,False,True,False,False,False,False,True,False,False,False,False,False,False,True,0
20,2,2,2,63970,1.0,17,1,1.0,3,1,0,0,4.0,1.0,3.0,3,3,8.31476602120793,2,False,False,True,False,True,False,False,True,False,False,False,False,True,False,False,False,False,False,False,False,True,False,False,False,False,True,1
34,5,3,1,45530,4.0,18,1,10.0,2,8,7,7,2.0,3.0,3.0,4,3,7.227850189933522,1,False,False,True,False,True,False,False,True,False,False,False,False,False,True,False,False,False,False,False,False,True,False,False,False,True,False,0
27,2,1,4,44470,1.0,13,0,7.0,4,7,0,7,4.0,1.0,3.0,3,3,6.090469821673525,2,False,False,True,False,True,False,False,True,False,False,False,False,False,True,False,False,False,False,False,False,True,False,False,True,False,False,0
30,1,4,1,174260,2.0,12,1,12.0,0,10,7,4,2.0,4.0,3.0,2,3,6.9091439176245215,1,False,False,True,True,False,False,True,False,False,False,False,False,True,False,False,False,False,True,False,False,False,False,False,False,True,False,0
33,9,3,2,28990,1.0,17,0,15.0,3,15,5,7,2.0,3.0,3.0,2,3,10.62316056910569,1,False,False,True,False,True,False,False,False,False,True,False,False,True,False,False,False,False,False,True,False,False,False,False,False,True,False,0
35,2,1,1,187400,1.0,19,1,1.0,2,1,0,0,3.0,3.0,3.0,4,3,6.731132756132755,2,True,False,False,False,True,False,False,False,False,True,False,False,False,True,False,False,False,False,False,False,True,False,False,False,True,False,0
27,2,3,1,168230,0.0,17,0,6.0,3,5,1,4,3.0,2.0,3.0,3,3,9.316973304473304,2,True,False,False,False,True,False,False,True,False,False,False,False,False,True,False,False,False,False,False,True,False,False,False,False,True,False,0
34,20,3,3,57440,3.0,19,1,7.0,4,0,0,0,2.0,1.0,3.0,2,3,6.1924824929972,2,False,False,True,False,True,False,False,False,False,True,False,False,True,False,False,False,True,False,False,False,False,False,False,True,False,False,0
36,2,2,3,199730,6.0,12,0,10.0,2,3,0,2,1.0,3.0,2.0,3,3,6.011818287037037,2,False,False,True,False,True,False,False,False,False,False,False,True,False,True,False,False,False,False,False,False,False,True,False,False,True,False,0
28,19,4,4,52380,1.0,17,1,10.0,4,10,1,9,2.0,1.0,2.0,2,3,7.419935622317596,2,True,False,False,False,True,False,False,True,False,False,False,False,True,False,False,False,True,False,False,False,False,False,False,False,False,True,1
51,23,3,2,192720,9.0,20,0,18.0,2,10,2,7,1.0,3.0,4.0,3,4,8.716918044077135,0,False,False,True,False,False,True,False,False,False,True,False,False,True,False,False,False,False,False,False,False,True,False,False,False,True,False,1
42,4,4,1,89260,1.0,14,0,20.0,4,20,11,6,2.0,3.0,3.0,1,3,6.788833333333334,1,False,False,True,False,True,False,False,True,False,False,False,False,False,True,False,False,False,False,True,False,False,False,False,False,True,False,0
28,8,3,4,11180,1.0,11,0,7.0,3,7,0,7,3.0,4.0,3.0,3,3,10.603598218471635,2,False,True,False,False,False,True,False,True,False,False,False,False,False,True,False,False,False,False,False,False,True,False,False,False,True,False,0
26,2,3,2,48210,6.0,14,2,6.0,2,3,1,2,1.0,1.0,3.0,3,3,8.209500962000963,2,False,True,False,False,False,True,False,True,False,False,False,False,False,True,False,False,False,False,False,False,True,False,False,False,True,False,1
35,16,2,3,25440,0.0,13,1,17.0,3,16,0,13,3.0,2.0,3.0,4,3,7.913552886948083,1,False,False,True,False,False,True,False,False,False,False,False,True,False,True,False,False,False,True,False,False,False,False,False,False,False,True,0
26,19,4,4,119940,1.0,14,1,6.0,6,5,1,4,1.0,2.0,4.0,3,3,7.4096365740740735,2,False,False,True,False,True,False,False,False,False,False,False,True,True,False,False,False,False,False,False,False,False,True,False,False,True,False,0
26,2,2,1,28350,3.0,11,1,5.0,2,2,2,0,1.0,4.0,3.0,3,3,7.090755017131668,2,False,True,False,False,True,False,False,True,False,False,False,False,False,True,False,False,False,False,True,False,False,False,False,True,False,False,0
22,1,3,4,49680,1.0,14,0,1.0,3,1,0,0,3.0,1.0,3.0,3,3,8.907727272727273,2,False,False,True,False,True,False,False,False,False,False,True,False,False,True,False,False,False,False,False,False,True,False,False,False,True,False,1
42,6,3,2,100080,6.0,19,1,9.0,3,4,1,2,4.0,1.0,2.0,1,3,9.767906420765028,2,False,False,True,False,True,False,False,False,False,True,False,False,False,True,False,False,True,False,False,False,False,False,False,True,False,False,0
49,7,3,2,50940,3.0,15,0,29.0,5,8,0,7,3.0,2.0,3.0,3,3,6.896046374764596,1,False,False,True,False,True,False,False,False,False,False,False,True,True,False,False,False,False,False,False,False,False,True,False,True,False,False,0
39,1,4,1,196650,1.0,22,1,21.0,6,21,11,10,3.0,1.0,3.0,3,4,10.997257089725707,1,False,False,True,False,False,True,False,True,False,False,False,False,False,True,False,False,False,False,False,False,False,True,False,False,True,False,0
42,13,4,2,22880,5.0,16,1,8.0,4,2,2,2,2.0,4.0,3.0,2,3,7.997912632549562,2,False,True,False,False,False,True,False,True,False,False,False,False,True,False,False,False,True,False,False,False,False,False,False,False,False,True,0
37,20,5,2,68040,4.0,13,1,8.0,1,3,0,2,1.0,3.0,3.0,3,3,7.524732905982906,2,False,False,True,False,True,False,False,True,False,False,False,False,False,True,False,False,False,True,False,False,False,False,False,False,False,True,0
32,1,3,2,136640,3.0,14,0,10.0,6,7,7,7,3.0,4.0,3.0,3,3,7.932475845410628,1,False,False,True,False,False,True,False,False,False,True,False,False,False,True,False,False,False,False,False,False,False,True,False,False,False,True,0
41,6,3,1,27730,1.0,11,0,19.0,3,19,11,9,3.0,2.0,3.0,3,3,7.795501133786848,1,True,False,False,False,False,True,False,True,False,False,False,False,True,False,False,False,False,False,False,True,False,False,False,False,False,True,0
33,9,3,2,46490,0.0,12,0,4.0,2,3,0,2,4.0,2.0,3.0,2,3,8.041233424782808,2,False,True,False,False,False,True,False,False,False,True,False,False,True,False,False,False,False,False,False,False,True,False,False,False,True,False,0
47,1,3,2,196270,7.0,11,2,25.0,1,23,14,10,3.0,3.0,1.0,3,3,6.805530092592592,1,False,True,False,False,True,False,False,False,False,True,False,False,True,False,False,False,False,False,False,False,False,True,False,False,True,False,1
32,1,2,3,136950,0.0,13,0,3.0,3,2,2,2,2.0,2.0,3.0,3,3,6.001692028985507,2,False,False,True,False,True,False,False,False,False,True,False,False,False,True,False,False,False,False,False,False,False,True,False,False,True,False,0
41,1,4,2,55610,0.0,11,0,10.0,2,9,1,7,3.0,1.0,3.0,2,3,7.692890733056708,2,False,True,False,False,False,True,False,False,False,False,True,False,True,False,True,False,False,False,False,False,False,False,False,True,False,False,0
29,2,4,4,106500,1.0,13,2,1.0,2,1,0,0,2.0,1.0,3.0,4,3,10.674197154471544,2,False,False,True,False,False,True,False,False,True,False,False,False,True,False,False,False,False,False,False,False,True,False,False,False,True,False,1
33,2,3,1,87930,6.0,17,0,8.0,2,5,1,2,2.0,4.0,4.0,3,3,7.779559027777778,2,False,True,False,False,True,False,False,False,False,True,False,False,True,False,False,False,False,False,False,False,False,True,False,False,True,False,0
44,5,2,2,171590,5.0,22,1,16.0,1,2,2,2,2.0,3.0,2.0,2,4,10.296231006647671,0,False,True,False,False,True,False,False,False,False,True,False,False,True,False,False,False,False,False,False,False,True,False,False,False,False,True,0
34,8,2,1,58780,1.0,14,0,5.0,1,5,1,3,1.0,2.0,3.0,3,3,7.969375917767987,2,False,False,True,False,True,False,False,False,False,True,False,False,False,True,False,False,False,False,False,False,True,False,False,False,True,False,0
38,25,3,2,163280,1.0,17,3,10.0,2,10,9,9,4.0,4.0,3.0,3,3,6.184593079922028,1,False,True,False,False,True,False,False,False,False,True,False,False,False,True,False,False,False,False,True,False,False,False,False,False,False,True,0
41,3,3,3,35970,3.0,13,1,11.0,2,3,1,2,2.0,2.0,1.0,1,3,7.812406189083821,2,False,False,True,False,True,False,False,True,False,False,False,False,False,True,False,False,False,False,False,False,True,False,False,False,False,True,0
27,8,2,1,164220,1.0,20,1,6.0,3,6,0,3,2.0,2.0,3.0,3,4,9.295790330079033,0,False,False,True,False,True,False,False,False,False,True,False,False,False,True,False,False,True,False,False,False,False,False,False,False,True,False,0
26,17,3,2,57690,1.0,19,0,5.0,4,5,4,3,3.0,2.0,2.0,2,3,7.718274853801169,2,False,False,True,False,False,True,False,False,False,True,False,False,True,False,False,False,False,True,False,False,False,False,False,False,True,False,0
51,8,4,5,24500,0.0,12,1,11.0,2,10,1,0,3.0,4.0,1.0,3,3,10.096695968120018,2,False,False,True,False,True,False,False,True,False,False,False,False,True,False,False,False,False,False,False,False,False,False,True,False,False,True,0
29,22,4,2,57360,1.0,22,0,4.0,1,4,0,2,4.0,3.0,2.0,2,4,6.319985935302391,0,True,False,False,False,False,True,False,False,True,False,False,False,False,True,False,True,False,False,False,False,False,False,False,False,True,False,0
36,9,3,4,142750,3.0,18,1,7.0,5,3,1,2,3.0,4.0,2.0,2,3,9.103744354110209,2,False,False,True,False,False,True,False,False,True,False,False,False,True,False,False,False,False,False,False,False,True,False,False,False,False,True,0
34,1,5,1,53810,1.0,12,0,10.0,0,10,8,8,2.0,4.0,2.0,3,3,7.438477452347746,1,False,False,True,False,True,False,False,False,False,True,False,False,False,True,False,False,False,False,False,False,True,False,False,False,True,False,0
30,1,4,1,53010,1.0,16,1,10.0,3,10,1,8,4.0,3.0,3.0,3,3,6.059143421664341,2,False,False,True,False,True,False,False,False,False,False,False,True,True,False,False,False,False,False,False,False,True,False,False,False,False,True,0
31,8,1,1,29360,4.0,12,1,10.0,2,8,7,7,2.0,4.0,2.0,3,3,7.164225083452551,1,False,False,True,False,True,False,False,False,False,False,False,True,False,True,False,False,False,False,True,False,False,False,False,False,True,False,0
34,1,4,4,41980,1.0,22,1,16.0,2,16,2,10,1.0,3.0,3.0,2,4,7.607830009496677,0,False,False,True,False,True,False,False,False,False,False,True,False,False,True,False,False,True,False,False,False,False,False,False,False,False,True,0
33,18,2,2,63850,1.0,13,0,7.0,6,6,1,2,3.0,4.0,3.0,2,3,9.468951760402378,2,True,False,False,False,True,False,False,False,False,True,False,False,True,False,True,False,False,False,False,False,False,False,False,True,False,False,0
36,7,2,5,116310,1.0,18,1,10.0,2,10,0,9,1.0,1.0,3.0,1,3,7.417550505050506,2,True,False,False,False,True,False,False,True,False,False,False,False,False,True,False,False,False,False,False,False,False,True,False,False,False,True,0
46,18,1,1,59800,4.0,11,1,28.0,2,7,4,3,1.0,4.0,4.0,3,3,6.692377450980392,1,False,False,True,False,True,False,False,False,False,True,False,False,False,True,False,False,False,False,True,False,False,False,False,True,False,False,1
36,1,3,2,23050,1.0,17,0,8.0,3,8,1,7,2.0,4.0,3.0,3,3,7.506036556036555,2,False,True,False,False,True,False,False,True,False,False,False,False,True,False,False,False,True,False,False,False,False,False,False,False,False,True,0
31,7,3,2,36170,7.0,21,1,10.0,5,5,0,3,4.0,1.0,3.0,3,4,7.231297498797498,0,False,True,False,False,True,False,False,False,False,True,False,False,False,True,False,False,False,False,False,False,True,False,False,False,False,True,0
36,5,1,1,13590,4.0,12,0,17.0,2,5,0,3,3.0,4.0,3.0,3,3,7.6941701388888895,2,False,True,False,False,True,False,False,False,False,False,False,True,False,True,False,False,False,False,False,False,False,True,False,False,True,False,0
25,25,4,2,82680,1.0,12,0,7.0,3,7,5,6,4.0,4.0,4.0,2,3,10.899974537037036,2,False,False,True,True,False,False,True,False,False,False,False,False,True,False,False,False,False,False,False,False,True,False,False,False,True,False,1
24,1,3,5,28970,1.0,18,3,5.0,4,5,0,3,4.0,3.0,4.0,3,3,10.014321513002365,2,False,False,True,False,True,False,False,True,False,False,False,False,True,False,False,False,False,True,False,False,False,False,False,True,False,False,0
38,1,2,4,64720,0.0,12,0,17.0,4,16,5,13,1.0,3.0,2.0,3,3,6.934340277777778,1,False,False,True,False,True,False,False,False,False,True,False,False,False,True,False,False,True,False,False,False,False,False,False,True,False,False,0
22,29,4,1,46630,0.0,13,1,3.0,1,2,2,1,3.0,4.0,3.0,3,3,6.39757696007696,2,False,False,True,False,False,True,False,False,False,False,False,True,False,True,False,False,False,False,False,False,False,True,False,False,True,False,0
27,11,4,4,66320,0.0,16,0,6.0,3,5,1,4,2.0,1.0,4.0,3,3,7.164859963269055,2,False,False,True,True,False,False,False,False,False,True,False,False,False,True,False,False,False,False,False,False,False,True,False,False,True,False,0
35,20,4,3,40690,1.0,13,0,6.0,5,6,0,4,2.0,3.0,3.0,3,3,7.903942768199234,2,False,False,True,False,True,False,False,True,False,False,False,False,True,False,False,True,False,False,False,False,False,False,False,False,False,True,0
46,12,4,1,23320,1.0,11,0,27.0,2,26,0,12,4.0,1.0,1.0,3,3,6.600259502923977,1,False,False,True,False,True,False,False,False,False,False,False,True,False,True,False,False,True,False,False,False,False,False,False,False,False,True,0
39,2,1,1,47790,4.0,14,2,9.0,3,7,1,7,4.0,1.0,3.0,3,3,5.987375910746812,2,False,False,True,False,True,False,False,False,False,True,False,False,True,False,False,False,False,False,False,False,True,False,False,False,True,False,0
38,2,3,3,49080,4.0,19,1,7.0,3,5,1,4,3.0,2.0,3.0,2,3,7.613203551912568,2,False,False,True,False,True,False,False,False,False,True,False,False,True,False,False,False,False,False,False,False,False,True,False,False,True,False,1
31,2,2,2,39750,1.0,15,1,5.0,3,5,4,3,1.0,3.0,2.0,3,3,6.335467224546722,2,False,False,True,False,True,False,False,False,False,True,False,False,False,True,False,False,True,False,False,False,False,False,False,True,False,False,0
33,8,2,4,29040,4.0,13,0,5.0,2,2,2,2,1.0,2.0,3.0,3,3,10.211385327635329,2,False,False,True,False,True,False,False,True,False,False,False,False,False,True,False,False,False,False,True,False,False,False,False,False,False,True,1
35,9,2,1,31400,1.0,13,1,17.0,2,17,5,15,4.0,3.0,3.0,2,3,8.777904693486589,1,False,False,True,False,True,False,False,True,False,False,False,False,True,False,True,False,False,False,False,False,False,False,False,False,True,False,0
42,5,3,3,53900,1.0,14,0,10.0,3,10,5,8,4.0,1.0,2.0,3,3,10.796660654160654,1,False,False,True,False,True,False,False,False,False,True,False,False,False,True,False,False,False,False,False,False,False,True,False,False,True,False,0
31,1,3,2,64650,4.0,17,0,13.0,3,7,5,7,1.0,4.0,4.0,3,3,6.28636680613668,2,False,False,True,False,False,True,False,False,True,False,False,False,True,False,False,False,False,False,False,False,False,True,False,True,False,False,0
25,2,4,2,27850,0.0,21,0,6.0,2,5,0,4,1.0,3.0,2.0,3,4,7.9726721763085395,0,False,False,True,False,True,False,False,False,False,True,False,False,True,False,False,False,False,False,True,False,False,False,False,True,False,False,0
54,9,3,1,196130,2.0,17,0,23.0,5,5,4,4,4.0,4.0,3.0,3,3,8.07852859135286,1,True,False,False,False,True,False,False,True,False,False,False,False,False,True,False,False,True,False,False,False,False,False,False,False,False,True,0
42,23,4,1,64470,6.0,13,0,18.0,3,1,0,0,2.0,2.0,3.0,3,3,9.41620634920635,2,False,False,True,False,True,False,False,True,False,False,False,False,True,False,False,False,False,True,False,False,False,False,False,False,True,False,0
36,2,3,2,27200,4.0,14,1,8.0,3,5,0,4,3.0,2.0,3.0,3,3,6.590610200364299,2,False,False,True,False,True,False,False,True,False,False,False,False,False,True,True,False,False,False,False,False,False,False,False,False,True,False,0
53,1,2,1,39890,1.0,13,0,5.0,2,4,1,3,4.0,1.0,3.0,3,3,6.100402661064425,2,False,False,True,False,False,True,False,True,False,False,False,False,False,True,False,False,False,True,False,False,False,False,False,True,False,False,0
59,3,4,1,40510,5.0,16,3,13.0,3,6,0,5,3.0,4.0,3.0,3,3,7.442859274563819,2,False,False,True,False,True,False,False,False,False,False,False,True,False,True,False,False,False,False,False,False,True,False,False,False,False,True,0
20,1,3,1,47770,1.0,18,1,2.0,3,2,0,2,4.0,1.0,3.0,3,3,7.722351532567049,2,False,False,True,False,True,False,False,True,False,False,False,False,False,True,False,False,False,False,False,False,False,False,True,False,False,True,0
35,1,3,2,22750,5.0,13,0,10.0,2,6,1,2,2.0,2.0,3.0,4,3,6.092942746239689,2,False,True,False,False,True,False,False,False,False,False,True,False,False,True,False,False,False,False,False,True,False,False,False,False,False,True,0
40,2,3,1,27180,1.0,14,1,9.0,4,9,4,7,3.0,4.0,3.0,2,3,7.3476493930905695,2,False,False,True,False,True,False,False,True,False,False,False,False,False,True,False,False,False,False,True,False,False,False,False,True,False,False,0
52,7,1,2,47740,2.0,18,1,11.0,2,8,7,7,3.0,2.0,2.0,3,3,7.913886473429952,1,False,False,True,False,True,False,False,True,False,False,False,False,True,False,False,False,False,False,False,False,True,False,False,False,True,False,1
33,15,4,1,24060,1.0,11,0,10.0,3,10,9,7,1.0,1.0,3.0,3,3,10.40263888888889,1,False,True,False,False,True,False,False,False,False,True,False,False,True,False,False,False,True,False,False,False,False,False,False,False,False,True,1
41,16,1,1,28100,1.0,11,0,8.0,3,8,7,7,1.0,2.0,3.0,4,3,7.573262691570882,1,False,True,False,False,True,False,False,False,False,True,False,False,True,False,False,False,False,False,False,False,True,False,False,False,False,True,1
44,1,2,2,103330,3.0,14,1,19.0,2,1,0,0,4.0,3.0,1.0,2,3,11.021406771578446,2,False,True,False,False,True,False,False,False,False,True,False,False,False,True,False,False,False,False,False,False,True,False,False,True,False,False,1
18,5,4,2,32300,1.0,12,1,0.0,3,0,0,0,2.0,4.0,3.0,3,3,6.321853070175439,2,True,False,False,False,False,True,False,False,False,False,True,False,False,True,False,False,False,True,False,False,False,False,False,False,False,True,0
33,9,1,3,32950,6.0,22,2,7.0,2,3,1,1,3.0,2.0,3.0,3,4,7.494024334251607,0,False,False,True,False,False,True,False,False,False,False,True,False,True,False,False,False,False,False,False,False,False,True,False,False,True,False,0
25,6,2,1,27680,0.0,22,1,5.0,0,4,1,1,3.0,4.0,3.0,3,4,8.001937260536398,0,False,False,True,False,True,False,False,False,False,True,False,False,True,False,False,False,True,False,False,False,False,False,False,False,False,True,0
33,2,4,4,168800,1.0,14,3,9.0,2,9,2,8,4.0,3.0,3.0,3,3,7.898865836791148,2,False,True,False,False,True,False,False,False,False,True,False,False,True,False,False,False,False,False,False,False,False,True,False,True,False,False,0
46,4,2,3,138260,8.0,11,0,23.0,1,13,5,1,3.0,2.0,4.0,2,3,7.025510973936901,1,False,False,True,False,True,False,False,True,False,False,False,False,False,True,False,False,False,False,True,False,False,False,False,False,True,False,0
42,11,1,2,59400,7.0,16,0,10.0,2,5,0,3,3.0,3.0,3.0,2,3,6.935080409356725,2,False,False,True,False,False,True,False,False,False,False,False,True,False,True,False,True,False,False,False,False,False,False,False,False,False,True,0
40,2,4,1,65450,4.0,15,0,22.0,2,1,0,0,2.0,2.0,2.0,3,3,9.47278715424285,2,True,False,False,False,True,False,False,True,False,False,False,False,False,True,False,True,False,False,False,False,False,False,False,False,False,True,1
35,29,3,3,50030,9.0,15,0,10.0,2,1,0,0,3.0,2.0,3.0,3,3,7.7124296911018915,2,False,False,True,False,True,False,False,True,False,False,False,False,True,False,False,False,False,False,False,False,False,True,False,False,False,True,0
32,22,4,1,29730,3.0,22,0,12.0,0,7,2,5,4.0,2.0,3.0,4,4,7.300513085399449,0,False,False,True,False,True,False,False,False,False,True,False,False,False,True,False,False,False,False,False,False,False,True,False,False,True,False,0
38,3,3,2,49070,1.0,11,1,1.0,3,1,0,0,4.0,4.0,3.0,3,3,8.591902250351618,2,False,True,False,False,False,True,False,False,True,False,False,False,True,False,False,False,False,False,False,False,False,True,False,False,True,False,0
24,27,2,1,104220,1.0,17,1,6.0,0,5,1,4,1.0,2.0,3.0,2,3,10.648925376647837,2,False,False,True,False,True,False,False,False,False,True,False,False,False,True,False,False,False,False,False,False,True,False,False,False,False,True,1
25,11,3,2,100960,0.0,11,1,4.0,3,3,1,2,4.0,2.0,3.0,3,3,7.7076554641060815,2,False,False,True,False,True,False,False,False,False,True,False,False,False,True,False,False,False,False,True,False,False,False,False,False,True,False,0
39,6,2,3,106090,2.0,17,1,10.0,2,7,7,7,2.0,1.0,3.0,3,3,6.585563936781609,1,False,False,True,False,True,False,False,True,False,False,False,False,False,True,False,False,False,False,False,False,True,False,False,False,True,False,0
43,25,2,3,50550,5.0,22,0,18.0,2,1,0,0,3.0,4.0,3.0,2,4,7.925064545873675,0,False,False,True,False,False,True,False,True,False,False,False,False,False,True,False,False,False,False,False,False,True,False,False,True,False,False,0
35,8,2,1,36900,1.0,13,1,10.0,2,10,7,8,4.0,2.0,2.0,4,3,9.962005029721078,1,False,True,False,False,False,True,False,False,True,False,False,False,True,False,False,False,True,False,False,False,False,False,False,True,False,False,1
27,15,4,3,39020,1.0,22,0,4.0,2,4,1,2,3.0,2.0,2.0,3,4,10.672414617486336,0,False,False,True,False,True,False,False,False,False,True,False,False,False,True,False,False,False,False,False,False,True,False,False,False,False,True,0
31,29,3,2,25150,1.0,14,0,7.0,3,7,7,7,4.0,3.0,1.0,2,3,6.366089181286549,2,False,True,False,False,True,False,False,True,False,False,False,False,True,False,True,False,False,False,False,False,False,False,False,False,False,True,1
31,16,3,3,22790,3.0,12,1,8.0,3,6,0,2,4.0,4.0,3.0,3,3,10.097114734299517,2,False,False,True,False,True,False,False,True,False,False,False,False,True,False,False,False,False,False,False,False,False,True,False,False,True,False,0
36,16,1,2,105960,7.0,15,0,18.0,3,4,0,2,4.0,2.0,3.0,2,3,7.825021008403361,2,False,True,False,False,True,False,False,False,False,True,False,False,False,True,False,False,False,False,False,False,False,True,False,True,False,False,0
56,3,2,3,26910,6.0,16,1,36.0,6,7,7,7,4.0,2.0,3.0,3,3,8.004705459770115,1,False,False,True,False,False,True,False,False,False,True,False,False,True,False,False,False,False,False,True,False,False,False,False,False,False,True,0
20,11,3,2,93960,1.0,12,0,2.0,6,2,0,2,3.0,3.0,2.0,1,3,7.105422602089269,2,False,False,True,False,True,False,False,False,False,True,False,False,False,True,False,False,False,False,False,False,False,True,False,False,False,True,1
42,5,4,5,170460,7.0,11,0,10.0,3,4,0,3,4.0,1.0,4.0,2,3,7.506798185941043,2,True,False,False,False,True,False,False,False,False,True,False,False,False,True,False,False,False,False,False,False,False,True,False,False,True,False,0
58,9,2,1,21530,9.0,11,0,3.0,3,1,0,0,4.0,4.0,2.0,3,3,10.50040755919854,2,False,True,False,False,False,True,False,False,False,False,False,True,False,True,False,False,False,False,False,False,False,True,False,True,False,False,1
48,10,4,3,22700,2.0,14,3,23.0,2,2,2,2,3.0,4.0,3.0,3,3,7.076158564814815,2,False,True,False,False,False,True,False,False,True,False,False,False,True,False,False,False,False,True,False,False,False,False,False,False,True,False,0
37,7,2,1,20280,1.0,16,1,9.0,3,9,7,7,1.0,2.0,3.0,3,3,7.506805555555556,1,True,False,False,False,True,False,False,False,False,True,False,False,False,True,False,False,False,False,False,False,False,True,False,True,False,False,0
51,29,4,5,24510,3.0,17,0,10.0,2,4,0,3,4.0,4.0,3.0,2,3,6.725334933699132,2,False,False,True,False,True,False,False,True,False,False,False,False,True,False,False,False,False,False,True,False,False,False,False,False,True,False,0
34,1,3,1,62320,1.0,13,1,8.0,3,8,1,7,4.0,3.0,3.0,3,3,7.357590187590187,2,False,False,True,False,False,True,False,False,False,True,False,False,True,False,False,False,True,False,False,False,False,False,False,False,True,False,0
48,6,3,1,108540,2.0,14,1,14.0,6,9,6,7,2.0,4.0,3.0,3,3,6.771397093295827,1,False,False,True,False,True,False,False,False,False,True,False,False,False,True,False,False,True,False,False,False,False,False,False,False,True,False,0
39,6,1,2,51750,4.0,17,1,9.0,2,2,2,2,2.0,2.0,3.0,4,3,7.125110867446394,2,False,False,True,False,False,True,False,False,False,False,False,True,True,False,False,False,True,False,False,False,False,False,False,False,False,True,0
32,9,3,2,191900,3.0,17,1,8.0,2,4,0,3,1.0,3.0,3.0,3,3,10.220872340425531,2,False,True,False,False,True,False,False,True,False,False,False,False,False,True,False,False,True,False,False,False,False,False,False,False,False,True,1
36,1,1,1,132470,1.0,14,0,15.0,3,15,11,11,4.0,4.0,2.0,3,3,7.69374655647383,1,True,False,False,False,False,True,False,False,False,True,False,False,True,False,False,True,False,False,False,False,False,False,False,True,False,False,0
22,1,3,4,49680,1.0,14,0,1.0,3,1,0,0,3.0,1.0,3.0,3,3,8.890420081967212,2,False,False,True,False,True,False,False,False,False,False,True,False,False,True,False,False,False,False,False,False,True,False,False,False,True,False,1
44,8,2,1,135030,2.0,12,0,9.0,6,5,1,4,1.0,3.0,3.0,2,3,6.108189257722452,2,True,False,False,False,True,False,False,True,False,False,False,False,False,True,False,False,False,False,False,False,True,False,False,False,False,True,0
33,1,3,2,21760,1.0,14,1,6.0,2,6,1,2,3.0,2.0,3.0,2,3,8.975154958677686,2,False,True,False,False,False,True,False,False,True,False,False,False,False,True,False,True,False,False,False,False,False,False,False,False,True,False,0
39,12,1,1,99910,1.0,16,1,8.0,3,8,0,7,3.0,3.0,3.0,3,3,7.065051139005114,2,False,True,False,False,True,False,False,False,False,True,False,False,False,True,False,False,False,False,False,False,True,False,False,False,True,False,0
28,23,3,3,46010,0.0,15,2,6.0,2,5,0,0,2.0,1.0,2.0,3,3,7.414982419127989,2,False,False,True,False,True,False,False,True,False,False,False,False,False,True,False,False,False,False,True,False,False,False,False,True,False,False,0
47,6,4,2,63470,1.0,14,0,26.0,2,26,3,0,3.0,4.0,2.0,4,3,9.466814892623717,1,False,False,True,False,True,False,False,False,False,False,True,False,False,True,False,False,False,True,False,False,False,False,False,False,True,False,0
22,1,3,4,49680,1.0,14,0,1.0,3,1,0,0,3.0,1.0,3.0,3,3,8.877802926383174,2,False,False,True,False,True,False,False,False,False,False,True,False,False,True,False,False,False,False,False,False,True,False,False,False,True,False,1
23,6,4,3,103220,1.0,14,2,3.0,2,3,1,2,3.0,2.0,1.0,3,3,6.006363636363636,2,False,False,True,False,False,True,False,True,False,False,False,False,False,True,False,False,False,False,True,False,False,False,False,False,False,True,0
39,6,1,2,51750,4.0,17,1,9.0,2,2,2,2,2.0,2.0,3.0,4,3,7.12839598108747,2,False,False,True,False,False,True,False,False,False,False,False,True,True,False,False,False,True,False,False,False,False,False,False,False,False,True,0
37,1,4,2,133480,7.0,14,0,8.0,4,6,0,4,4.0,4.0,2.0,3,3,6.001112288135593,2,False,False,True,False,False,True,False,True,False,False,False,False,False,True,True,False,False,False,False,False,False,False,False,True,False,False,0
33,1,3,2,21760,1.0,14,1,6.0,2,6,1,2,3.0,2.0,3.0,2,3,8.981857999077915,2,False,True,False,False,False,True,False,False,True,False,False,False,False,True,False,True,False,False,False,False,False,False,False,False,True,False,0
55,23,1,5,23420,5.0,11,2,8.0,2,4,1,2,1.0,2.0,3.0,3,3,7.686730955846676,2,False,False,True,False,True,False,False,True,False,False,False,False,False,True,False,False,True,False,False,False,False,False,False,True,False,False,0
50,4,2,2,167990,7.0,14,1,12.0,2,6,0,1,2.0,3.0,3.0,2,3,7.196671394799055,2,False,True,False,False,False,True,False,True,False,False,False,False,True,False,False,False,True,False,False,False,False,False,False,True,False,False,1
31,25,2,3,182130,8.0,21,2,4.0,3,2,2,2,1.0,3.0,2.0,4,4,6.801304143126177,0,False,False,True,False,False,True,False,True,False,False,False,False,True,False,False,False,False,False,True,False,False,False,False,True,False,False,0
41,1,1,3,25150,0.0,18,0,23.0,2,22,13,5,3.0,3.0,4.0,2,3,10.283835425383542,1,False,False,True,False,True,False,False,False,False,False,False,True,False,True,False,False,True,False,False,False,False,False,False,True,False,False,0
42,5,4,1,60290,3.0,17,1,10.0,5,3,0,2,4.0,1.0,3.0,3,3,8.52227709190672,2,False,False,True,False,True,False,False,False,False,True,False,False,True,False,False,False,False,False,False,False,True,False,False,False,False,True,0
21,1,2,5,27910,1.0,14,0,1.0,3,1,1,0,2.0,2.0,3.0,4,3,7.487674940898344,2,False,False,True,False,False,True,False,False,True,False,False,False,False,True,True,False,False,False,False,False,False,False,False,False,False,True,1
54,10,3,4,37610,3.0,12,0,26.0,3,14,1,12,2.0,4.0,3.0,2,3,7.000416666666667,1,False,True,False,False,False,True,False,True,False,False,False,False,True,False,False,False,False,False,False,False,True,False,False,True,False,False,0
48,1,4,1,21770,4.0,18,0,13.0,4,0,0,0,4.0,3.0,2.0,3,3,6.698963272896327,2,False,False,True,False,True,False,False,False,False,True,False,False,False,True,False,False,False,False,False,False,True,False,False,False,True,False,0
30,1,2,3,102210,0.0,19,1,6.0,2,5,1,3,3.0,3.0,4.0,3,3,6.101496786042241,2,False,False,True,False,True,False,False,True,False,False,False,False,False,True,False,False,False,False,False,False,False,True,False,True,False,False,0
50,2,2,3,43770,5.0,12,1,19.0,2,14,1,11,4.0,1.0,3.0,2,3,7.7877777777777775,1,False,False,True,False,True,False,False,False,False,True,False,False,False,True,False,False,False,False,False,False,False,True,False,True,False,False,0
33,1,3,5,12230,1.0,13,1,10.0,3,10,0,9,2.0,3.0,2.0,3,3,6.405410575048733,2,False,False,True,False,False,True,False,True,False,False,False,False,True,False,False,False,False,False,False,False,False,True,False,False,False,True,0
29,1,3,3,42840,4.0,11,0,10.0,5,4,0,3,4.0,2.0,3.0,2,3,9.820634578544064,2,False,False,True,False,True,False,False,False,False,True,False,False,False,True,False,False,False,False,False,False,False,True,False,False,True,False,0
55,14,4,1,55380,0.0,17,0,37.0,2,36,4,13,4.0,1.0,3.0,3,3,9.301409509946629,1,False,False,True,False,True,False,False,True,False,False,False,False,True,False,False,False,False,False,False,False,False,True,False,False,False,True,0
60,2,2,2,25640,0.0,14,1,12.0,3,11,1,9,2.0,4.0,3.0,3,3,8.602125850340135,1,False,False,True,False,False,True,False,True,False,False,False,False,False,True,False,False,False,False,False,False,False,True,False,True,False,False,0
43,3,4,1,24080,1.0,12,1,25.0,3,25,4,12,3.0,4.0,4.0,3,3,8.667025273224043,1,False,True,False,False,True,False,False,True,False,False,False,False,False,True,False,False,False,False,False,False,False,True,False,False,True,False,0
30,29,3,1,25460,1.0,14,1,10.0,2,10,8,9,3.0,3.0,2.0,3,3,5.99736409155937,1,False,False,True,False,False,True,False,False,True,False,False,False,False,True,False,False,False,False,False,False,False,True,False,True,False,False,0
42,23,4,1,23730,6.0,14,1,21.0,3,1,0,0,4.0,3.0,3.0,4,3,8.030177875243666,2,False,False,True,False,True,False,False,False,False,False,True,False,False,True,False,False,False,False,False,False,True,False,False,False,True,False,0
31,4,1,3,96100,0.0,11,1,6.0,2,5,1,4,3.0,3.0,3.0,2,3,5.996345410628019,2,True,False,False,False,False,True,False,False,False,True,False,False,True,False,False,False,False,False,False,False,True,False,False,False,True,False,0
36,25,3,2,55050,4.0,21,2,13.0,3,8,7,2,4.0,2.0,2.0,3,4,7.428980696798494,0,False,True,False,False,False,True,False,False,True,False,False,False,True,False,False,False,False,False,False,True,False,False,False,False,False,True,0
37,7,2,1,20110,5.0,13,0,16.0,4,5,0,4,4.0,1.0,3.0,4,3,8.72363482384824,2,False,False,True,False,True,False,False,False,False,True,False,False,False,True,False,False,False,False,True,False,False,False,False,False,True,False,0
50,17,3,1,173280,4.0,15,2,20.0,1,3,2,0,4.0,1.0,3.0,3,3,9.596655982905984,2,False,False,True,False,True,False,False,False,False,True,False,False,False,True,False,False,False,False,False,False,True,False,False,True,False,False,1
22,2,2,2,195450,0.0,14,0,3.0,3,2,2,2,1.0,3.0,3.0,2,3,5.9946639980591945,2,False,False,True,False,True,False,False,False,False,True,False,False,True,False,False,False,True,False,False,False,False,False,False,False,True,False,0
27,2,3,5,45410,1.0,14,2,9.0,4,9,5,8,2.0,3.0,3.0,4,3,7.0824721009218825,2,False,False,True,False,False,True,False,True,False,False,False,False,True,False,False,False,False,False,False,False,True,False,False,False,True,False,0
32,7,2,2,32980,8.0,22,0,6.0,4,4,1,2,4.0,3.0,3.0,2,4,6.009575650118203,0,True,False,False,False,True,False,False,True,False,False,False,False,True,False,False,False,False,False,False,True,False,False,False,False,True,False,1
47,2,2,5,31960,4.0,14,1,7.0,3,2,2,0,2.0,3.0,3.0,2,3,6.104896723646724,2,False,False,True,False,False,True,False,True,False,False,False,False,True,False,False,False,False,True,False,False,False,False,False,False,False,True,0
31,16,4,2,28040,0.0,19,2,3.0,0,2,2,2,3.0,4.0,1.0,3,3,8.615947441217152,2,False,False,True,False,False,True,False,False,True,False,False,False,True,False,False,False,False,False,False,False,True,False,False,True,False,False,0
40,21,3,3,197170,1.0,21,0,10.0,1,10,9,4,4.0,3.0,4.0,2,4,7.8108961352657,0,False,True,False,False,True,False,False,False,False,True,False,False,True,False,False,False,False,False,False,False,True,False,False,False,True,False,0
36,23,3,3,21320,4.0,20,0,9.0,1,3,0,2,2.0,1.0,3.0,2,4,7.887590605627087,0,False,False,True,False,True,False,False,True,False,False,False,False,True,False,False,False,False,False,False,False,False,True,False,False,True,False,0
32,21,3,1,44500,0.0,13,0,4.0,3,3,0,2,4.0,4.0,3.0,3,3,7.89870778267254,2,True,False,False,False,True,False,False,True,False,False,False,False,False,True,False,False,False,False,False,False,False,True,False,True,False,False,0
40,1,4,2,30680,3.0,19,0,20.0,3,1,0,1,3.0,1.0,3.0,2,3,6.880860065086006,2,True,False,False,False,True,False,False,False,False,False,False,True,True,False,False,False,True,False,False,False,False,False,False,True,False,False,0
40,1,4,1,48690,4.0,12,0,14.0,2,11,11,1,1.0,4.0,3.0,3,3,7.902443522360534,1,False,False,True,False,False,True,False,False,True,False,False,False,False,True,False,False,False,False,False,False,False,True,False,False,True,False,0
31,1,3,1,121850,3.0,14,0,13.0,2,7,5,2,2.0,3.0,4.0,3,3,6.079077916090364,2,False,False,True,False,False,True,False,True,False,False,False,False,True,False,False,False,False,False,False,False,False,False,True,False,True,False,0
29,26,1,1,22180,1.0,24,1,10.0,1,10,0,8,2.0,4.0,3.0,3,4,7.468521241830065,0,False,False,True,False,True,False,False,True,False,False,False,False,False,True,False,False,True,False,False,False,False,False,False,False,True,False,0
19,8,2,2,159720,1.0,21,0,1.0,2,1,1,0,2.0,4.0,2.0,3,4,7.216332846003899,0,False,False,True,False,True,False,False,True,False,False,False,False,False,True,False,False,False,False,False,False,False,True,False,False,False,True,1
32,7,3,2,24720,7.0,13,0,10.0,2,7,0,7,1.0,4.0,2.0,3,3,7.51614507520621,2,False,False,True,False,True,False,False,False,False,False,False,True,False,True,True,False,False,False,False,False,False,False,False,False,False,True,0
55,9,3,2,119160,4.0,15,1,35.0,3,10,1,4,3.0,2.0,3.0,2,3,8.237924285044539,1,False,False,True,False,False,True,False,False,True,False,False,False,False,True,False,False,True,False,False,False,False,False,False,False,True,False,0
30,4,3,1,21210,1.0,13,1,6.0,2,6,1,1,2.0,2.0,2.0,3,3,6.612596200096201,2,False,False,True,False,True,False,False,False,False,True,False,False,True,False,False,False,False,False,False,True,False,False,False,False,True,False,0
51,20,3,2,148140,2.0,11,1,14.0,2,4,3,2,2.0,2.0,3.0,2,3,7.1118498301795245,2,False,True,False,False,True,False,False,False,False,True,False,False,False,True,False,False,False,False,False,False,False,True,False,False,True,False,0
37,24,3,1,137580,1.0,11,1,10.0,5,10,0,8,4.0,1.0,1.0,3,3,6.195063185503099,2,False,False,True,False,True,False,False,True,False,False,False,False,False,True,False,False,True,False,False,False,False,False,False,False,False,True,1
30,3,3,2,59680,1.0,13,0,1.0,3,1,0,0,3.0,2.0,3.0,3,3,6.898669082125603,2,False,False,True,False,True,False,False,True,False,False,False,False,True,False,False,False,False,True,False,False,False,False,False,False,True,False,0
26,28,3,5,51510,1.0,15,3,8.0,3,8,7,7,3.0,3.0,3.0,3,3,5.976393617021276,2,False,False,True,False,False,True,False,False,False,True,False,False,True,False,False,False,True,False,False,False,False,False,False,False,True,False,0
46,19,4,1,41080,2.0,14,0,19.0,5,10,0,8,3.0,3.0,2.0,2,3,7.580708568738229,1,False,False,True,False,False,True,False,False,True,False,False,False,True,False,False,False,False,False,False,False,False,True,False,True,False,False,0
45,18,1,2,58110,0.0,14,0,25.0,4,24,1,7,3.0,4.0,3.0,2,3,6.942974137931034,1,False,False,True,False,True,False,False,True,False,False,False,False,True,False,False,False,False,False,False,False,False,False,True,False,True,False,0
18,7,3,1,38120,1.0,15,0,0.0,3,0,0,0,4.0,3.0,3.0,3,3,6.9920576563958905,2,False,False,True,False,False,True,False,True,False,False,False,False,False,True,False,False,False,False,False,False,True,False,False,False,False,True,0
43,25,4,2,22200,1.0,11,0,10.0,2,10,8,8,4.0,4.0,3.0,1,3,8.106120857699805,1,False,False,True,False,True,False,False,True,False,False,False,False,False,True,False,False,False,False,False,False,False,True,False,False,True,False,0
40,14,4,1,33480,3.0,22,0,7.0,2,4,0,3,2.0,2.0,3.0,1,4,6.106740984405459,0,False,False,True,False,True,False,False,False,False,True,False,False,True,False,False,False,False,False,False,False,True,False,False,False,True,False,0
38,9,2,3,23720,4.0,12,0,20.0,3,1,0,0,1.0,1.0,2.0,2,3,7.180157882241216,2,False,False,True,False,True,False,False,False,False,False,False,True,False,True,False,False,False,False,False,False,False,False,True,False,False,True,0
22,7,3,2,37850,5.0,13,2,4.0,2,2,1,2,3.0,3.0,3.0,3,3,6.447918439716312,2,False,True,False,False,True,False,False,False,False,True,False,False,True,False,False,False,True,False,False,False,False,False,False,False,False,True,1
55,2,3,2,74410,3.0,12,1,24.0,4,1,1,0,1.0,4.0,3.0,3,3,6.709723389355742,2,False,False,True,False,True,False,False,True,False,False,False,False,True,False,False,False,True,False,False,False,False,False,False,False,True,False,0
32,2,3,5,30380,1.0,11,0,10.0,5,10,0,8,4.0,4.0,2.0,1,3,7.892434573002754,2,False,False,True,False,True,False,False,True,False,False,False,False,False,True,False,False,False,False,False,False,True,False,False,False,False,True,0
50,27,3,2,33100,4.0,22,1,8.0,3,1,0,0,1.0,4.0,3.0,4,4,6.232089218455744,0,False,False,True,False,False,True,False,False,False,True,False,False,False,True,False,False,False,False,False,False,False,True,False,False,True,False,0
43,10,2,1,46170,1.0,11,0,25.0,2,25,3,9,1.0,2.0,3.0,3,3,7.428755319148935,1,False,False,True,False,False,True,False,True,False,False,False,False,True,False,False,False,False,False,False,False,False,True,False,True,False,False,0
43,25,4,2,22200,1.0,11,0,10.0,2,10,8,8,4.0,4.0,3.0,1,3,8.078224586288416,1,False,False,True,False,True,False,False,True,False,False,False,False,False,True,False,False,False,False,False,False,False,True,False,False,True,False,0
45,1,4,1,29420,1.0,22,1,21.0,4,21,8,6,4.0,2.0,3.0,3,4,6.625135233918129,1,False,False,True,False,True,False,False,True,False,False,False,False,False,True,False,False,False,False,False,True,False,False,False,False,False,True,0
53,2,1,5,31620,4.0,15,0,26.0,4,14,4,8,3.0,3.0,2.0,3,3,7.499900875979714,1,False,False,True,False,False,True,False,True,False,False,False,False,False,True,False,True,False,False,False,False,False,False,False,True,False,False,0
35,5,4,3,48980,2.0,15,2,10.0,2,4,2,3,3.0,1.0,3.0,3,3,9.484306742640076,2,True,False,False,False,True,False,False,False,False,False,False,True,True,False,False,False,False,False,True,False,False,False,False,False,True,False,0
37,2,2,1,54050,7.0,15,0,8.0,3,6,1,3,3.0,3.0,3.0,4,3,10.39074152542373,2,False,False,True,False,True,False,False,False,False,True,False,False,True,False,True,False,False,False,False,False,False,False,False,False,True,False,0
53,7,1,2,28590,3.0,18,1,32.0,2,5,1,3,3.0,3.0,3.0,3,3,6.812551263710062,1,False,False,True,False,True,False,False,True,False,False,False,False,False,True,False,False,True,False,False,False,False,False,False,False,True,False,0
55,27,3,2,48590,1.0,24,1,34.0,3,33,15,0,4.0,2.0,3.0,4,4,9.58409155937053,1,True,False,False,False,True,False,False,True,False,False,False,False,True,False,False,False,False,True,False,False,False,False,False,True,False,False,0
41,24,1,1,26610,7.0,14,1,22.0,2,18,11,8,2.0,1.0,3.0,3,3,7.706279637377963,1,False,False,True,False,True,False,False,True,False,False,False,False,False,True,False,False,False,False,False,True,False,False,False,False,True,False,0
42,7,4,2,57140,5.0,11,0,10.0,2,0,0,0,2.0,1.0,2.0,3,3,6.610516366989396,2,False,False,True,False,True,False,False,False,False,False,True,False,True,False,False,False,True,False,False,False,False,False,False,False,True,False,0
54,9,2,2,29830,7.0,14,1,33.0,2,5,1,4,4.0,3.0,1.0,2,3,6.28115243342516,1,False,True,False,False,True,False,False,False,False,True,False,False,False,True,False,False,False,False,False,False,False,False,True,True,False,False,0
46,2,1,3,49410,9.0,13,2,23.0,2,2,2,2,4.0,4.0,3.0,2,3,7.385222681359045,2,False,False,True,False,True,False,False,False,False,True,False,False,True,False,False,False,False,False,False,False,True,False,False,True,False,False,0
26,22,4,1,20240,1.0,23,0,8.0,2,8,1,7,3.0,3.0,3.0,3,4,7.998314009661836,0,False,True,False,False,True,False,False,False,False,False,True,False,True,False,False,False,False,False,False,False,False,True,False,False,True,False,1
22,16,5,1,29910,1.0,19,2,2.0,3,2,1,2,1.0,2.0,3.0,2,3,6.301039649608114,2,False,False,True,False,True,False,False,False,False,False,True,False,False,True,False,False,False,False,False,False,True,False,False,False,True,False,0
37,17,3,3,20640,4.0,16,0,8.0,3,1,0,0,2.0,2.0,3.0,2,3,6.091138032305434,2,False,False,True,False,True,False,False,True,False,False,False,False,True,False,False,False,False,False,False,False,False,True,False,False,True,False,0
33,9,2,4,29090,2.0,11,0,10.0,2,5,1,3,3.0,1.0,3.0,2,3,6.599109929078015,2,False,True,False,False,False,True,False,False,True,False,False,False,False,True,False,True,False,False,False,False,False,False,False,False,True,False,0
24,1,5,1,81890,1.0,14,1,1.0,3,1,0,0,3.0,2.0,3.0,3,3,6.8139005602240905,2,True,False,False,False,False,True,False,False,True,False,False,False,True,False,False,False,False,False,True,False,False,False,False,True,False,False,0
34,18,1,1,27030,1.0,21,1,9.0,2,8,7,7,4.0,2.0,4.0,3,4,6.781759661835748,0,False,False,True,False,True,False,False,False,False,True,False,False,False,True,True,False,False,False,False,False,False,False,False,False,False,True,0
31,8,5,5,131200,1.0,12,2,13.0,6,12,5,7,1.0,4.0,3.0,2,3,7.295628072763028,1,False,False,True,False,True,False,False,True,False,False,False,False,False,True,False,False,False,False,False,False,False,True,False,False,True,False,0
32,3,2,3,53630,1.0,13,0,6.0,4,6,4,1,3.0,2.0,3.0,3,3,7.001826878745966,2,False,False,True,False,True,False,False,False,False,False,False,True,False,True,False,False,False,False,True,False,False,False,False,False,False,True,0
36,9,3,2,24360,4.0,13,0,16.0,3,11,3,9,3.0,3.0,3.0,1,3,7.097545913682278,1,False,False,True,False,True,False,False,True,False,False,False,False,True,False,True,False,False,False,False,False,False,False,False,False,False,True,0
49,4,2,2,108450,3.0,24,0,27.0,4,4,1,2,1.0,2.0,3.0,2,4,7.813417257683215,0,False,False,True,False,False,True,False,True,False,False,False,False,False,True,False,False,False,False,False,True,False,False,False,False,True,False,0
37,20,5,2,68040,4.0,13,1,8.0,1,3,0,2,1.0,3.0,3.0,3,3,7.522206521739131,2,False,False,True,False,True,False,False,True,False,False,False,False,False,True,False,False,False,True,False,False,False,False,False,False,False,True,0
24,28,4,3,28860,1.0,19,1,1.0,5,1,0,0,4.0,2.0,1.0,3,3,6.56247552618698,2,False,False,True,True,False,False,True,False,False,False,False,False,False,True,False,False,False,False,True,False,False,False,False,False,True,False,1
33,7,2,2,37370,8.0,22,2,8.0,2,5,0,2,1.0,2.0,3.0,3,4,7.898539389799635,0,False,False,True,False,True,False,False,True,False,False,False,False,False,True,False,False,False,False,False,False,True,False,False,False,True,False,0
28,11,2,2,58130,2.0,20,1,5.0,2,0,0,0,1.0,3.0,1.0,3,4,6.895297787193973,0,False,False,True,False,True,False,False,False,False,True,False,False,False,True,False,False,False,False,False,False,False,True,False,False,False,True,1
36,1,3,2,28380,1.0,19,2,5.0,5,5,0,2,1.0,2.0,3.0,1,3,7.101659779614326,2,True,False,False,False,True,False,False,True,False,False,False,False,False,True,False,False,False,False,False,False,True,False,False,False,True,False,0
